,,,,,,,,,,2016 TEXAS WATER SAFARI SPLITS,,,,,,,,,,,,,,,,,,,,,,,,,,,,,,,,,,,,,,,
,,,,,,,,,,,,,,,,,,,,,,,,,,,,,,,,,,,,,,,,,,,,,,,,,
,,,,,,,,,,Legend,,,,,,,,,,,,,,,,,,,,,,,,,,,,,,,,,,,,,,,
,,,,,,,,,, ,,13:59:00,,Time Out,,,,,,,,,,,,,,,,,,,,,,,,,,,,,,,,,,,
,,,,,,,,Split Plcemnt,,,1,2:47:00,,Split Time,,,,,,,,,,,,,,,,,,,,,,,,,,,,,,,,,,,
,,,,,,,,Overall Plcemnt,,,1,4:59:00,,Overall Time,,,,,,,,,,,,,,,,,,,,,,,,,,,,,,,,,,,
Overall Place,Recognition,Team Members,Boat #,,Staples,,Luling 90,,Palmetto,,Gonzales,,Hochheim,,Cuero 766,,Cuero 236,,Victoria,,Dupont,,Saltwater Barrier,,Seadrift,,,,,,,,,,,,,,,,,,,,,,,,
1,1st Overall,"Kyle Mynar
Logan Mynar
Fred Mynar
Tommy Yonley
Phil Bowden
Jason Cade
TC - Joe Mynar
TC - Scott Goynes",1,9:00, ,11:04:00, ,13:44:00, ,16:14:00, ,19:22:00, ,23:24:00, ,2:15:00, ,3:50:00, ,8:12:00, ,11:55:00, ,14:11:00, ,16:33:00,,,,,,,,,,,,,,,,,,,,,,,
,,,,,1,2:04:00,1,2:40:00,2,2:30:00,1,3:08:00,1,4:02:00,2,2:51:00,2,1:35:00,1,4:22:00,1,3:43:00,1,2:16:00,3,2:22:00,,,,,,,,,,,,,,,,,,,,,,,
,,,,,1,2:04:00,1,4:44:00,1,7:14:00,1,10:22:00,1,14:24:00,1,17:15:00,2,18:50:00,1,23:12:00,1,26:55:00,1,29:11:00,1,31:33:00,,,,,,,,,,,,,,,,,,,,,,,
,,,,,,,,,,,,,,,,,,,,,,,,,,,,,,,,,,,,,,,,,,,,,,,,,
2,2nd Unlimited,"Chris Issendorf
Wade Binion
Clay Wyatt
Gaston Jones
Ian Rolls
Andrew Condie
TC - Jill Wyatt
TC - Jay Condie",150,9:00, ,11:04:00, ,13:45:00, ,16:14:00, ,19:23:00, ,23:26:00, ,2:16:00, ,3:48:00, ,8:16:00, ,12:05:00, ,14:27:00, ,16:55:00,,,,,,,,,,,,,,,,,,,,,,,
,,,,,1,2:04:00,2,2:41:00,1,2:29:00,2,3:09:00,2,4:03:00,1,2:50:00,1,1:32:00,2,4:28:00,2,3:49:00,2,2:22:00,4,2:28:00,,,,,,,,,,,,,,,,,,,,,,,
,,,,,1,2:04:00,2,4:45:00,1,7:14:00,2,10:23:00,2,14:26:00,2,17:16:00,1,18:48:00,2,23:16:00,2,27:05:00,2,29:27:00,2,31:55:00,,,,,,,,,,,,,,,,,,,,,,,
,,,,,,,,,,,,,,,,,,,,,,,,,,,,,,,,,,,,,,,,,,,,,,,,,
3,"3rd Unlimited
1st Masters","Amy Boyd
Bobby Smart
Debbie Richardson
Jeff Wueste
TC - Becky Haluska
TC - Sheila Torres-Blank",444,9:00, ,11:27:00, ,14:35:00, ,17:35:00, ,21:15:00, ,2:20:00, ,5:38:00, ,7:26:00, ,12:27:00, ,17:17:00, ,20:24:00, ,0:02:00,,,,,,,,,,,,,,,,,,,,,,,
,,,,,5,2:27:00,5,3:08:00,4,3:00:00,3,3:40:00,8,5:05:00,4,3:18:00,3,1:48:00,3,5:01:00,7,4:50:00,6,3:07:00,32,3:38:00,,,,,,,,,,,,,,,,,,,,,,,
,,,,,5,2:27:00,4,5:35:00,5,8:35:00,3,12:15:00,4,17:20:00,3,20:38:00,3,22:26:00,3,27:27:00,3,32:17:00,3,35:24:00,3,39:02:00,,,,,,,,,,,,,,,,,,,,,,,
,,,,,,,,,,,,,,,,,,,,,,,,,,,,,,,,,,,,,,,,,,,,,,,,,
4,1st Tandem Unlimited,"Brian Jones
Nathan Tart
TC - Dwight Tart
TC - Kate Tart",512,9:00, ,11:24:00, ,14:31:00, ,17:31:00, ,21:23:00, ,2:13:00, ,5:38:00, ,7:30:00, ,12:40:00, ,17:23:00, ,20:29:00, ,0:03:00,,,,,,,,,,,,,,,,,,,,,,,
,,,,,3,2:24:00,3,3:07:00,4,3:00:00,4,3:52:00,3,4:50:00,7,3:25:00,4,1:52:00,4,5:10:00,4,4:43:00,5,3:06:00,29,3:34:00,,,,,,,,,,,,,,,,,,,,,,,
,,,,,3,2:24:00,3,5:31:00,3,8:31:00,4,12:23:00,3,17:13:00,3,20:38:00,4,22:30:00,4,27:40:00,4,32:23:00,4,35:29:00,4,39:03:00,,,,,,,,,,,,,,,,,,,,,,,
,,,,,,,,,,,,,,,,,,,,,,,,,,,,,,,,,,,,,,,,,,,,,,,,,
5,4th Unlimited,"Bill Stafford
Chris Champion
John DuPont
John Mark Harras
Willie Martin
JT VanZandt
TC - Jim Champion
TC - Jason Jones",807,9:00, ,11:25:00, ,14:40:00, ,17:41:00, ,21:33:00, ,2:27:00, ,5:54:00, ,7:47:00, ,13:02:00, ,17:49:00, ,20:49:00, ,0:11:00,,,,,,,,,,,,,,,,,,,,,,,
,,,,,4,2:25:00,8,3:15:00,8,3:01:00,4,3:52:00,4,4:54:00,8,3:27:00,5,1:53:00,5,5:15:00,6,4:47:00,4,3:00:00,24,3:22:00,,,,,,,,,,,,,,,,,,,,,,,
,,,,,4,2:25:00,7,5:40:00,7,8:41:00,6,12:33:00,6,17:27:00,6,20:54:00,6,22:47:00,5,28:02:00,5,32:49:00,5,35:49:00,5,39:11:00,,,,,,,,,,,,,,,,,,,,,,,
,,,,,,,,,,,,,,,,,,,,,,,,,,,,,,,,,,,,,,,,,,,,,,,,,
6,1st Solo Unlimited,"Brandon Stafford
TC - Joseph Bitterly
TC - Heather Stafford",97,9:00, ,11:34:00, ,14:49:00, ,17:49:00, ,21:54:00, ,3:02:00, ,6:30:00, ,8:25, ,13:51:00, ,18:25:00, ,21:06:00, ,0:22:00,,,,,,,,,,,,,,,,,,,,,,,
,,,,,8,2:34:00,9,3:15:00,6,3:00:00,12,4:05:00,10,5:08:00,9,3:28:00,7,1:55:00,6,5:26:00,3,4:34:00,3,2:41:00,20,3:16:00,,,,,,,,,,,,,,,,,,,,,,,
,,,,,8,2:34:00,8,5:49:00,8,8:49:00,8,12:54:00,8,18:02:00,9,21:30:00,8,23:25:00,8,28:51:00,7,33:25:00,6,36:06:00,6,39:22:00,,,,,,,,,,,,,,,,,,,,,,,
,,,,,,,,,,,,,,,,,,,,,,,,,,,,,,,,,,,,,,,,,,,,,,,,,
7,1st Womens Solo -Record,"Virginia Condie
TC - Shannon Issendorf
TC - Wes Wyatt",1216,9:00, ,11:41:00, ,14:56:00, ,18:01:00, ,22:05:00, ,3:07:00, ,6:31:00, ,8:26:00, ,13:52:00, ,18:37:00, ,22:05:00, ,1:17:00,,,,,,,,,,,,,,,,,,,,,,,
,,,,,15,2:41:00,9,3:15:00,11,3:05:00,10,4:04:00,6,5:02:00,6,3:24:00,9,1:55:00,7,5:26:00,5,4:45:00,7,3:28:00,16,3:12:00,,,,,,,,,,,,,,,,,,,,,,,
,,,,,15,2:41:00,11,5:56:00,11,9:01:00,11,13:05:00,10,18:07:00,10,21:31:00,9,23:26:00,9,28:52:00,8,33:37:00,7,37:05:00,7,40:17:00,,,,,,,,,,,,,,,,,,,,,,,
,,,,,,,,,,,,,,,,,,,,,,,,,,,,,,,,,,,,,,,,,,,,,,,,,
8,1st Womens Team,"Morgan Kohut
Kaitlin Jiral
TC - Gary Kohut
TC - Andre Pellerin",2,9:00, ,12:09:00, ,15:18:00, ,18:19:00, ,22:21:00, ,3:30:00, ,7:07:00, ,9:02:00, ,14:37:00, ,19:28:00, ,23:57:00, ,3:10:00,,,,,,,,,,,,,,,,,,,,,,,
,,,,,47,3:09:00,7,3:09:00,7,3:01:00,8,4:02:00,11,5:09:00,12,3:37:00,7,1:55:00,11,5:35:00,8,4:51:00,20,4:29:00,17,3:13:00,,,,,,,,,,,,,,,,,,,,,,,
,,,,,47,3:09:00,20,6:18:00,16,9:19:00,13,13:21:00,12,18:30:00,12,22:07:00,11,24:02:00,11,29:37:00,10,34:28:00,8,38:57:00,8,42:10:00,,,,,,,,,,,,,,,,,,,,,,,
,,,,,,,,,,,,,,,,,,,,,,,,,,,,,,,,,,,,,,,,,,,,,,,,,
9,1st Aluminum,"Roy Tyrone
Gabe Haarsma
TC - David Hefner",4,9:00, ,11:41:00, ,15:01:00, ,18:13:00, ,22:23:00, ,3:42:00, ,7:21:00, ,9:30:00, ,15:27:00, ,20:27:00, ,0:14:00, ,3:23:00,,,,,,,,,,,,,,,,,,,,,,,
,,,,,15,2:41:00,16,3:20:00,15,3:12:00,14,4:10:00,14,5:19:00,14,3:39:00,15,2:09:00,13,5:57:00,11,5:00:00,11,3:47:00,14,3:09:00,,,,,,,,,,,,,,,,,,,,,,,
,,,,,15,2:41:00,15,6:01:00,14,9:13:00,14,13:23:00,14,18:42:00,13,22:21:00,14,24:30:00,14,30:27:00,12,35:27:00,9,39:14:00,9,42:23:00,,,,,,,,,,,,,,,,,,,,,,,
,,,,,,,,,,,,,,,,,,,,,,,,,,,,,,,,,,,,,,,,,,,,,,,,,
10,5th Unlimited,"Charlie Stewart
Chris Paddack
Jeannette Burris
John Qualls
John Hoffart
Mike Dey
TC - Kayla Taylor
TC - Courtney Belk",324,9:00, ,11:40:00, ,14:57:00, ,18:34:00, ,23:05:00, ,4:19:00, ,7:50:00, ,9:49:00, ,15:23:00, ,20:35:00, ,0:56:00, ,3:48:00,,,,,,,,,,,,,,,,,,,,,,,
,,,,,14,2:40:00,11,3:17:00,36,3:37:00,19,4:31:00,12,5:14:00,11,3:31:00,12,1:59:00,10,5:34:00,15,5:12:00,18,4:21:00,9,2:52:00,,,,,,,,,,,,,,,,,,,,,,,
,,,,,14,2:40:00,13,5:57:00,20,9:34:00,20,14:05:00,18,19:19:00,15,22:50:00,15,24:49:00,13,30:23:00,14,35:35:00,10,39:56:00,10,42:48:00,,,,,,,,,,,,,,,,,,,,,,,
,,,,,,,,,,,,,,,,,,,,,,,,,,,,,,,,,,,,,,,,,,,,,,,,,
11,1st Standard,"Edoh Amiran
Liam Price
TC - Susan Price ",106,9:00, ,11:37:00, ,14:56:00, ,18:07:00, ,22:23:00, ,4:09:00, ,8:06:00, ,10:19:00, ,16:21:00, ,21:27:00, ,1:10:00, ,3:59:00,,,,,,,,,,,,,,,,,,,,,,,
,,,,,11,2:37:00,14,3:19:00,13,3:11:00,15,4:16:00,19,5:46:00,17,3:57:00,20,2:13:00,14,6:02:00,12,5:06:00,10,3:43:00,7,2:49:00,,,,,,,,,,,,,,,,,,,,,,,
,,,,,11,2:37:00,11,5:56:00,12,9:07:00,14,13:23:00,16,19:09:00,16,23:06:00,16,25:19:00,15,31:21:00,15,36:27:00,11,40:10:00,11,42:59:00,,,,,,,,,,,,,,,,,,,,,,,
,,,,,,,,,,,,,,,,,,,,,,,,,,,,,,,,,,,,,,,,,,,,,,,,,
12,6th Unlimited,"Jonathan Redfern
David Deleon
Karim Aziz
Jake Aziz
TC - Nancy Aziz
TC - Jwan Petitjean",824,9:00, ,11:28:00, ,14:36:00, ,17:39:00, ,21:33:00, ,2:38:00, ,6:06:00, ,8:03:00, ,13:31:00, ,18:22:00, ,2:14:00, ,5:10:00,,,,,,,,,,,,,,,,,,,,,,,
,,,,,6,2:28:00,4,3:08:00,9,3:03:00,7,3:54:00,8,5:05:00,9,3:28:00,10,1:57:00,9,5:28:00,10,4:51:00,66,7:52:00,11,2:56:00,,,,,,,,,,,,,,,,,,,,,,,
,,,,,6,2:28:00,5,5:36:00,6,8:39:00,6,12:33:00,7,17:38:00,7,21:06:00,7,23:03:00,7,28:31:00,6,33:22:00,15,41:14:00,12,44:10:00,,,,,,,,,,,,,,,,,,,,,,,
,,,,,,,,,,,,,,,,,,,,,,,,,,,,,,,,,,,,,,,,,,,,,,,,,
13,2nd Womens Team,"Cecili Bugge
Heather Harrison
Irene Moore
TC - Donna Bugge
TC - Kat Wilson",333,9:00, ,11:36:00, ,14:53:00, ,17:59:00, ,22:02:00, ,3:06:00, ,6:28:00, ,8:26:00, ,13:52:00, ,18:43:00, ,1:56:00, ,5:15:00,,,,,,,,,,,,,,,,,,,,,,,
,,,,,10,2:36:00,11,3:17:00,12,3:06:00,9,4:03:00,7,5:04:00,5,3:22:00,11,1:58:00,7,5:26:00,8,4:51:00,64,7:13:00,23,3:19:00,,,,,,,,,,,,,,,,,,,,,,,
,,,,,10,2:36:00,10,5:53:00,10,8:59:00,9,13:02:00,9,18:06:00,8,21:28:00,9,23:26:00,9,28:52:00,9,33:43:00,12,40:56:00,13,44:15:00,,,,,,,,,,,,,,,,,,,,,,,
,,,,,,,,,,,,,,,,,,,,,,,,,,,,,,,,,,,,,,,,,,,,,,,,,
14,1st USCA C2,"John Bugge
Veronica Sosa
TC - Jennifer Buggee
TC - David Coombs",370,9:00, ,11:44:00, ,15:08:00, ,18:21:00, ,22:44:00, ,4:08:00, ,8:12:00, ,10:22:00, ,16:37:00, ,21:53:00, ,2:49:00, ,5:31:00,,,,,,,,,,,,,,,,,,,,,,,
,,,,,19,2:44:00,18,3:24:00,16,3:13:00,17,4:23:00,15,5:24:00,20,4:04:00,19,2:10:00,16,6:15:00,17,5:16:00,35,4:56:00,6,2:42:00,,,,,,,,,,,,,,,,,,,,,,,
,,,,,19,2:44:00,18,6:08:00,17,9:21:00,17,13:44:00,15,19:08:00,18,23:12:00,17,25:22:00,16,31:37:00,16,36:53:00,16,41:49:00,14,44:31:00,,,,,,,,,,,,,,,,,,,,,,,
,,,,,,,,,,,,,,,,,,,,,,,,,,,,,,,,,,,,,,,,,,,,,,,,,
15,2nd Tandem Unlimited,"Tim Curry
Zach Peltier
TC - Trevor Hutton",1993,9:00, ,11:41:00, ,15:01:00, ,18:15:00, ,22:31:00, ,4:09:00, ,8:10:00, ,10:27:00, ,17:07:00, ,22:21:00, ,2:52:00, ,5:32:00,,,,,,,,,,,,,,,,,,,,,,,
,,,,,15,2:41:00,16,3:20:00,17,3:14:00,15,4:16:00,18,5:38:00,18,4:01:00,21,2:17:00,18,6:40:00,16,5:14:00,21,4:31:00,5,2:40:00,,,,,,,,,,,,,,,,,,,,,,,
,,,,,15,2:41:00,15,6:01:00,15,9:15:00,16,13:31:00,16,19:09:00,17,23:10:00,18,25:27:00,18,32:07:00,17,37:21:00,17,41:52:00,15,44:32:00,,,,,,,,,,,,,,,,,,,,,,,
,,,,,,,,,,,,,,,,,,,,,,,,,,,,,,,,,,,,,,,,,,,,,,,,,
16,3rd Tandem Unlimited,"Jay Daniel
Shawn Boyett
TC - Kristin Daniel
TC - Brandon Hartmann",95,9:00, ,11:29:00, ,14:38:00, ,17:31:00, ,21:24:00, ,2:23:00, ,5:38:00, ,7:32:00, ,13:23:00, ,19:37:00, ,2:02:00, ,5:38:00,,,,,,,,,,,,,,,,,,,,,,,
,,,,,7,2:29:00,6,3:09:00,3,2:53:00,6,3:53:00,5,4:59:00,3,3:15:00,6,1:54:00,12,5:51:00,27,6:14:00,55,6:25:00,31,3:36:00,,,,,,,,,,,,,,,,,,,,,,,
,,,,,7,2:29:00,6,5:38:00,3,8:31:00,5,12:24:00,5,17:23:00,3,20:38:00,5,22:32:00,6,28:23:00,11,34:37:00,13,41:02:00,16,44:38:00,,,,,,,,,,,,,,,,,,,,,,,
,,,,,,,,,,,,,,,,,,,,,,,,,,,,,,,,,,,,,,,,,,,,,,,,,
17,1st Mixed,"West Hansen
Melissa James
TC - Ginsie Stauss
TC - Barbara Edington",1901,9:00, ,11:38:00, ,14:57:00, ,18:08:00, ,22:12:00, ,3:27:00, ,7:04:00, ,9:03:00, ,15:09:00, ,20:32:00, ,2:12:00, ,5:44:00,,,,,,,,,,,,,,,,,,,,,,,
,,,,,13,2:38:00,14,3:19:00,13,3:11:00,10,4:04:00,13,5:15:00,12,3:37:00,13,1:59:00,15,6:06:00,18,5:23:00,46,5:40:00,28,3:32:00,,,,,,,,,,,,,,,,,,,,,,,
,,,,,13,2:38:00,13,5:57:00,13,9:08:00,12,13:12:00,11,18:27:00,11,22:04:00,12,24:03:00,12,30:09:00,13,35:32:00,14,41:12:00,17,44:44:00,,,,,,,,,,,,,,,,,,,,,,,
,,,,,,,,,,,,,,,,,,,,,,,,,,,,,,,,,,,,,,,,,,,,,,,,,
18,2nd USCA C2,"Hayden Thorp
Taylor McLauren
TC - Ray Hanusch
TC - Erin Thorp",700,9:00, ,11:37:00, ,15:07:00, ,18:23:00, ,22:47:00, ,4:39:00, ,8:47:00, ,11:07:00, ,17:47:00, ,23:14:00, ,2:56:00, ,5:46:00,,,,,,,,,,,,,,,,,,,,,,,
,,,,,11,2:37:00,20,3:30:00,19,3:16:00,18,4:24:00,20,5:52:00,25,4:08:00,23,2:20:00,17,6:40:00,19,5:27:00,9,3:42:00,8,2:50:00,,,,,,,,,,,,,,,,,,,,,,,
,,,,,11,2:37:00,17,6:07:00,18,9:23:00,18,13:47:00,20,19:39:00,20,23:47:00,20,26:07:00,19,32:47:00,19,38:14:00,18,41:56:00,18,44:46:00,,,,,,,,,,,,,,,,,,,,,,,
,,,,,,,,,,,,,,,,,,,,,,,,,,,,,,,,,,,,,,,,,,,,,,,,,
19,2nd Solo Unlimited,"Geoff Waters
TC - David Froelich",9,9:00, ,11:34:00, ,14:51:00, ,17:55:00, ,22:02:00, ,3:37:00, ,7:22:00, ,9:25:00, ,17:03:00, ,22:48:00, ,3:02:00, ,6:09:00,,,,,,,,,,,,,,,,,,,,,,,
,,,,,8,2:34:00,11,3:17:00,10,3:04:00,13,4:07:00,17,5:35:00,15,3:45:00,14,2:03:00,33,7:38:00,21,5:45:00,16,4:14:00,12,3:07:00,,,,,,,,,,,,,,,,,,,,,,,
,,,,,8,2:34:00,9,5:51:00,9,8:55:00,9,13:02:00,13,18:37:00,14,22:22:00,13,24:25:00,17,32:03:00,18,37:48:00,19,42:02:00,19,45:09:00,,,,,,,,,,,,,,,,,,,,,,,
,,,,,,,,,,,,,,,,,,,,,,,,,,,,,,,,,,,,,,,,,,,,,,,,,
20,4th Tandem Unlimited,"Mike Drost
Curtis Slaten
TC - Mike Rendon
TC - Kari Slaten",59,9:00, ,11:42:00, ,15:08:00, ,18:23:00, ,22:57:00, ,4:27:00, ,8:32:00, ,10:50:00, ,18:38:00, ,0:29:00, ,5:01:00, ,8:42:00,,,,,,,,,,,,,,,,,,,,,,,
,,,,,18,2:42:00,19,3:26:00,18,3:15:00,20,4:34:00,16,5:30:00,22,4:05:00,22,2:18:00,38,7:48:00,23,5:51:00,22,4:32:00,34,3:41:00,,,,,,,,,,,,,,,,,,,,,,,
,,,,,18,2:42:00,18,6:08:00,18,9:23:00,19,13:57:00,19,19:27:00,19,23:32:00,19,25:50:00,20,33:38:00,20,39:29:00,20,44:01:00,20,47:42:00,,,,,,,,,,,,,,,,,,,,,,,
,,,,,,,,,,,,,,,,,,,,,,,,,,,,,,,,,,,,,,,,,,,,,,,,,
21,3rd USCA C2,"Joseph Geisinger
Mary Geisinger
TC - Grady Hicks
TC - James Coleman",42,9:00, ,11:50:00, ,15:21:00, ,18:45:00, ,23:32:00, ,5:45:00, ,9:53:00, ,12:17:00, ,19:11:00, ,1:30:00, ,5:53:00, ,8:49:00,,,,,,,,,,,,,,,,,,,,,,,
,,,,,24,2:50:00,21,3:31:00,21,3:24:00,21,4:47:00,26,6:13:00,25,4:08:00,28,2:24:00,22,6:54:00,31,6:19:00,19,4:23:00,10,2:56:00,,,,,,,,,,,,,,,,,,,,,,,
,,,,,24,2:50:00,22,6:21:00,21,9:45:00,21,14:32:00,21,20:45:00,21,24:53:00,21,27:17:00,21,34:11:00,21,40:30:00,21,44:53:00,21,47:49:00,,,,,,,,,,,,,,,,,,,,,,,
,,,,,,,,,,,,,,,,,,,,,,,,,,,,,,,,,,,,,,,,,,,,,,,,,
22,7th Unlimited,"Ethan Petersen
Madeleine Petersen
Matthew Petersen
Eric Petersen
TC - Janet Guinn
TC - Lindsey Petersen",666,9:00, ,11:57:00, ,15:44:00, ,19:11:00, ,0:35:00, ,7:03:00, ,11:31:00, ,13:56:00, ,22:27:00, ,4:46:00, ,9:20:00, ,12:29:00,,,,,,,,,,,,,,,,,,,,,,,
,,,,,32,2:57:00,47,3:47:00,26,3:27:00,41,5:24:00,32,6:28:00,34,4:28:00,30,2:25:00,44,8:31:00,31,6:19:00,24,4:34:00,13,3:09:00,,,,,,,,,,,,,,,,,,,,,,,
,,,,,32,2:57:00,37,6:44:00,31,10:11:00,35,15:35:00,34,22:03:00,31,26:31:00,31,28:56:00,29,37:27:00,29,43:46:00,27,48:20:00,22,51:29:00,,,,,,,,,,,,,,,,,,,,,,,
,,,,,,,,,,,,,,,,,,,,,,,,,,,,,,,,,,,,,,,,,,,,,,,,,
23,8th Unlimited,"Brandon Goering
Jeremy White
Nate Hudgins
TC - Amanda Franklin",823,9:00, ,11:55:00, ,15:37:00, ,19:11:00, ,0:04:00, ,6:10:00, ,10:37:00, ,13:17:00, ,22:58:00, ,5:31:00, ,9:07:00, ,12:31:00,,,,,,,,,,,,,,,,,,,,,,,
,,,,,29,2:55:00,33,3:42:00,32,3:34:00,28,4:53:00,24,6:06:00,33,4:27:00,44,2:40:00,54,9:41:00,39,6:33:00,8,3:36:00,25,3:24:00,,,,,,,,,,,,,,,,,,,,,,,
,,,,,29,2:55:00,29,6:37:00,31,10:11:00,26,15:04:00,24,21:10:00,24,25:37:00,26,28:17:00,31,37:58:00,30,44:31:00,26,48:07:00,23,51:31:00,,,,,,,,,,,,,,,,,,,,,,,
,,,,,,,,,,,,,,,,,,,,,,,,,,,,,,,,,,,,,,,,,,,,,,,,,
24,2nd Aluminum,"Matt Myers
Cole Davis
TC - Rob Nichols
TC - Lorae Davis",55,9:00, ,11:50:00, ,15:37:00, ,19:09:00, ,0:06:00, ,6:46:00, ,10:57:00, ,13:31:00, ,20:35:00, ,4:02:00, ,8:51:00, ,12:42:00,,,,,,,,,,,,,,,,,,,,,,,
,,,,,24,2:50:00,45,3:47:00,28,3:32:00,31,4:57:00,37,6:40:00,28,4:11:00,39,2:34:00,26,7:04:00,64,7:27:00,31,4:49:00,42,3:51:00,,,,,,,,,,,,,,,,,,,,,,,
,,,,,24,2:50:00,29,6:37:00,29,10:09:00,28,15:06:00,28,21:46:00,28,25:57:00,28,28:31:00,26,35:35:00,26,43:02:00,23,47:51:00,24,51:42:00,,,,,,,,,,,,,,,,,,,,,,,
,,,,,,,,,,,,,,,,,,,,,,,,,,,,,,,,,,,,,,,,,,,,,,,,,
25,3rd Aluminum,"Hoyt Moss
Kipp Nickelson
TC - Charlie Chapman
TC - Wade Parsons",1620,9:00, ,12:04:00, ,15:51:00, ,19:30:00, ,0:37:00, ,6:48:00, ,10:53:00, ,13:15:00, ,20:17:00, ,2:16:00, ,9:05:00, ,12:52:00,,,,,,,,,,,,,,,,,,,,,,,
,,,,,41,3:04:00,45,3:47:00,40,3:39:00,35,5:07:00,25,6:11:00,22,4:05:00,26,2:22:00,23,7:02:00,25,5:59:00,62,6:49:00,39,3:47:00,,,,,,,,,,,,,,,,,,,,,,,
,,,,,41,3:04:00,41,6:51:00,38,10:30:00,36,15:37:00,31,21:48:00,27,25:53:00,24,28:15:00,24,35:17:00,22,41:16:00,24,48:05:00,25,51:52:00,,,,,,,,,,,,,,,,,,,,,,,
,,,,,,,,,,,,,,,,,,,,,,,,,,,,,,,,,,,,,,,,,,,,,,,,,
26,1st USCA C1,"Ed Jones
TC - Brenda Jones
TC - Cindy Brown",1959,9:00, ,12:02:00, ,15:46:00, ,19:38:00, ,0:50:00, ,7:37:00, ,11:47:00, ,13:57:00, ,21:26:00, ,4:13:00, ,9:05:00, ,13:48:00,,,,,,,,,,,,,,,,,,,,,,,
,,,,,38,3:02:00,36,3:44:00,46,3:52:00,38,5:12:00,39,6:47:00,27,4:10:00,16,2:10:00,31,7:29:00,44,6:47:00,33,4:52:00,64,4:43:00,,,,,,,,,,,,,,,,,,,,,,,
,,,,,38,3:02:00,39,6:46:00,39,10:38:00,40,15:50:00,39,22:37:00,32,26:47:00,32,28:57:00,28,36:26:00,27,43:13:00,24,48:05:00,26,52:48:00,,,,,,,,,,,,,,,,,,,,,,,
,,,,,,,,,,,,,,,,,,,,,,,,,,,,,,,,,,,,,,,,,,,,,,,,,
27,5th Tandem Unlimited,"Brady Lotz
Charles Cox
TC - Charlene Sutton
TC - Nate Smith",88,9:00, ,12:02:00, ,15:39:00, ,18:59:00, ,0:05:00, ,7:28:00, ,11:52:00, ,14:46:00, ,22:34:00, ,5:37:00, ,10:21:00, ,13:53:00,,,,,,,,,,,,,,,,,,,,,,,
,,,,,38,3:02:00,27,3:37:00,20,3:20:00,34,5:06:00,51,7:23:00,32,4:24:00,52,2:54:00,37,7:48:00,50,7:03:00,27,4:44:00,27,3:32:00,,,,,,,,,,,,,,,,,,,,,,,
,,,,,38,3:02:00,31,6:39:00,25,9:59:00,27,15:05:00,38,22:28:00,33,26:52:00,33,29:46:00,30,37:34:00,31,44:37:00,30,49:21:00,27,52:53:00,,,,,,,,,,,,,,,,,,,,,,,
,,,,,,,,,,,,,,,,,,,,,,,,,,,,,,,,,,,,,,,,,,,,,,,,,
28,3rd Solo Unlimited,"Max Hambly
TC - Jeff Jouett
TC - Mason Brennan",1803,9:00, ,11:46:00, ,15:23:00, ,18:48:00, ,23:36:00, ,6:01:00, ,10:35:00, ,12:58:00, ,19:45:00, ,2:38:00, ,8:50:00, ,13:55:00,,,,,,,,,,,,,,,,,,,,,,,
,,,,,21,2:46:00,26,3:37:00,23,3:25:00,23,4:48:00,30,6:25:00,36,4:34:00,27,2:23:00,20,6:47:00,47,6:53:00,53,6:12:00,73,5:05:00,,,,,,,,,,,,,,,,,,,,,,,
,,,,,21,2:46:00,23,6:23:00,23,9:48:00,22,14:36:00,22,21:01:00,23,25:35:00,23,27:58:00,22,34:45:00,23,41:38:00,22,47:50:00,28,52:55:00,,,,,,,,,,,,,,,,,,,,,,,
,,,,,,,,,,,,,,,,,,,,,,,,,,,,,,,,,,,,,,,,,,,,,,,,,
29,6th Tandem Unlimited,"Kent Harlan
Rhett Stuman
TC - Kerri Harlan
TC - Penni Stuman",3377,9:00, ,11:55:00, ,15:31:00, ,19:09:00, ,0:11:00, ,6:29:00, ,10:46:00, ,13:16:00, ,20:19:00, ,2:50:00, ,9:50:00, ,14:44:00,,,,,,,,,,,,,,,,,,,,,,,
,,,,,29,2:55:00,25,3:36:00,38,3:38:00,33,5:02:00,28,6:18:00,30,4:17:00,35,2:30:00,25,7:03:00,38,6:31:00,63,7:00:00,68,4:54:00,,,,,,,,,,,,,,,,,,,,,,,
,,,,,29,2:55:00,27,6:31:00,29,10:09:00,31,15:11:00,26,21:29:00,25,25:46:00,25,28:16:00,25,35:19:00,24,41:50:00,28,48:50:00,29,53:44:00,,,,,,,,,,,,,,,,,,,,,,,
,,,,,,,,,,,,,,,,,,,,,,,,,,,,,,,,,,,,,,,,,,,,,,,,,
30,7th Tandem Unlimited,"Bill McCanse
Chad Keeth
TC - Raeann McCanse
TC - Clay Snell",15,9:00, ,12:00:00, ,15:41:00, ,19:13:00, ,0:02:00, ,6:07:00, ,10:48:00, ,13:17:00, ,20:59:00, ,4:13:00, ,10:10:00, ,14:51:00,,,,,,,,,,,,,,,,,,,,,,,
,,,,,35,3:00:00,30,3:41:00,28,3:32:00,24,4:49:00,23,6:05:00,39,4:41:00,34,2:29:00,36,7:42:00,57,7:14:00,51,5:57:00,62,4:41:00,,,,,,,,,,,,,,,,,,,,,,,
,,,,,35,3:00:00,35,6:41:00,33,10:13:00,25,15:02:00,23,21:07:00,26,25:48:00,26,28:17:00,27,35:59:00,27,43:13:00,29,49:10:00,30,53:51:00,,,,,,,,,,,,,,,,,,,,,,,
,,,,,,,,,,,,,,,,,,,,,,,,,,,,,,,,,,,,,,,,,,,,,,,,,
31,9th Unlimited,"Chris Elliott
Joey Tidwell
Stacy H Greer
Ty Taylor
TC - Kelly Williams
TC - Andrea Taylor",2016,9:00, ,12:00:00, ,15:44:00, ,19:17:00, ,0:08:00, ,6:37:00, ,10:33:00, ,12:55:00, ,19:47:00, ,2:51:00, ,11:10:00, ,15:05:00,,,,,,,,,,,,,,,,,,,,,,,
,,,,,35,3:00:00,36,3:44:00,31,3:33:00,25,4:51:00,33,6:29:00,16,3:56:00,24,2:22:00,21,6:52:00,51,7:04:00,68,8:19:00,43,3:55:00,,,,,,,,,,,,,,,,,,,,,,,
,,,,,35,3:00:00,37,6:44:00,35,10:17:00,29,15:08:00,27,21:37:00,22,25:33:00,22,27:55:00,23,34:47:00,25,41:51:00,31,50:10:00,31,54:05:00,,,,,,,,,,,,,,,,,,,,,,,
,,,,,,,,,,,,,,,,,,,,,,,,,,,,,,,,,,,,,,,,,,,,,,,,,
32,8th Tandem Unlimited,"Jeremy Deming
Tyson Gerber
TC - Dana Gerber
TC - Alex Taylor",121,9:00, ,12:08:00, ,16:02:00, ,19:57:00, ,1:36:00, ,10:43:00, ,15:06:00, ,17:32:00, ,1:36:00, ,7:13:00, ,12:00:00, ,15:17:00,,,,,,,,,,,,,,,,,,,,,,,
,,,,,45,3:08:00,53,3:54:00,49,3:55:00,48,5:39:00,78,9:07:00,31,4:23:00,32,2:26:00,40,8:04:00,20,5:37:00,29,4:47:00,21,3:17:00,,,,,,,,,,,,,,,,,,,,,,,
,,,,,45,3:08:00,45,7:02:00,46,10:57:00,46,16:36:00,54,25:43:00,48,30:06:00,48,32:32:00,37,40:36:00,33,46:13:00,33,51:00:00,32,54:17:00,,,,,,,,,,,,,,,,,,,,,,,
,,,,,,,,,,,,,,,,,,,,,,,,,,,,,,,,,,,,,,,,,,,,,,,,,
33,1st Novice,"Corwin Ames
Lawson Jessee
TC - Abbey Ames
TC - Gene Ames",7,9:00, ,12:15:00, ,15:59:00, ,19:45:00, ,0:37:00, ,7:02:00, ,12:23:00, ,15:37:00, ,23:08:00, ,6:19:00, ,11:42:00, ,16:15:00,,,,,,,,,,,,,,,,,,,,,,,
,,,,,51,3:15:00,36,3:44:00,41,3:46:00,26,4:52:00,31,6:25:00,57,5:21:00,60,3:14:00,32,7:31:00,54,7:11:00,43,5:23:00,55,4:33:00,,,,,,,,,,,,,,,,,,,,,,,
,,,,,51,3:15:00,42,6:59:00,42,10:45:00,36,15:37:00,33,22:02:00,36,27:23:00,37,30:37:00,32,38:08:00,32,45:19:00,32,50:42:00,33,55:15:00,,,,,,,,,,,,,,,,,,,,,,,
,,,,,,,,,,,,,,,,,,,,,,,,,,,,,,,,,,,,,,,,,,,,,,,,,
34,10th Unlimited,"Christopher Francis
John Moore
Mike Smith
TC - Mic Chrisman
TC - Johanna Smith",963,9:00, ,11:45:00, ,15:30:00, ,18:57:00, ,0:27:00, ,6:47:00, ,12:51:00, ,15:25:00, ,2:12:00, ,8:27:00, ,12:20:00, ,16:55:00,,,,,,,,,,,,,,,,,,,,,,,
,,,,,20,2:45:00,42,3:45:00,25,3:27:00,45,5:30:00,29,6:20:00,71,6:04:00,37,2:34:00,63,10:47:00,28,6:15:00,13,3:53:00,58,4:35:00,,,,,,,,,,,,,,,,,,,,,,,
,,,,,20,2:45:00,26,6:30:00,24,9:57:00,33,15:27:00,29,21:47:00,37,27:51:00,35,30:25:00,40,41:12:00,38,47:27:00,34,51:20:00,34,55:55:00,,,,,,,,,,,,,,,,,,,,,,,
,,,,,,,,,,,,,,,,,,,,,,,,,,,,,,,,,,,,,,,,,,,,,,,,,
35,4th Solo Unlimited,"Matt Sandel
TC - David Nollsch
TC - Damon McWhorter",1978,9:00, ,12:11:00, ,16:04:00, ,19:59:00, ,2:21:00, ,8:58:00, ,13:52:00, ,16:28:00, ,1:35:00, ,8:23:00, ,12:25:00, ,17:11:00,,,,,,,,,,,,,,,,,,,,,,,
,,,,,49,3:11:00,49,3:53:00,51,3:55:00,56,6:22:00,35,6:37:00,44,4:54:00,40,2:36:00,49,9:07:00,45,6:48:00,15,4:02:00,65,4:46:00,,,,,,,,,,,,,,,,,,,,,,,
,,,,,49,3:11:00,47,7:04:00,47,10:59:00,52,17:21:00,43,23:58:00,41,28:52:00,41,31:28:00,36,40:35:00,36,47:23:00,35,51:25:00,35,56:11:00,,,,,,,,,,,,,,,,,,,,,,,
,,,,,,,,,,,,,,,,,,,,,,,,,,,,,,,,,,,,,,,,,,,,,,,,,
36,2nd Standard,"Garrett Meeker
Doug Johnson
TC - Vaughn Johnson
TC - Kelli Johnson",5193,9:00, ,12:08:00, ,16:03:00, ,20:06:00, ,1:36:00, ,9:12:00, ,13:59:00, ,16:56:00, ,0:25:00, ,7:47:00, ,13:10:00, ,17:52:00,,,,,,,,,,,,,,,,,,,,,,,
,,,,,45,3:08:00,55,3:55:00,59,4:03:00,44,5:30:00,58,7:36:00,41,4:47:00,53,2:57:00,30,7:29:00,61,7:22:00,42,5:23:00,63,4:42:00,,,,,,,,,,,,,,,,,,,,,,,
,,,,,45,3:08:00,46,7:03:00,51,11:06:00,46,16:36:00,46,24:12:00,43,28:59:00,43,31:56:00,34,39:25:00,34,46:47:00,36,52:10:00,36,56:52:00,,,,,,,,,,,,,,,,,,,,,,,
,,,,,,,,,,,,,,,,,,,,,,,,,,,,,,,,,,,,,,,,,,,,,,,,,
37,11th Unlimited,"Matthew Beran
Michael Beran
David Dunnington
TC - Maribeth Beran
TC - Julia Johnson",808,9:00, ,12:02:00, ,15:48:00, ,19:19:00, ,0:14:00, ,8:48:00, ,12:55:00, ,15:05:00, ,6:30:00, ,11:36:00, ,15:28:00, ,18:42:00,,,,,,,,,,,,,,,,,,,,,,,
,,,,,38,3:02:00,43,3:46:00,27,3:31:00,29,4:55:00,72,8:34:00,24,4:07:00,17,2:10:00,79,15:25:00,13,5:06:00,12,3:52:00,18,3:14:00,,,,,,,,,,,,,,,,,,,,,,,
,,,,,38,3:02:00,40,6:48:00,37,10:19:00,32,15:14:00,42,23:48:00,39,27:55:00,34,30:05:00,51,45:30:00,48,50:36:00,42,54:28:00,37,57:42:00,,,,,,,,,,,,,,,,,,,,,,,
,,,,,,,,,,,,,,,,,,,,,,,,,,,,,,,,,,,,,,,,,,,,,,,,,
38,12th Unlimited,"Greg Frank
Derrick Lee
Daniel Curry
Jack Landau
TC - Miranda Wait
TC - Michael Lee",5150,9:00, ,11:54:00, ,15:40:00, ,19:05:00, ,0:40:00, ,7:15:00, ,12:19:00, ,16:13:00, ,23:41:00, ,7:51:00, ,13:40:00, ,18:57:00,,,,,,,,,,,,,,,,,,,,,,,
,,,,,27,2:54:00,43,3:46:00,22,3:25:00,46,5:35:00,34,6:35:00,49,5:04:00,68,3:54:00,29,7:28:00,72,8:10:00,47,5:49:00,75,5:17:00,,,,,,,,,,,,,,,,,,,,,,,
,,,,,27,2:54:00,32,6:40:00,27,10:05:00,38,15:40:00,36,22:15:00,35,27:19:00,39,31:13:00,33,38:41:00,35,46:51:00,37,52:40:00,38,57:57:00,,,,,,,,,,,,,,,,,,,,,,,
,,,,,,,,,,,,,,,,,,,,,,,,,,,,,,,,,,,,,,,,,,,,,,,,,
39,2nd Mixed,"Larry St. Clair
Sonja St Clair
TC - Kelly Frank ",4075,9:00, ,13:14:00, ,17:05:00, ,20:52:00, ,2:31:00, ,9:53:00, ,14:32:00, ,17:23:00, ,1:25:00, ,9:08:00, ,13:41:00, ,19:06:00,,,,,,,,,,,,,,,,,,,,,,,
,,,,,91,4:14:00,48,3:51:00,42,3:47:00,47,5:39:00,50,7:22:00,38,4:39:00,51,2:51:00,39,8:02:00,69,7:43:00,23,4:33:00,76,5:25:00,,,,,,,,,,,,,,,,,,,,,,,
,,,,,91,4:14:00,72,8:05:00,66,11:52:00,53,17:31:00,49,24:53:00,46,29:32:00,46,32:23:00,35,40:25:00,39,48:08:00,38,52:41:00,39,58:06:00,,,,,,,,,,,,,,,,,,,,,,,
,,,,,,,,,,,,,,,,,,,,,,,,,,,,,,,,,,,,,,,,,,,,,,,,,
40,4th USCA C2,"Chacho Cahill
Wayne Thorp
TC - Jennifer Thorp
TC - Kambra Thorp",705,9:00, ,11:56:00, ,15:40:00, ,19:13:00, ,0:00:00, ,7:12:00, ,11:16:00, ,13:49:00, ,6:15:00, ,11:27:00, ,15:25:00, ,20:18:00,,,,,,,,,,,,,,,,,,,,,,,
,,,,,31,2:56:00,36,3:44:00,30,3:33:00,21,4:47:00,45,7:12:00,21,4:04:00,36,2:33:00,80,16:26:00,14,5:12:00,14,3:58:00,67,4:53:00,,,,,,,,,,,,,,,,,,,,,,,
,,,,,31,2:56:00,32,6:40:00,33,10:13:00,24,15:00:00,35,22:12:00,29,26:16:00,30,28:49:00,50,45:15:00,47,50:27:00,41,54:25:00,40,59:18:00,,,,,,,,,,,,,,,,,,,,,,,
,,,,,,,,,,,,,,,,,,,,,,,,,,,,,,,,,,,,,,,,,,,,,,,,,
41,9th Tandem Unlimited,"Benjamin Duckett
Greg Whittaker
TC - Constance Harris
TC - Emily Duckett",728,9:00, ,11:54:00, ,15:31:00, ,19:06:00, ,6:35:00, ,14:29:00, ,18:30:00, ,20:40:00, ,5:11:00, ,11:36:00, ,15:55:00, ,20:20:00,,,,,,,,,,,,,,,,,,,,,,,
,,,,,27,2:54:00,27,3:37:00,33,3:35:00,91,11:29:00,68,7:54:00,19,4:01:00,17,2:10:00,44,8:31:00,34,6:25:00,17,4:19:00,52,4:25:00,,,,,,,,,,,,,,,,,,,,,,,
,,,,,27,2:54:00,27,6:31:00,28,10:06:00,73,21:35:00,71,29:29:00,61,33:30:00,56,35:40:00,48,44:11:00,48,50:36:00,43,54:55:00,41,59:20:00,,,,,,,,,,,,,,,,,,,,,,,
,,,,,,,,,,,,,,,,,,,,,,,,,,,,,,,,,,,,,,,,,,,,,,,,,
42,5th Solo Unlimited,"Justin Brzozowske
TC - Carol Brzozowske
TC - Roger Barrett",1966,9:00, ,12:05:00, ,16:00:00, ,19:51:00, ,1:33:00, ,9:08:00, ,13:57:00, ,16:40:00, ,4:39:00, ,11:25:00, ,16:00:00, ,20:29:00,,,,,,,,,,,,,,,,,,,,,,,
,,,,,42,3:05:00,54,3:55:00,45,3:51:00,49,5:42:00,57,7:35:00,42,4:49:00,46,2:43:00,67,11:59:00,42,6:46:00,25,4:35:00,53,4:29:00,,,,,,,,,,,,,,,,,,,,,,,
,,,,,42,3:05:00,43,7:00:00,45,10:51:00,45,16:33:00,44,24:08:00,42,28:57:00,42,31:40:00,46,43:39:00,45,50:25:00,44,55:00:00,42,59:29:00,,,,,,,,,,,,,,,,,,,,,,,
,,,,,,,,,,,,,,,,,,,,,,,,,,,,,,,,,,,,,,,,,,,,,,,,,
43,5th USCA C2,"Michael Markowski
Steven Markowski
TC - John Markowski
TC - Diana Markowski",505,9:00, ,12:20:00, ,16:29:00, ,20:45:00, ,2:51:00, ,10:20:00, ,15:23:00, ,18:22:00, ,4:12:00, ,11:20:00, ,16:01:00, ,20:35:00,,,,,,,,,,,,,,,,,,,,,,,
,,,,,55,3:20:00,65,4:09:00,66,4:16:00,54,6:06:00,54,7:29:00,48,5:03:00,54,2:59:00,55,9:50:00,53,7:08:00,26,4:41:00,57,4:34:00,,,,,,,,,,,,,,,,,,,,,,,
,,,,,55,3:20:00,62,7:29:00,64,11:45:00,54,17:51:00,52,25:20:00,49,30:23:00,50,33:22:00,43,43:12:00,44,50:20:00,45,55:01:00,43,59:35:00,,,,,,,,,,,,,,,,,,,,,,,
,,,,,,,,,,,,,,,,,,,,,,,,,,,,,,,,,,,,,,,,,,,,,,,,,
44,2nd Novice,"Christopher Bowes
Wade Woehrmann
TC - Nancy Bowers
TC - Nathaniel Lail",1963,9:00, ,13:00, ,17:08:00, ,22:06:00, ,4:11:00, ,11:55:00, ,17:02:00, ,19:47:00, ,4:21:00, ,11:16:00, ,16:07:00, ,20:44:00,,,,,,,,,,,,,,,,,,,,,,,
,,,,,85,4:00:00,64,4:08:00,84,4:58:00,53,6:05:00,62,7:44:00,52,5:07:00,47,2:45:00,46,8:34:00,48,6:55:00,32,4:51:00,59,4:37:00,,,,,,,,,,,,,,,,,,,,,,,
,,,,,85,4:00:00,75,8:08:00,77,13:06:00,63,19:11:00,61,26:55:00,54,32:02:00,53,34:47:00,44,43:21:00,43,50:16:00,46,55:07:00,44,59:44:00,,,,,,,,,,,,,,,,,,,,,,,
,,,,,,,,,,,,,,,,,,,,,,,,,,,,,,,,,,,,,,,,,,,,,,,,,
45,6th Solo Unlimited,"James Ward
TC - Janet Ward
TC - Jennifer Brown",2780,9:00, ,12:19:00, ,16:13:00, ,20:14:00, ,2:16:00, ,10:03:00, ,15:28:00, ,17:53:00, ,2:52:00, ,9:57:00, ,16:29:00, ,21:07:00,,,,,,,,,,,,,,,,,,,,,,,
,,,,,54,3:19:00,52,3:54:00,58,4:01:00,52,6:02:00,65,7:47:00,59,5:25:00,29,2:25:00,48,8:59:00,52,7:05:00,57,6:32:00,60,4:38:00,,,,,,,,,,,,,,,,,,,,,,,
,,,,,54,3:19:00,54,7:13:00,53,11:14:00,50,17:16:00,50,25:03:00,50,30:28:00,49,32:53:00,42,41:52:00,42,48:57:00,47,55:29:00,45,60:07:00,,,,,,,,,,,,,,,,,,,,,,,
,,,,,,,,,,,,,,,,,,,,,,,,,,,,,,,,,,,,,,,,,,,,,,,,,
46,7th Solo Unlimited,"Matthew Bonura
TC - Christi Lancaster
TC - Jay Bonura",224,9:00, ,12:11:00, ,16:13:00, ,20:00:00, ,1:08:00, ,8:17:00, ,13:26:00, ,16:05:00, ,7:05:00, ,12:51:00, ,18:13:00, ,21:31:00,,,,,,,,,,,,,,,,,,,,,,,
,,,,,49,3:11:00,58,4:02:00,42,3:47:00,37,5:08:00,43,7:09:00,53,5:09:00,43,2:39:00,77,15:00:00,22,5:46:00,41,5:22:00,22,3:18:00,,,,,,,,,,,,,,,,,,,,,,,
,,,,,49,3:11:00,54,7:13:00,48,11:00:00,42,16:08:00,40,23:17:00,40,28:26:00,38,31:05:00,54,46:05:00,51,51:51:00,51,57:13:00,46,60:31:00,,,,,,,,,,,,,,,,,,,,,,,
,,,,,,,,,,,,,,,,,,,,,,,,,,,,,,,,,,,,,,,,,,,,,,,,,
47,2nd USCA C1,"John Maika
TC - Myla Weber
TC - Andra Millian",1155,9:00, ,12:23:00, ,16:25:00, ,20:18:00, ,1:18:00, ,8:34:00, ,12:51:00, ,15:28:00, ,6:03:00, ,11:59:00, ,16:47:00, ,21:45:00,,,,,,,,,,,,,,,,,,,,,,,
,,,,,60,3:23:00,59,4:02:00,47,3:53:00,32,5:00:00,48,7:16:00,29,4:17:00,42,2:37:00,75,14:35:00,24,5:56:00,30,4:48:00,71,4:58:00,,,,,,,,,,,,,,,,,,,,,,,
,,,,,60,3:23:00,60,7:25:00,54,11:18:00,44,16:18:00,41,23:34:00,37,27:51:00,36,30:28:00,49,45:03:00,50,50:59:00,48,55:47:00,47,60:45:00,,,,,,,,,,,,,,,,,,,,,,,
,,,,,,,,,,,,,,,,,,,,,,,,,,,,,,,,,,,,,,,,,,,,,,,,,
48,10th Tandem Unlimited,"Joe Decker
Mark Jones
TC - Nicole Decker
TC - Sarah Jones",69,9:00, ,12:22:00, ,16:04:00, ,20:03:00, ,1:54:00, ,9:09:00, ,14:09:00, ,17:13:00, ,2:29:00, ,9:53:00, ,14:55:00, ,21:55:01,,,,,,,,,,,,,,,,,,,,,,,
,,2 Hour Penalty,,,58,3:22:00,31,3:42:00,53,3:59:00,51,5:51:00,47,7:15:00,47,5:00:00,56,3:04:00,50,9:16:00,62,7:24:00,38,5:02:00,77,7:00:01,,,,,,,,,,,,,,,,,,,,,,,
,,,,,58,3:22:00,47,7:04:00,50,11:03:00,48,16:54:00,45,24:09:00,45,29:09:00,44,32:13:00,41,41:29:00,41,48:53:00,40,53:55:00,48,60:55:01,,,,,,,,,,,,,,,,,,,,,,,
,,,,,,,,,,,,,,,,,,,,,,,,,,,,,,,,,,,,,,,,,,,,,,,,,
49,11th Tandem Unlimited,"Mike Durkin
Sean Dickson
TC - Penny Dickson
TC - Nicole Durkin",1913,9:00, ,12:20:00, ,16:27:00, ,20:34:00, ,2:19:00, ,9:18:00, ,14:08:00, ,17:13:00, ,2:10:00, ,9:36:00, ,14:30:00, ,21:55:02,,,,,,,,,,,,,,,,,,,,,,,
,,2 Hour Penalty,,,55,3:20:00,61,4:07:00,61,4:07:00,50,5:45:00,42,6:59:00,43,4:50:00,57,3:05:00,47,8:57:00,63,7:26:00,34,4:54:00,79,7:25:02,,,,,,,,,,,,,,,,,,,,,,,
,,,,,55,3:20:00,61,7:27:00,58,11:34:00,51,17:19:00,47,24:18:00,44,29:08:00,44,32:13:00,39,41:10:00,40,48:36:00,39,53:30:00,49,60:55:02,,,,,,,,,,,,,,,,,,,,,,,
,,,,,,,,,,,,,,,,,,,,,,,,,,,,,,,,,,,,,,,,,,,,,,,,,
50,3rd Novice,"Mike Howard
Paul Pape
TC - Jennifer Keirnan-Pape
TC - Amber Howard",1973,9:00, ,12:01:00, ,16:00:00, ,19:47:00, ,1:08:00, ,11:38:00, ,16:19:00, ,18:53:00, ,4:25:00, ,13:34:00, ,18:32:00, ,22:38:00,,,,,,,,,,,,,,,,,,,,,,,
,,,,,37,3:01:00,57,3:59:00,42,3:47:00,39,5:21:00,83,10:30:00,39,4:41:00,37,2:34:00,52,9:32:00,76,9:09:00,36,4:58:00,48,4:06:00,,,,,,,,,,,,,,,,,,,,,,,
,,,,,37,3:01:00,43,7:00:00,44,10:47:00,43,16:08:00,56,26:38:00,52,31:19:00,51,33:53:00,45,43:25:00,52,52:34:00,52,57:32:00,50,61:38:00,,,,,,,,,,,,,,,,,,,,,,,
,,,,,,,,,,,,,,,,,,,,,,,,,,,,,,,,,,,,,,,,,,,,,,,,,
51,12th Tandem Unlimited,"Michael Martin
Ted Slaughter
TC - Kate Martin
TC - John Smith",616,9:00, ,12:18:00, ,16:33:00, ,20:28:00, ,3:02:00, ,11:49:00, ,17:43:00, ,20:30:00, ,5:00:00, ,11:26:00, ,18:09:00, ,22:55:00,,,,,,,,,,,,,,,,,,,,,,,
,,,,,53,3:18:00,66,4:15:00,50,3:55:00,59,6:34:00,75,8:47:00,67,5:54:00,48,2:47:00,43,8:30:00,36,6:26:00,58,6:43:00,65,4:46:00,,,,,,,,,,,,,,,,,,,,,,,
,,,,,53,3:18:00,63,7:33:00,56,11:28:00,55,18:02:00,60,26:49:00,56,32:43:00,55,35:30:00,47,44:00:00,46,50:26:00,50,57:09:00,51,61:55:00,,,,,,,,,,,,,,,,,,,,,,,
,,,,,,,,,,,,,,,,,,,,,,,,,,,,,,,,,,,,,,,,,,,,,,,,,
52,13th Tandem Unlimited,"Kent Fish
Mike Buck
TC - Kim Buck
TC - Anne Fish",6356,9:00, ,12:30:00, ,16:08:00, ,20:25:00, ,6:51:00, ,13:42:00, ,18:20:00, ,21:07:00, ,9:02:00, ,15:05:00, ,21:01:00, ,0:11:00,,,,,,,,,,,,,,,,,,,,,,,
,,,,,68,3:30:00,29,3:38:00,67,4:17:00,85,10:26:00,40,6:51:00,37,4:38:00,48,2:47:00,66,11:55:00,26,6:03:00,50,5:56:00,15,3:10:00,,,,,,,,,,,,,,,,,,,,,,,
,,,,,68,3:30:00,53,7:08:00,55,11:25:00,74,21:51:00,67,28:42:00,60,33:20:00,58,36:07:00,55,48:02:00,54,54:05:00,56,60:01:00,52,63:11:00,,,,,,,,,,,,,,,,,,,,,,,
,,,,,,,,,,,,,,,,,,,,,,,,,,,,,,,,,,,,,,,,,,,,,,,,,
53,8th Solo Unlimited,"Erin Magee
TC - Chris Stevenson",497,9:00, ,12:23:00, ,16:07:00, ,19:45:00, ,0:52:00, ,6:52:00, ,11:21:00, ,13:43:00, ,2:00:00, ,8:24:00, ,17:12:00, ,0:22:00,,,,,,,,,,,,,,,,,,,,,,,
,,,,,60,3:23:00,41,3:44:00,38,3:38:00,35,5:07:00,21,6:00:00,35,4:29:00,25,2:22:00,68,12:17:00,33,6:24:00,70,8:48:00,78,7:10:00,,,,,,,,,,,,,,,,,,,,,,,
,,,,,60,3:23:00,52,7:07:00,42,10:45:00,41,15:52:00,32,21:52:00,30,26:21:00,29,28:43:00,38,41:00:00,37,47:24:00,49,56:12:00,53,63:22:00,,,,,,,,,,,,,,,,,,,,,,,
,,,,,,,,,,,,,,,,,,,,,,,,,,,,,,,,,,,,,,,,,,,,,,,,,
54,14th Tandem Unlimited,"Calvin Clark
Marshall Moore
TC - Keith Patrick
TC - Dyana clark",6255,9:00, ,12:07:00, ,16:05:00, ,20:01:00, ,3:38:00, ,10:36:00, ,17:49:00, ,20:16:00, ,7:00:00, ,15:58:00, ,20:58:00, ,0:36:00,,,,,,,,,,,,,,,,,,,,,,,
,,,,,44,3:07:00,56,3:58:00,52,3:56:00,68,7:37:00,41,6:58:00,77,7:13:00,33,2:27:00,62,10:44:00,75,8:58:00,37,5:00:00,33,3:38:00,,,,,,,,,,,,,,,,,,,,,,,
,,,,,44,3:07:00,50,7:05:00,49,11:01:00,58,18:38:00,53,25:36:00,57,32:49:00,54,35:16:00,53,46:00:00,56,54:58:00,55,59:58:00,54,63:36:00,,,,,,,,,,,,,,,,,,,,,,,
,,,,,,,,,,,,,,,,,,,,,,,,,,,,,,,,,,,,,,,,,,,,,,,,,
55,4th Novice,"David Kaiser
Daniel Oko
TC - Kim Kaiser
TC - Jean Olden",123,9:00, ,12:10:00, ,16:14:00, ,20:42:00, ,3:04:00, ,11:43:00, ,17:31:00, ,20:48:00, ,9:31:00, ,15:46:00, ,20:56:00, ,0:37:00,,,,,,,,,,,,,,,,,,,,,,,
,,,,,48,3:10:00,60,4:04:00,72,4:28:00,57,6:22:00,73,8:39:00,65,5:48:00,61,3:17:00,70,12:43:00,28,6:15:00,40,5:10:00,35,3:41:00,,,,,,,,,,,,,,,,,,,,,,,
,,,,,48,3:10:00,57,7:14:00,62,11:42:00,56,18:04:00,58,26:43:00,55,32:31:00,57,35:48:00,58,48:31:00,55,54:46:00,54,59:56:00,55,63:37:00,,,,,,,,,,,,,,,,,,,,,,,
,,,,,,,,,,,,,,,,,,,,,,,,,,,,,,,,,,,,,,,,,,,,,,,,,
56,5th Novice,"David Earnest
Andrew Noonan
TC - Aubrey Barnhart
TC - Joanna Lehrmann",2424,9:00, ,12:23:00, ,16:40:00, ,20:40:00, ,6:17:00, ,14:01:00, ,19:32:00, ,1:47:00, ,9:26:00, ,17:00:00, ,22:50:00, ,2:47:00,,,,,,,,,,,,,,,,,,,,,,,
,,,,,60,3:23:00,69,4:17:00,54,4:00:00,80,9:37:00,63,7:44:00,60,5:31:00,78,6:15:00,34,7:39:00,67,7:34:00,48,5:50:00,44,3:57:00,,,,,,,,,,,,,,,,,,,,,,,
,,,,,60,3:23:00,64,7:40:00,61,11:40:00,69,21:17:00,69,29:01:00,64,34:32:00,64,40:47:00,57,48:26:00,58,56:00:00,57,61:50:00,56,65:47:00,,,,,,,,,,,,,,,,,,,,,,,
,,,,,,,,,,,,,,,,,,,,,,,,,,,,,,,,,,,,,,,,,,,,,,,,,
57,15th Tandem Unlimited,"Chris DeLong
Taylor Hering
TC - Yalda Hamadanian",10,9:00, ,12:35:00, ,16:43:00, ,20:37:00, ,6:14:00, ,13:00:00, ,18:07:00, ,5:08:00, ,11:51:00, ,18:06:00, ,22:52:00, ,2:47:01,,,,,,,,,,,,,,,,,,,,,,,
,,,,,70,3:35:00,63,4:08:00,48,3:54:00,80,9:37:00,38,6:46:00,50,5:07:00,84,11:01:00,19,6:43:00,30,6:15:00,28,4:46:00,44,3:55:01,,,,,,,,,,,,,,,,,,,,,,,
,,,,,70,3:35:00,65,7:43:00,59,11:37:00,68,21:14:00,64,28:00:00,59,33:07:00,70,44:08:00,64,50:51:00,61,57:06:00,57,61:52:00,57,65:47:01,,,,,,,,,,,,,,,,,,,,,,,
,,,,,,,,,,,,,,,,,,,,,,,,,,,,,,,,,,,,,,,,,,,,,,,,,
58,13th Unlimited,"Colin Dodd
John Peterek
Ian Kolda
TC - Jim Clark
TC - Anna Barton",3730,9:00, ,12:15:00, ,16:44:00, ,20:44:00, ,2:05:00, ,10:10:00, ,15:58:00, ,21:13:00, ,9:05:00, ,16:44:00, ,23:30:00, ,4:32:00,,,,,,,,,,,,,,,,,,,,,,,
,,,,,51,3:15:00,77,4:29:00,54,4:00:00,39,5:21:00,69,8:05:00,65,5:48:00,76,5:15:00,65,11:52:00,68,7:39:00,60,6:46:00,72,5:02:00,,,,,,,,,,,,,,,,,,,,,,,
,,,,,51,3:15:00,67,7:44:00,63,11:44:00,49,17:05:00,51,25:10:00,51,30:58:00,59,36:13:00,56,48:05:00,57,55:44:00,58,62:30:00,58,67:32:00,,,,,,,,,,,,,,,,,,,,,,,
,,,,,,,,,,,,,,,,,,,,,,,,,,,,,,,,,,,,,,,,,,,,,,,,,
59,"6th USCA C2
1st Adult/Child","Chuck Scheidt
Waylon Scheidt
TC - Stacey Scheidt
TC - Kirk Scheidt",100,9:00, ,12:06:00, ,16:13:00, ,20:50:00, ,3:58:00, ,12:27:00, ,18:55:00, ,21:21:00, ,11:28:00, ,18:14:00, ,0:08:00, ,4:32:01,,,,,,,,,,,,,,,,,,,,,,,
,,,,,43,3:06:00,61,4:07:00,74,4:37:00,66,7:08:00,70,8:29:00,74,6:28:00,31,2:26:00,74,14:07:00,43,6:46:00,48,5:54:00,51,4:24:01,,,,,,,,,,,,,,,,,,,,,,,
,,,,,43,3:06:00,54,7:13:00,65,11:50:00,61,18:58:00,63,27:27:00,63,33:55:00,60,36:21:00,62,50:28:00,63,57:14:00,59,63:08:00,59,67:32:01,,,,,,,,,,,,,,,,,,,,,,,
,,,,,,,,,,,,,,,,,,,,,,,,,,,,,,,,,,,,,,,,,,,,,,,,,
60,6th Novice,"John Plemmons
Michael Harris
TC - Chris Tomhave",1865,9:00, ,12:35:00, ,17:15:00, ,21:56:00, ,7:47:00, ,15:17:00, ,21:04:00, ,4:48:00, ,11:50:00, ,18:48:00, ,0:20:00, ,5:15:00,,,,,,,,,,,,,,,,,,,,,,,
,,,,,70,3:35:00,81,4:40:00,78,4:41:00,83,9:51:00,55,7:30:00,64,5:47:00,79,7:44:00,23,7:02:00,49,6:58:00,45,5:32:00,69,4:55:00,,,,,,,,,,,,,,,,,,,,,,,
,,,,,70,3:35:00,77,8:15:00,76,12:56:00,78,22:47:00,76,30:17:00,72,36:04:00,67,43:48:00,63,50:50:00,64,57:48:00,60,63:20:00,60,68:15:00,,,,,,,,,,,,,,,,,,,,,,,
,,,,,,,,,,,,,,,,,,,,,,,,,,,,,,,,,,,,,,,,,,,,,,,,,
61,3rd Mixed,"Joe Hunt
Patty Hunt
TC - Tommy Masterson
TC - Joe Keefe",1775,9:00, ,12:38:00, ,16:54:00, ,20:54:00, ,3:41:00, ,11:05:00, ,16:20:00, ,19:09:00, ,6:54:00, ,13:47:00, ,19:42:00, ,7:46:00,,,,,,,,,,,,,,,,,,,,,,,
,,,,,73,3:38:00,67,4:16:00,54,4:00:00,63,6:47:00,52,7:24:00,56,5:15:00,50,2:49:00,64,11:45:00,46,6:53:00,49,5:55:00,81,12:04:00,,,,,,,,,,,,,,,,,,,,,,,
,,,,,73,3:38:00,71,7:54:00,68,11:54:00,59,18:41:00,55,26:05:00,53,31:20:00,52,34:09:00,52,45:54:00,53,52:47:00,53,58:42:00,61,70:46:00,,,,,,,,,,,,,,,,,,,,,,,
,,,,,,,,,,,,,,,,,,,,,,,,,,,,,,,,,,,,,,,,,,,,,,,,,
62,9th Solo Unlimited,"Pete Binion
TC - Jim Webber",326,9:00, ,12:22:00, ,16:04:00, ,19:41:00, ,0:33:00, ,9:39:00, ,14:53:00, ,17:30:00, ,9:56:00, ,17:17:00, ,3:53:00, ,7:56:00,,,,,,,,,,,,,,,,,,,,,,,
,,,,,58,3:22:00,31,3:42:00,36,3:37:00,26,4:52:00,77,9:06:00,55,5:14:00,41,2:37:00,80,16:26:00,59,7:21:00,73,10:36:00,46,4:03:00,,,,,,,,,,,,,,,,,,,,,,,
,,,,,58,3:22:00,47,7:04:00,41,10:41:00,34,15:33:00,48,24:39:00,47,29:53:00,47,32:30:00,59,48:56:00,59,56:17:00,62,66:53:00,62,70:56:00,,,,,,,,,,,,,,,,,,,,,,,
,,,,,,,,,,,,,,,,,,,,,,,,,,,,,,,,,,,,,,,,,,,,,,,,,
63,7th Novice,"Chris Jacobs
Ryan Dotson
TC - Chris Franks
TC - Vincent Boarini",8326,9:00, ,13:02:00, ,18:45:00, ,23:45:00, ,7:28:00, ,20:20:00, ,1:27:00, ,5:25:00, ,15:18:00, ,22:47:00, ,4:10:00, ,8:15:00,,,,,,,,,,,,,,,,,,,,,,,
,,,,,87,4:02:00,96,5:43:00,85,5:00:00,69,7:43:00,87,12:52:00,50,5:07:00,70,3:58:00,56,9:53:00,66,7:29:00,43,5:23:00,47,4:05:00,,,,,,,,,,,,,,,,,,,,,,,
,,,,,87,4:02:00,94,9:45:00,88,14:45:00,76,22:28:00,83,35:20:00,74,40:27:00,72,44:25:00,72,54:18:00,72,61:47:00,64,67:10:00,63,71:15:00,,,,,,,,,,,,,,,,,,,,,,,
,,,,,,,,,,,,,,,,,,,,,,,,,,,,,,,,,,,,,,,,,,,,,,,,,
64,10th Solo Unlimited,"Robert Briggs
TC - Pat Petrisky
TC - John Valdivia",1111,9:00, ,12:52:00, ,17:31:00, ,21:46:00, ,6:20:00, ,15:57:00, ,23:22:00, ,2:40:00, ,12:55:00, ,21:21:00, ,4:06:00, ,8:47:00,,,,,,,,,,,,,,,,,,,,,,,
,,,,,80,3:52:00,80,4:39:00,64,4:15:00,74,8:34:00,80,9:37:00,78,7:25:00,62,3:18:00,57,10:15:00,73,8:26:00,59,6:45:00,61,4:41:00,,,,,,,,,,,,,,,,,,,,,,,
,,,,,80,3:52:00,82,8:31:00,73,12:46:00,71,21:20:00,77,30:57:00,73,38:22:00,66,41:40:00,69,51:55:00,71,60:21:00,63,67:06:00,64,71:47:00,,,,,,,,,,,,,,,,,,,,,,,
,,,,,,,,,,,,,,,,,,,,,,,,,,,,,,,,,,,,,,,,,,,,,,,,,
65,8th Novice,"Joshua Champaign
Patrick Schreiber
TC - Pat Schreiber
TC - Bobby Scott",4500,9:00, ,12:59:00, ,18:03:00, ,22:28:00, ,7:35:00, ,15:08:00, ,20:53:00, ,4:48:00, ,12:58:00, ,19:42:00, ,5:58:00, ,9:13:00,,,,,,,,,,,,,,,,,,,,,,,
,,,,,83,3:59:00,90,5:04:00,70,4:25:00,78,9:07:00,56,7:33:00,63,5:45:00,81,7:55:00,41,8:10:00,41,6:44:00,72,10:16:00,19,3:15:00,,,,,,,,,,,,,,,,,,,,,,,
,,,,,83,3:59:00,86,9:03:00,82,13:28:00,77,22:35:00,74,30:08:00,70,35:53:00,68,43:48:00,70,51:58:00,68,58:42:00,67,68:58:00,65,72:13:00,,,,,,,,,,,,,,,,,,,,,,,
,,,,,,,,,,,,,,,,,,,,,,,,,,,,,,,,,,,,,,,,,,,,,,,,,
66,9th Novice,"Kelly Stone
Marci Kile
TC - Steve Fonville",6006,9:00, ,12:43:00, ,17:09:00, ,21:49:00, ,4:16:00, ,14:07:00, ,19:46:00, ,22:47:00, ,12:20:00, ,19:04:00, ,5:49:00, ,9:32:00,,,,,,,,,,,,,,,,,,,,,,,
,,,,,74,3:43:00,76,4:26:00,77,4:40:00,58,6:27:00,81,9:51:00,62,5:39:00,55,3:01:00,72,13:33:00,40,6:44:00,75,10:45:00,37,3:43:00,,,,,,,,,,,,,,,,,,,,,,,
,,,,,74,3:43:00,76,8:09:00,74,12:49:00,64,19:16:00,70,29:07:00,66,34:46:00,63,37:47:00,66,51:20:00,66,58:04:00,65,68:49:00,66,72:32:00,,,,,,,,,,,,,,,,,,,,,,,
,,,,,,,,,,,,,,,,,,,,,,,,,,,,,,,,,,,,,,,,,,,,,,,,,
67,16th Tandem Unlimited,"Kennith Startz
Mac McCann
TC - Laura Startz
TC - Nick Startz",5278,9:00, ,12:57:00, ,17:29:00, ,22:09:00, ,7:58:00, ,14:36:00, ,19:33:00, ,6:03:00, ,13:25:00, ,20:40:00, ,6:10:00, ,9:35:00,,,,,,,,,,,,,,,,,,,,,,,
,,,,,82,3:57:00,78,4:32:00,75,4:40:00,82,9:49:00,36,6:38:00,46,4:57:00,83,10:30:00,27,7:22:00,58,7:15:00,71,9:30:00,26,3:25:00,,,,,,,,,,,,,,,,,,,,,,,
,,,,,82,3:57:00,79,8:29:00,78,13:09:00,80,22:58:00,72,29:36:00,65,34:33:00,73,45:03:00,71,52:25:00,70,59:40:00,69,69:10:00,67,72:35:00,,,,,,,,,,,,,,,,,,,,,,,
,,,,,,,,,,,,,,,,,,,,,,,,,,,,,,,,,,,,,,,,,,,,,,,,,
68,11th Solo Unlimited,"Christopher Mullee
TC - Cindy Bick
TC - Stephanie Morris",1802,9:00, ,12:26:00, ,16:45:00, ,21:04:00, ,4:04:00, ,11:44:00, ,18:53:00, ,21:33:00, ,10:12:00, ,18:06:00, ,5:50:00, ,9:39:00,,,,,,,,,,,,,,,,,,,,,,,
,,,,,65,3:26:00,71,4:19:00,68,4:19:00,64,7:00:00,60,7:40:00,75,7:09:00,45,2:40:00,69,12:39:00,70,7:54:00,77,11:44:00,41,3:49:00,,,,,,,,,,,,,,,,,,,,,,,
,,,,,65,3:26:00,68,7:45:00,69,12:04:00,62,19:04:00,59,26:44:00,62,33:53:00,61,36:33:00,60,49:12:00,60,57:06:00,66,68:50:00,68,72:39:00,,,,,,,,,,,,,,,,,,,,,,,
,,,,,,,,,,,,,,,,,,,,,,,,,,,,,,,,,,,,,,,,,,,,,,,,,
69,10th Novice,"Jim Clark
Roy Kleinsasser
TC - RG Ratcliffe",5760,9:00, ,13:30:00, ,17:52:00, ,22:33:00, ,7:51:00, ,15:09:00, ,20:40:00, ,5:10:00, ,12:50:00, ,19:16:00, ,6:00:00, ,9:43:00,,,,,,,,,,,,,,,,,,,,,,,
,,,,,96,4:30:00,75,4:22:00,78,4:41:00,79,9:18:00,49,7:18:00,60,5:31:00,82,8:30:00,35,7:40:00,35,6:26:00,74,10:44:00,38,3:43:00,,,,,,,,,,,,,,,,,,,,,,,
,,,,,96,4:30:00,84,8:52:00,83,13:33:00,79,22:51:00,75,30:09:00,69,35:40:00,71,44:10:00,68,51:50:00,67,58:16:00,68,69:00:00,69,72:43:00,,,,,,,,,,,,,,,,,,,,,,,
,,,,,,,,,,,,,,,,,,,,,,,,,,,,,,,,,,,,,,,,,,,,,,,,,
70,4th Aluminum,"David Lill
Bruce Upham
TC - Emily Lill
TC - Tracie Upham",2203,9:00, ,12:34:00, ,16:50:00, ,21:12:00, ,6:04:00, ,13:53:00, ,21:02:00, ,4:51:00, ,12:15:00, ,19:43:00, ,6:28:00, ,10:10:00,,,,,,,,,,,,,,,,,,,,,,,
,,,,,69,3:34:00,67,4:16:00,69,4:22:00,76,8:52:00,66,7:49:00,76,7:09:00,80,7:49:00,28,7:24:00,65,7:28:00,75,10:45:00,36,3:42:00,,,,,,,,,,,,,,,,,,,,,,,
,,,,,69,3:34:00,70,7:50:00,70,12:12:00,67,21:04:00,68,28:53:00,71,36:02:00,69,43:51:00,65,51:15:00,69,58:43:00,70,69:28:00,70,73:10:00,,,,,,,,,,,,,,,,,,,,,,,
,,,,,,,,,,,,,,,,,,,,,,,,,,,,,,,,,,,,,,,,,,,,,,,,,
71,3rd Women's Team,"Debbie Sackett
Tina Sackett
TC - Dale Tilson
TC - Thomas Coker",6161,9:00, ,12:45:00, ,17:06:00, ,2:00:00, ,9:50:00, ,17:31:00, ,4:03:00, ,7:24:00, ,16:51:00, ,6:09:00, ,11:15:00, ,15:02:00,,,,,,,,,,,,,,,,,,,,,,,
,,,,,75,3:45:00,73,4:21:00,92,8:54:00,71,7:50:00,61,7:41:00,82,10:32:00,64,3:21:00,51,9:27:00,79,13:18:00,39,5:06:00,40,3:47:00,,,,,,,,,,,,,,,,,,,,,,,
,,,,,75,3:45:00,74,8:06:00,92,17:00:00,84,24:50:00,79,32:31:00,77,43:03:00,74,46:24:00,73,55:51:00,73,69:09:00,72,74:15:00,71,78:02:00,,,,,,,,,,,,,,,,,,,,,,,
,,,,,,,,,,,,,,,,,,,,,,,,,,,,,,,,,,,,,,,,,,,,,,,,,
72,5th Aluminum,"Daniel Listi
Tony Listi
TC - Eric Engelhardt
TC - Jeff Brode",7179,9:00, ,12:47:00, ,17:44:00, ,22:24:00, ,7:00:00, ,14:46:00, ,20:10:00, ,1:48:00, ,12:30:00, ,19:01:00, ,11:36:00, ,15:53:00,,,,,,,,,,,,,,,,,,,,,,,
,,,,,77,3:47:00,84,4:57:00,75,4:40:00,75,8:36:00,64,7:46:00,58,5:24:00,77,5:38:00,61,10:42:00,37,6:31:00,81,16:35:00,50,4:17:00,,,,,,,,,,,,,,,,,,,,,,,
,,,,,77,3:47:00,83,8:44:00,81,13:24:00,75,22:00:00,73,29:46:00,68,35:10:00,65,40:48:00,67,51:30:00,65,58:01:00,73,74:36:00,72,78:53:00,,,,,,,,,,,,,,,,,,,,,,,
,,,,,,,,,,,,,,,,,,,,,,,,,,,,,,,,,,,,,,,,,,,,,,,,,
73,12th Solo Unlimited,"Andrew Davis
TC - Jessica Davis
TC - Jim Buckner",556,9:00, ,12:21:00, ,16:05:00, ,20:13:00, ,3:57:00, ,13:10:00, ,18:04:00, ,22:15:00, ,10:59:00, ,18:12:00, ,8:44:00, ,16:28:00,,,,,,,,,,,,,,,,,,,,,,,
,,,,,57,3:21:00,36,3:44:00,62,4:08:00,70,7:44:00,79,9:13:00,44,4:54:00,72,4:11:00,71,12:44:00,56,7:13:00,80,14:32:00,80,7:44:00,,,,,,,,,,,,,,,,,,,,,,,
,,,,,57,3:21:00,50,7:05:00,52,11:13:00,60,18:57:00,65,28:10:00,58,33:04:00,62,37:15:00,61,49:59:00,62,57:12:00,71,71:44:00,73,79:28:00,,,,,,,,,,,,,,,,,,,,,,,
,,,,,,,,,,,,,,,,,,,,,,,,,,,,,,,,,,,,,,,,,,,,,,,,,
74,13th Solo Unlimited,"Jay Fox
TC - Bob Hutchins
TC - Tom Gabriel",5300,9:00, ,12:47:00, ,17:29:00, ,22:22:00, ,9:00:00, ,16:52:00, ,4:50:00, ,8:15:00, ,17:53:00, ,6:54:00, ,13:05:00, ,17:39:00,,,,,,,,,,,,,,,,,,,,,,,
,,,,,77,3:47:00,82,4:42:00,83,4:53:00,87,10:38:00,67,7:52:00,85,11:58:00,65,3:25:00,53,9:38:00,78,13:01:00,52,6:11:00,56,4:34:00,,,,,,,,,,,,,,,,,,,,,,,
,,,,,77,3:47:00,79,8:29:00,80,13:22:00,83,24:00:00,78,31:52:00,79,43:50:00,75,47:15:00,75,56:53:00,74,69:54:00,74,76:05:00,74,80:39:00,,,,,,,,,,,,,,,,,,,,,,,
,,,,,,,,,,,,,,,,,,,,,,,,,,,,,,,,,,,,,,,,,,,,,,,,,
75,17th Tandem Unlimited,"Mark Taylor
Pat Stroka
TC - Jeff Taylor
TC - Doyle Mosier",6755,9:00, ,12:23:00, ,16:16:00, ,20:30:00, ,10:10:00, ,18:50:00, ,6:01:00, ,9:09:00, ,17:24:00, ,7:08:00, ,13:34:00, ,17:41:00,,,,,,,,,,,,,,,,,,,,,,,
,,,,,60,3:23:00,49,3:53:00,63,4:14:00,94,13:40:00,74,8:40:00,84,11:11:00,58,3:08:00,42,8:15:00,80,13:44:00,56,6:26:00,49,4:07:00,,,,,,,,,,,,,,,,,,,,,,,
,,,,,60,3:23:00,58,7:16:00,57,11:30:00,85,25:10:00,81,33:50:00,80,45:01:00,78,48:09:00,74,56:24:00,75,70:08:00,75,76:34:00,75,80:41:00,,,,,,,,,,,,,,,,,,,,,,,
,,,,,,,,,,,,,,,,,,,,,,,,,,,,,,,,,,,,,,,,,,,,,,,,,
76,11th Novice,"Brooks Porche
Randall Moore
TC - Richard Porche
TC - Bryan Porche",3240,9:00, ,12:59:00, ,17:58:00, ,23:20:00, ,11:32:00, ,20:05:00, ,4:42:00, ,8:38:00, ,19:04:00, ,9:17:00, ,15:30:00, ,19:31:00,,,,,,,,,,,,,,,,,,,,,,,
,,,,,83,3:59:00,85,4:59:00,88,5:22:00,93,12:12:00,71,8:33:00,81,8:37:00,69,3:56:00,59,10:26:00,82,14:13:00,54,6:13:00,45,4:01:00,,,,,,,,,,,,,,,,,,,,,,,
,,,,,83,3:59:00,85,8:58:00,85,14:20:00,87,26:32:00,82,35:05:00,78,43:42:00,77,47:38:00,77,58:04:00,78,72:17:00,76,78:30:00,76,82:31:00,,,,,,,,,,,,,,,,,,,,,,,
,,,,,,,,,,,,,,,,,,,,,,,,,,,,,,,,,,,,,,,,,,,,,,,,,
77,14th Solo Unlimited,"Alfred Andrews
TC - Terrie Thompson",1717,9:00, ,12:53:00, ,17:30:00, ,22:20:00, ,8:18:00, ,18:10:00, ,7:01:00, ,11:02:00, ,21:38:00, ,8:52:00, ,16:28:00, ,19:48:00,,,,,,,,,,,,,,,,,,,,,,,
,,,,,81,3:53:00,79,4:37:00,81,4:50:00,84,9:58:00,82,9:52:00,86,12:51:00,71,4:01:00,60,10:36:00,77,11:14:00,66,7:36:00,22,3:20:00,,,,,,,,,,,,,,,,,,,,,,,
,,,,,81,3:53:00,81,8:30:00,79,13:20:00,81,23:18:00,80,33:10:00,81,46:01:00,80,50:02:00,78,60:38:00,77,71:52:00,77,79:28:00,77,82:48:00,,,,,,,,,,,,,,,,,,,,,,,
,,,,,,,,,,,,,,,,,,,,,,,,,,,,,,,,,,,,,,,,,,,,,,,,,
78,14th Unlimited,"Paul Glisson
Clint Simmons
Adam Felfe
Brendan Puthoff
TC - Emily Addlesperger
TC - Rachel Simmons",1004,9:00, ,13:00:00, ,18:17:00, ,7:01:00, ,14:22:00, ,7:23:00, ,13:23:00, ,16:43:00, ,8:05:00, ,15:16:00, ,22:05:00, ,1:40:00,,,,,,,,,,,,,,,,,,,,,,,
,,,,,85,4:00:00,93,5:17:00,96,12:44:00,67,7:21:00,89,17:01:00,70,6:00:00,63,3:20:00,78,15:22:00,55,7:11:00,61,6:49:00,30,3:35:00,,,,,,,,,,,,,,,,,,,,,,,
,,,,,85,4:00:00,89,9:17:00,96,22:01:00,92,29:22:00,89,46:23:00,84,52:23:00,82,55:43:00,80,71:05:00,80,78:16:00,78,85:05:00,78,88:40:00,,,,,,,,,,,,,,,,,,,,,,,
,,,,,,,,,,,,,,,,,,,,,,,,,,,,,,,,,,,,,,,,,,,,,,,,,
79,15th Solo Unlimited,"Glenn Burrow
TC - Dale Burrow",1337,9:00, ,13:20:00, ,19:58:00, ,1:38:00, ,12:16:00, ,0:25:00, ,11:32:00, ,15:03:00, ,6:00:00, ,14:00:00, ,22:08:00, ,2:40:00,,,,,,,,,,,,,,,,,,,,,,,
,,,,,93,4:20:00,99,6:38:00,89,5:40:00,88,10:38:00,85,12:09:00,83,11:07:00,67,3:31:00,76,14:57:00,71,8:00:00,67,8:08:00,54,4:32:00,,,,,,,,,,,,,,,,,,,,,,,
,,,,,93,4:20:00,99,10:58:00,91,16:38:00,90,27:16:00,87,39:25:00,83,50:32:00,81,54:03:00,79,69:00:00,79,77:00:00,79,85:08:00,79,89:40:00,,,,,,,,,,,,,,,,,,,,,,,
,,,,,,,,,,,,,,,,,,,,,,,,,,,,,,,,,,,,,,,,,,,,,,,,,
80,16th Solo Unlimited,"Bob Wise
TC - Melanie Wise
TC - Les Schafer",575,9:00, ,14:12:00, ,19:18:00, ,8:55:00, ,15:56:00, ,8:37:00, ,14:35:00, ,17:45:00, ,10:57:00, ,18:19:00, ,6:44:00, ,11:41:00,,,,,,,,,,,,,,,,,,,,,,,
,,,,,100,5:12:00,91,5:06:00,97,13:37:00,65,7:01:00,88,16:41:00,69,5:58:00,59,3:10:00,82,17:12:00,60,7:22:00,79,12:25:00,70,4:57:00,,,,,,,,,,,,,,,,,,,,,,,
,,,,,100,5:12:00,97,10:18:00,97,23:55:00,94,30:56:00,91,47:37:00,85,53:35:00,83,56:45:00,82,73:57:00,82,81:19:00,81,93:44:00,80,98:41:00,,,,,,,,,,,,,,,,,,,,,,,
,,,,,,,,,,,,,,,,,,,,,,,,,,,,,,,,,,,,,,,,,,,,,,,,,
81,4th Mixed,"Chelsea Keenan
Joseph Lyon
TC - Robert Lyon
TC - Sydney Lyon",8,9:00, ,13:26:00, ,19:18:00, ,6:49:00, ,15:10:00, ,8:33:00, ,14:57:00, ,19:42:00, ,9:33:00, ,18:16:00, ,6:37:00, ,11:43:00,,,,,,,,,,,,,,,,,,,,,,,
,,,,,95,4:26:00,98,5:52:00,94,11:31:00,73,8:21:00,90,17:23:00,73,6:24:00,75,4:45:00,73,13:51:00,74,8:43:00,78,12:21:00,74,5:06:00,,,,,,,,,,,,,,,,,,,,,,,
,,,,,95,4:26:00,97,10:18:00,95,21:49:00,93,30:10:00,90,47:33:00,86,53:57:00,84,58:42:00,81,72:33:00,81,81:16:00,80,93:37:00,81,98:43:00,,,,,,,,,,,,,,,,,,,,,,,
,,,,,,,,,,,,,,,,,,,,,,,,,,,,,,,,,,,,,,,,,,,,,,,,,
DNF,,"Martha Adame
Jeannie Hale
TC - Adam Adame  ",5261,9:00, ,13:11:00, ,18:13:00, ,23:28:00, ,10:38:00, ,22:47:00, ,3:58:00, ,8:21:00, ,18:45:00, ,8:45:00,,,,,,,,,,,,,,,,,,,,,,,,,,,
,,,,,89,4:11:00,87,5:02:00,86,5:15:00,89,11:10:00,86,12:09:00,54,5:11:00,74,4:23:00,58,10:24:00,81,14:00:00,,,,,,,,,,,,,,,,,,,,,,,,,,,
,,,,,89,4:11:00,87,9:13:00,86,14:28:00,86,25:38:00,85,37:47:00,76,42:58:00,76,47:21:00,76,57:45:00,76,71:45:00,,,,,,,,,,,,,,,,,,,,,,,,,,,
,,,,,,,,,,,,,,,,,,,,,,,,,,,,,,,,,,,,,,,,,,,,,,,,,
DNF,,"Richard Ameen 
TC - Samantha Ameen
TC - Tami Ameen",8005,9:00, ,11:52:00, ,15:27:00, ,19:03:00, ,23:59:00, ,6:15:00, ,12:13:00, ,16:26:00,,,,,,,,,,,,,,,,,,,,,,,,,,,,,,,
,,,,,26,2:52:00,24,3:35:00,35,3:36:00,30,4:56:00,27,6:16:00,68,5:58:00,73,4:13:00,,,,,,,,,,,,,,,,,,,,,,,,,,,,,,,
,,,,,26,2:52:00,25,6:27:00,26,10:03:00,23,14:59:00,25,21:15:00,34,27:13:00,40,31:26:00,,,,,,,,,,,,,,,,,,,,,,,,,,,,,,,
,,,,,,,,,,,,,,,,,,,,,,,,,,,,,,,,,,,,,,,,,,,,,,,,,
DNF,,"Jon Schoepflin 
TC - Austin Leger
TC - Shannon Schoepflin",41,9:00, ,12:49:00, ,18:32:00, ,0:22:00, ,11:53:00, ,22:52:00, ,7:21:00, ,10:51:00,,,,,,,,,,,,,,,,,,,,,,,,,,,,,,,
,,,,,79,3:49:00,96,5:43:00,90,5:50:00,92,11:31:00,84,10:59:00,80,8:29:00,66,3:30:00,,,,,,,,,,,,,,,,,,,,,,,,,,,,,,,
,,,,,79,3:49:00,93,9:32:00,89,15:22:00,89,26:53:00,86,37:52:00,82,46:21:00,79,49:51:00,,,,,,,,,,,,,,,,,,,,,,,,,,,,,,,
,,,,,,,,,,,,,,,,,,,,,,,,,,,,,,,,,,,,,,,,,,,,,,,,,
DNF,,"Michael McGuire
TC - Michael McGuire",9969,9:00, ,12:25:00, ,16:43:00, ,21:30:00, ,4:17:00, ,11:42:00, ,20:06:00,,,,,,,,,,,,,,,,,,,,,,,,,,,,,,,,,
,,,,,64,3:25:00,70,4:18:00,80,4:47:00,62,6:47:00,53,7:25:00,79,8:24:00,,,,,,,,,,,,,,,,,,,,,,,,,,,,,,,,,
,,,,,64,3:25:00,65,7:43:00,71,12:30:00,65,19:17:00,57,26:42:00,67,35:06:00,,,,,,,,,,,,,,,,,,,,,,,,,,,,,,,,,
,,,,,,,,,,,,,,,,,,,,,,,,,,,,,,,,,,,,,,,,,,,,,,,,,
DNF,,"BJ Dobbs
TC - Crystal Dobbs
TC - Brenda Rogers",6988,9:00, ,13:30:00, ,18:31:00, ,6:29:00, ,13:09:00, ,20:47:00, ,2:59:00,,,,,,,,,,,,,,,,,,,,,,,,,,,,,,,,,
,,,,,96,4:30:00,86,5:01:00,95,11:58:00,61,6:40:00,59,7:38:00,72,6:12:00,,,,,,,,,,,,,,,,,,,,,,,,,,,,,,,,,
,,,,,96,4:30:00,92,9:31:00,94,21:29:00,91,28:09:00,84,35:47:00,75,41:59:00,,,,,,,,,,,,,,,,,,,,,,,,,,,,,,,,,
,,,,,,,,,,,,,,,,,,,,,,,,,,,,,,,,,,,,,,,,,,,,,,,,,
DNF,,"Michael Tecci
TC - Joe Graef
TC - Melanie Boudreaux",8387,9:00, ,11:49:00, ,15:23:00, ,0:22:00, ,11:47:00, ,6:17:00,,,,,,,,,,,,,,,,,,,,,,,,,,,,,,,,,,,
,,,,,23,2:49:00,23,3:34:00,93,8:59:00,90,11:25:00,91,18:30:00,,,,,,,,,,,,,,,,,,,,,,,,,,,,,,,,,,,
,,,,,23,2:49:00,23,6:23:00,89,15:22:00,88,26:47:00,88,45:17:00,,,,,,,,,,,,,,,,,,,,,,,,,,,,,,,,,,,
,,,,,,,,,,,,,,,,,,,,,,,,,,,,,,,,,,,,,,,,,,,,,,,,,
DNF,,"Eric Whicker
Teddy Gray
TC - Joy Emshoff",11,9:00, ,11:59:00, ,15:42:00, ,19:17:00, ,0:45:00, ,6:47:00,,,,,,,,,,,,,,,,,,,,,,,,,,,,,,,,,,,
,,,,,34,2:59:00,34,3:43:00,33,3:35:00,43,5:28:00,22,6:02:00,,,,,,,,,,,,,,,,,,,,,,,,,,,,,,,,,,,
,,,,,34,2:59:00,36,6:42:00,35,10:17:00,39,15:45:00,29,21:47:00,,,,,,,,,,,,,,,,,,,,,,,,,,,,,,,,,,,
,,,,,,,,,,,,,,,,,,,,,,,,,,,,,,,,,,,,,,,,,,,,,,,,,
DNF,,"David Carlson
TC - Tom Phillips
TC - Henry Meyer",717,9:00, ,11:47:00, ,15:19:00, ,18:45:00, ,0:09:00, ,7:20:00,,,,,,,,,,,,,,,,,,,,,,,,,,,,,,,,,,,
,,,,,22,2:47:00,22,3:32:00,24,3:26:00,41,5:24:00,44,7:11:00,,,,,,,,,,,,,,,,,,,,,,,,,,,,,,,,,,,
,,,,,22,2:47:00,21,6:19:00,21,9:45:00,30,15:09:00,37,22:20:00,,,,,,,,,,,,,,,,,,,,,,,,,,,,,,,,,,,
,,,,,,,,,,,,,,,,,,,,,,,,,,,,,,,,,,,,,,,,,,,,,,,,,
DNF,,"Kent Patteson
Brenden Patteson
TC - Gene Patteson
TC - Tammy Garman",2204,9:00, ,12:27:00, ,16:48:00, ,20:53:00, ,3:04:00, ,12:08:00,,,,,,,,,,,,,,,,,,,,,,,,,,,,,,,,,,,
,,,,,66,3:27:00,74,4:21:00,60,4:05:00,55,6:11:00,76,9:04:00,,,,,,,,,,,,,,,,,,,,,,,,,,,,,,,,,,,
,,,,,66,3:27:00,69,7:48:00,67,11:53:00,56,18:04:00,62,27:08:00,,,,,,,,,,,,,,,,,,,,,,,,,,,,,,,,,,,
,,,,,,,,,,,,,,,,,,,,,,,,,,,,,,,,,,,,,,,,,,,,,,,,,
DNF,,"Mark Netland
TC - James Netland ",146,9:00, ,12:45:00, ,17:05:00, ,21:32:00, ,6:25:00, ,13:38:00,,,,,,,,,,,,,,,,,,,,,,,,,,,,,,,,,,,
,,,,,75,3:45:00,72,4:20:00,71,4:27:00,77,8:53:00,46,7:13:00,,,,,,,,,,,,,,,,,,,,,,,,,,,,,,,,,,,
,,,,,75,3:45:00,72,8:05:00,72,12:32:00,72,21:25:00,66,28:38:00,,,,,,,,,,,,,,,,,,,,,,,,,,,,,,,,,,,
,,,,,,,,,,,,,,,,,,,,,,,,,,,,,,,,,,,,,,,,,,,,,,,,,
DNF,,"Doug Rhude
TC - Dan Cantu",62,9:00, ,12:29:00, ,16:22:00, ,20:38:00, ,4:50:00,,,,,,,,,,,,,,,,,,,,,,,,,,,,,,,,,,,,,
,,,,,67,3:29:00,51,3:53:00,65,4:16:00,72,8:12:00,,,,,,,,,,,,,,,,,,,,,,,,,,,,,,,,,,,,,
,,,,,67,3:29:00,59,7:22:00,60,11:38:00,66,19:50:00,,,,,,,,,,,,,,,,,,,,,,,,,,,,,,,,,,,,,
,,,,,,,,,,,,,,,,,,,,,,,,,,,,,,,,,,,,,,,,,,,,,,,,,
DNF,,"Cloud Richards
Matt Beahm
TC - Matt Kruetz
TC - Cloud Richards",777,9:00, ,13:15:00, ,18:19:00, ,23:40:00, ,6:17:00,,,,,,,,,,,,,,,,,,,,,,,,,,,,,,,,,,,,,
,,,,,92,4:15:00,89,5:04:00,87,5:21:00,60,6:37:00,,,,,,,,,,,,,,,,,,,,,,,,,,,,,,,,,,,,,
,,,,,92,4:15:00,90,9:19:00,87,14:40:00,69,21:17:00,,,,,,,,,,,,,,,,,,,,,,,,,,,,,,,,,,,,,
,,,,,,,,,,,,,,,,,,,,,,,,,,,,,,,,,,,,,,,,,,,,,,,,,
DNF,,"Fredrick Bondurant
TC - John Haffner
TC - Brenda Bondurant",445,9:00, ,12:35:00, ,17:23:00, ,21:52:00, ,8:22:00,,,,,,,,,,,,,,,,,,,,,,,,,,,,,,,,,,,,,
,,,,,70,3:35:00,83,4:48:00,73,4:29:00,86,10:30:00,,,,,,,,,,,,,,,,,,,,,,,,,,,,,,,,,,,,,
,,,,,70,3:35:00,78,8:23:00,75,12:52:00,82,23:22:00,,,,,,,,,,,,,,,,,,,,,,,,,,,,,,,,,,,,,
,,,,,,,,,,,,,,,,,,,,,,,,,,,,,,,,,,,,,,,,,,,,,,,,,
DNF,,"Rocco Moses
TC - Paul Moses
TC - Colt Trant",8485,9:00, ,11:57:00, ,15:40:00, ,19:40:00,,,,,,,,,,,,,,,,,,,,,,,,,,,,,,,,,,,,,,,
,,,,,32,2:57:00,34,3:43:00,57,4:00:00,,,,,,,,,,,,,,,,,,,,,,,,,,,,,,,,,,,,,,,
,,,,,32,2:57:00,32,6:40:00,40,10:40:00,,,,,,,,,,,,,,,,,,,,,,,,,,,,,,,,,,,,,,,
,,,,,,,,,,,,,,,,,,,,,,,,,,,,,,,,,,,,,,,,,,,,,,,,,
DNF,,"Richard Drake
Rick Drake
TC - Tina Drake  ",4162,9:00, ,13:12:00, ,18:15:00, ,23:05:00,,,,,,,,,,,,,,,,,,,,,,,,,,,,,,,,,,,,,,,
,,,,,90,4:12:00,88,5:03:00,81,4:50:00,,,,,,,,,,,,,,,,,,,,,,,,,,,,,,,,,,,,,,,
,,,,,90,4:12:00,88,9:15:00,84,14:05:00,,,,,,,,,,,,,,,,,,,,,,,,,,,,,,,,,,,,,,,
,,,,,,,,,,,,,,,,,,,,,,,,,,,,,,,,,,,,,,,,,,,,,,,,,
DNF,,"David Hammond
Andrew Ranallo
Randy Hern
TC - Katy Lancaster
TC - Angela Ranallo",1861,9:00, ,14:00:00, ,20:40:00, ,3:05:00,,,,,,,,,,,,,,,,,,,,,,,,,,,,,,,,,,,,,,,
,,,,,99,5:00:00,100,6:40:00,91,6:25:00,,,,,,,,,,,,,,,,,,,,,,,,,,,,,,,,,,,,,,,
,,,,,99,5:00:00,100,11:40:00,93,18:05:00,,,,,,,,,,,,,,,,,,,,,,,,,,,,,,,,,,,,,,,
,,,,,,,,,,,,,,,,,,,,,,,,,,,,,,,,,,,,,,,,,,,,,,,,,
DNF,,"Heather Smart
TC - Evelyn Johnson
TC - Brandon Castro",1108,9:00, ,13:22:00, ,19:01:00, ,9:24:00,,,,,,,,,,,,,,,,,,,,,,,,,,,,,,,,,,,,,,,
,,,,,94,4:22:00,95,5:39:00,98,14:23:00,,,,,,,,,,,,,,,,,,,,,,,,,,,,,,,,,,,,,,,
,,,,,94,4:22:00,96,10:01:00,98,24:24:00,,,,,,,,,,,,,,,,,,,,,,,,,,,,,,,,,,,,,,,
,,,,,,,,,,,,,,,,,,,,,,,,,,,,,,,,,,,,,,,,,,,,,,,,,
DNF,,"James Hunt
Jacob Galindo
TC - Alyssa Hunt
TC - Brittani Shafer",322,9:00, ,13:08:00, ,18:21:00,,,,,,,,,,,,,,,,,,,,,,,,,,,,,,,,,,,,,,,,,
,,,,,88,4:08:00,92,5:13:00,,,,,,,,,,,,,,,,,,,,,,,,,,,,,,,,,,,,,,,,,
,,,,,88,4:08:00,91,9:21:00,,,,,,,,,,,,,,,,,,,,,,,,,,,,,,,,,,,,,,,,,
,,,,,,,,,,,,,,,,,,,,,,,,,,,,,,,,,,,,,,,,,,,,,,,,,
DNF,,"Peter Tupker
TC - Duangchai Intalek
TC - Peter Tupker",527,9:00, ,13:31:00, ,18:55:00,,,,,,,,,,,,,,,,,,,,,,,,,,,,,,,,,,,,,,,,,
,,,,,98,4:31:00,94,5:24:00,,,,,,,,,,,,,,,,,,,,,,,,,,,,,,,,,,,,,,,,,
,,,,,98,4:31:00,95,9:55:00,,,,,,,,,,,,,,,,,,,,,,,,,,,,,,,,,,,,,,,,,
,,,,,,,,,,,,,,,,,,,,,,,,,,,,,,,,,,,,,,,,,,,,,,,,,
DNF,,"Henry Mecredy
TC - Evan Mecredy
TC - Henry Taylor",1714,9:00, ,14:15:00, ,21:00:00,,,,,,,,,,,,,,,,,,,,,,,,,,,,,,,,,,,,,,,,,
,,,,,101,5:15:00,101,6:45:00,,,,,,,,,,,,,,,,,,,,,,,,,,,,,,,,,,,,,,,,,
,,,,,101,5:15:00,101,12:00:00,,,,,,,,,,,,,,,,,,,,,,,,,,,,,,,,,,,,,,,,,
,,,,,,,,,,,,,,,,,,,,,,,,,,,,,,,,,,,,,,,,,,,,,,,,,
DNF,,"Deon Madsen
TC - Woodrow Courtney",1787,9:00,,,,,,,,,,,,,,,,,,,,,,,,,,,,,,,,,,,,,,,,,,,,,
,,,,,,,,,,,,,,,,,,,,,,,,,,,,,,,,,,,,,,,,,,,,,,,,,
,,,,,,,,,,,,,,,,,,,,,,,,,,,,,,,,,,,,,,,,,,,,,,,,,
,,,,,,,,,,,,,,,,,,,,,,,,,,,,,,,,,,,,,,,,,,,,,,,,,
,,,,,,,,,,,,,,,,,,,,,,,,,,,,,,,,,,,,,,,,,,,,,,,,,
,,,,,,,,,,,,,,,,,,,,,,,,,,,,,,,,,,,,,,,,,,,,,,,,,
,,,,,,,,,,,,,,,,,,,,,,,,,,,,,,,,,,,,,,,,,,,,,,,,,
,,,,,,,,,,,,,,,,,,,,,,,,,,,,,,,,,,,,,,,,,,,,,,,,,
,,,,,,,,,,,,,,,,,,,,,,,,,,,,,,,,,,,,,,,,,,,,,,,,,
,,,,,,,,,,,,,,,,,,,,,,,,,,,,,,,,,,,,,,,,,,,,,,,,,
,,,,,,,,,,,,,,,,,,,,,,,,,,,,,,,,,,,,,,,,,,,,,,,,,
,,,,,,,,,,,,,,,,,,,,,,,,,,,,,,,,,,,,,,,,,,,,,,,,,
,,,,,,,,,,,,,,,,,,,,,,,,,,,,,,,,,,,,,,,,,,,,,,,,,
,,,,,,,,,,,,,,,,,,,,,,,,,,,,,,,,,,,,,,,,,,,,,,,,,
,,,,,,,,,,,,,,,,,,,,,,,,,,,,,,,,,,,,,,,,,,,,,,,,,
,,,,,,,,,,,,,,,,,,,,,,,,,,,,,,,,,,,,,,,,,,,,,,,,,
,,,,,,,,,,,,,,,,,,,,,,,,,,,,,,,,,,,,,,,,,,,,,,,,,
,,,,,,,,,,,,,,,,,,,,,,,,,,,,,,,,,,,,,,,,,,,,,,,,,
,,,,,,,,,,,,,,,,,,,,,,,,,,,,,,,,,,,,,,,,,,,,,,,,,
,,,,,,,,,,,,,,,,,,,,,,,,,,,,,,,,,,,,,,,,,,,,,,,,,
,,,,,,,,,,,,,,,,,,,,,,,,,,,,,,,,,,,,,,,,,,,,,,,,,
,,,,,,,,,,,,,,,,,,,,,,,,,,,,,,,,,,,,,,,,,,,,,,,,,
,,,,,,,,,,,,,,,,,,,,,,,,,,,,,,,,,,,,,,,,,,,,,,,,,
,,,,,,,,,,,,,,,,,,,,,,,,,,,,,,,,,,,,,,,,,,,,,,,,,
,,,,9:00,,,,,,,,,,,,,,,,,,,,,,,,,,,,,,,,,,,,,,,,,,,,,
,,,,,,,,,,,,,,,,,,,,,,,,,,,,,,,,,,,,,,,,,,,,,,,,,
,,,,,,,,,,,,,,,,,,,,,,,,,,,,,,,,,,,,,,,,,,,,,,,,,
,,,,,,,,,,,,,,,,,,,,,,,,,,,,,,,,,,,,,,,,,,,,,,,,,
,,,,9:00,,,,,,,,,,,,,,,,,,,,,,,,,,,,,,,,,,,,,,,,,,,,,
,,,,,,,,,,,,,,,,,,,,,,,,,,,,,,,,,,,,,,,,,,,,,,,,,
,,,,,,,,,,,,,,,,,,,,,,,,,,,,,,,,,,,,,,,,,,,,,,,,,
,,,,,,,,,,,,,,,,,,,,,,,,,,,,,,,,,,,,,,,,,,,,,,,,,
,,,,9:00,,,,,,,,,,,,,,,,,,,,,,,,,,,,,,,,,,,,,,,,,,,,,
,,,,,,,,,,,,,,,,,,,,,,,,,,,,,,,,,,,,,,,,,,,,,,,,,
,,,,,,,,,,,,,,,,,,,,,,,,,,,,,,,,,,,,,,,,,,,,,,,,,
,,,,,,,,,,,,,,,,,,,,,,,,,,,,,,,,,,,,,,,,,,,,,,,,,
,,,,9:00,,,,,,,,,,,,,,,,,,,,,,,,,,,,,,,,,,,,,,,,,,,,,
,,,,,,,,,,,,,,,,,,,,,,,,,,,,,,,,,,,,,,,,,,,,,,,,,
,,,,,,,,,,,,,,,,,,,,,,,,,,,,,,,,,,,,,,,,,,,,,,,,,
,,,,,,,,,,,,,,,,,,,,,,,,,,,,,,,,,,,,,,,,,,,,,,,,,
,,,,9:00,,,,,,,,,,,,,,,,,,,,,,,,,,,,,,,,,,,,,,,,,,,,,
,,,,,,,,,,,,,,,,,,,,,,,,,,,,,,,,,,,,,,,,,,,,,,,,,
,,,,,,,,,,,,,,,,,,,,,,,,,,,,,,,,,,,,,,,,,,,,,,,,,
,,,,,,,,,,,,,,,,,,,,,,,,,,,,,,,,,,,,,,,,,,,,,,,,,
,,,,9:00,,,,,,,,,,,,,,,,,,,,,,,,,,,,,,,,,,,,,,,,,,,,,
,,,,,,,,,,,,,,,,,,,,,,,,,,,,,,,,,,,,,,,,,,,,,,,,,
,,,,,,,,,,,,,,,,,,,,,,,,,,,,,,,,,,,,,,,,,,,,,,,,,
,,,,,,,,,,,,,,,,,,,,,,,,,,,,,,,,,,,,,,,,,,,,,,,,,
,,,,9:00,,,,,,,,,,,,,,,,,,,,,,,,,,,,,,,,,,,,,,,,,,,,,
,,,,,,,,,,,,,,,,,,,,,,,,,,,,,,,,,,,,,,,,,,,,,,,,,
,,,,,,,,,,,,,,,,,,,,,,,,,,,,,,,,,,,,,,,,,,,,,,,,,
,,,,,,,,,,,,,,,,,,,,,,,,,,,,,,,,,,,,,,,,,,,,,,,,,
,,,,9:00,,,,,,,,,,,,,,,,,,,,,,,,,,,,,,,,,,,,,,,,,,,,,
,,,,,,,,,,,,,,,,,,,,,,,,,,,,,,,,,,,,,,,,,,,,,,,,,
,,,,,,,,,,,,,,,,,,,,,,,,,,,,,,,,,,,,,,,,,,,,,,,,,
,,,,,,,,,,,,,,,,,,,,,,,,,,,,,,,,,,,,,,,,,,,,,,,,,
,,,,,,,,,,,,,,,,,,,,,,,,,,,,,,,,,,,,,,,,,,,,,,,,,
,,,,,,,,,,,,,,,,,,,,,,,,,,,,,,,,,,,,,,,,,,,,,,,,,
,,,,,,,,,,,,,,,,,,,,,,,,,,,,,,,,,,,,,,,,,,,,,,,,,
,,,,,,,,,,,,,,,,,,,,,,,,,,,,,,,,,,,,,,,,,,,,,,,,,
,,,,,,,,,,,,,,,,,,,,,,,,,,,,,,,,,,,,,,,,,,,,,,,,,
,,,,,,,,,,,,,,,,,,,,,,,,,,,,,,,,,,,,,,,,,,,,,,,,,
,,,,,,,,,,,,,,,,,,,,,,,,,,,,,,,,,,,,,,,,,,,,,,,,,
,,,,,,,,,,,,,,,,,,,,,,,,,,,,,,,,,,,,,,,,,,,,,,,,,
,,,,,,,,,,,,,,,,,,,,,,,,,,,,,,,,,,,,,,,,,,,,,,,,,
,,,,,,,,,,,,,,,,,,,,,,,,,,,,,,,,,,,,,,,,,,,,,,,,,
,,,,,,,,,,,,,,,,,,,,,,,,,,,,,,,,,,,,,,,,,,,,,,,,,
,,,,,,,,,,,,,,,,,,,,,,,,,,,,,,,,,,,,,,,,,,,,,,,,,
,,,,,,,,,,,,,,,,,,,,,,,,,,,,,,,,,,,,,,,,,,,,,,,,,
,,,,,,,,,,,,,,,,,,,,,,,,,,,,,,,,,,,,,,,,,,,,,,,,,
,,,,,,,,,,,,,,,,,,,,,,,,,,,,,,,,,,,,,,,,,,,,,,,,,
,,,,,,,,,,,,,,,,,,,,,,,,,,,,,,,,,,,,,,,,,,,,,,,,,
,,,,,,,,,,,,,,,,,,,,,,,,,,,,,,,,,,,,,,,,,,,,,,,,,
,,,,,,,,,,,,,,,,,,,,,,,,,,,,,,,,,,,,,,,,,,,,,,,,,
,,,,,,,,,,,,,,,,,,,,,,,,,,,,,,,,,,,,,,,,,,,,,,,,,
,,,,,,,,,,,,,,,,,,,,,,,,,,,,,,,,,,,,,,,,,,,,,,,,,
,,,,,,,,,,,,,,,,,,,,,,,,,,,,,,,,,,,,,,,,,,,,,,,,,
,,,,,,,,,,,,,,,,,,,,,,,,,,,,,,,,,,,,,,,,,,,,,,,,,
,,,,,,,,,,,,,,,,,,,,,,,,,,,,,,,,,,,,,,,,,,,,,,,,,
,,,,,,,,,,,,,,,,,,,,,,,,,,,,,,,,,,,,,,,,,,,,,,,,,
,,,,,,,,,,,,,,,,,,,,,,,,,,,,,,,,,,,,,,,,,,,,,,,,,
,,,,,,,,,,,,,,,,,,,,,,,,,,,,,,,,,,,,,,,,,,,,,,,,,
,,,,,,,,,,,,,,,,,,,,,,,,,,,,,,,,,,,,,,,,,,,,,,,,,
,,,,,,,,,,,,,,,,,,,,,,,,,,,,,,,,,,,,,,,,,,,,,,,,,
,,,,,,,,,,,,,,,,,,,,,,,,,,,,,,,,,,,,,,,,,,,,,,,,,
,,,,,,,,,,,,,,,,,,,,,,,,,,,,,,,,,,,,,,,,,,,,,,,,,
,,,,,,,,,,,,,,,,,,,,,,,,,,,,,,,,,,,,,,,,,,,,,,,,,
,,,,,,,,,,,,,,,,,,,,,,,,,,,,,,,,,,,,,,,,,,,,,,,,,
,,,,,,,,,,,,,,,,,,,,,,,,,,,,,,,,,,,,,,,,,,,,,,,,,
,,,,,,,,,,,,,,,,,,,,,,,,,,,,,,,,,,,,,,,,,,,,,,,,,
,,,,,,,,,,,,,,,,,,,,,,,,,,,,,,,,,,,,,,,,,,,,,,,,,
,,,,,,,,,,,,,,,,,,,,,,,,,,,,,,,,,,,,,,,,,,,,,,,,,
,,,,,,,,,,,,,,,,,,,,,,,,,,,,,,,,,,,,,,,,,,,,,,,,,
,,,,,,,,,,,,,,,,,,,,,,,,,,,,,,,,,,,,,,,,,,,,,,,,,
,,,,,,,,,,,,,,,,,,,,,,,,,,,,,,,,,,,,,,,,,,,,,,,,,
,,,,,,,,,,,,,,,,,,,,,,,,,,,,,,,,,,,,,,,,,,,,,,,,,
,,,,,,,,,,,,,,,,,,,,,,,,,,,,,,,,,,,,,,,,,,,,,,,,,
,,,,,,,,,,,,,,,,,,,,,,,,,,,,,,,,,,,,,,,,,,,,,,,,,
,,,,,,,,,,,,,,,,,,,,,,,,,,,,,,,,,,,,,,,,,,,,,,,,,
,,,,,,,,,,,,,,,,,,,,,,,,,,,,,,,,,,,,,,,,,,,,,,,,,
,,,,,,,,,,,,,,,,,,,,,,,,,,,,,,,,,,,,,,,,,,,,,,,,,
,,,,,,,,,,,,,,,,,,,,,,,,,,,,,,,,,,,,,,,,,,,,,,,,,
,,,,,,,,,,,,,,,,,,,,,,,,,,,,,,,,,,,,,,,,,,,,,,,,,
,,,,,,,,,,,,,,,,,,,,,,,,,,,,,,,,,,,,,,,,,,,,,,,,,
,,,,,,,,,,,,,,,,,,,,,,,,,,,,,,,,,,,,,,,,,,,,,,,,,
,,,,,,,,,,,,,,,,,,,,,,,,,,,,,,,,,,,,,,,,,,,,,,,,,
,,,,,,,,,,,,,,,,,,,,,,,,,,,,,,,,,,,,,,,,,,,,,,,,,
,,,,,,,,,,,,,,,,,,,,,,,,,,,,,,,,,,,,,,,,,,,,,,,,,
,,,,,,,,,,,,,,,,,,,,,,,,,,,,,,,,,,,,,,,,,,,,,,,,,
,,,,,,,,,,,,,,,,,,,,,,,,,,,,,,,,,,,,,,,,,,,,,,,,,
,,,,,,,,,,,,,,,,,,,,,,,,,,,,,,,,,,,,,,,,,,,,,,,,,
,,,,,,,,,,,,,,,,,,,,,,,,,,,,,,,,,,,,,,,,,,,,,,,,,
,,,,,,,,,,,,,,,,,,,,,,,,,,,,,,,,,,,,,,,,,,,,,,,,,
,,,,,,,,,,,,,,,,,,,,,,,,,,,,,,,,,,,,,,,,,,,,,,,,,
,,,,,,,,,,,,,,,,,,,,,,,,,,,,,,,,,,,,,,,,,,,,,,,,,
,,,,,,,,,,,,,,,,,,,,,,,,,,,,,,,,,,,,,,,,,,,,,,,,,
,,,,,,,,,,,,,,,,,,,,,,,,,,,,,,,,,,,,,,,,,,,,,,,,,
,,,,,,,,,,,,,,,,,,,,,,,,,,,,,,,,,,,,,,,,,,,,,,,,,
,,,,,,,,,,,,,,,,,,,,,,,,,,,,,,,,,,,,,,,,,,,,,,,,,
,,,,,,,,,,,,,,,,,,,,,,,,,,,,,,,,,,,,,,,,,,,,,,,,,
,,,,,,,,,,,,,,,,,,,,,,,,,,,,,,,,,,,,,,,,,,,,,,,,,
,,,,,,,,,,,,,,,,,,,,,,,,,,,,,,,,,,,,,,,,,,,,,,,,,
,,,,,,,,,,,,,,,,,,,,,,,,,,,,,,,,,,,,,,,,,,,,,,,,,
,,,,,,,,,,,,,,,,,,,,,,,,,,,,,,,,,,,,,,,,,,,,,,,,,
,,,,9:00,,,,,,,,,,,,,,,,,,,,,,,,,,,,,,,,,,,,,,,,,,,,,
,,,,,,,,,,,,,,,,,,,,,,,,,,,,,,,,,,,,,,,,,,,,,,,,,
,,,,,,,,,,,,,,,,,,,,,,,,,,,,,,,,,,,,,,,,,,,,,,,,,
,,,,,,,,,,,,,,,,,,,,,,,,,,,,,,,,,,,,,,,,,,,,,,,,,
,,,,9:00,,,,,,,,,,,,,,,,,,,,,,,,,,,,,,,,,,,,,,,,,,,,,
,,,,,,,,,,,,,,,,,,,,,,,,,,,,,,,,,,,,,,,,,,,,,,,,,
,,,,,,,,,,,,,,,,,,,,,,,,,,,,,,,,,,,,,,,,,,,,,,,,,
,,,,,,,,,,,,,,,,,,,,,,,,,,,,,,,,,,,,,,,,,,,,,,,,,
,,,,9:00,,,,,,,,,,,,,,,,,,,,,,,,,,,,,,,,,,,,,,,,,,,,,
,,,,,,,,,,,,,,,,,,,,,,,,,,,,,,,,,,,,,,,,,,,,,,,,,
,,,,,,,,,,,,,,,,,,,,,,,,,,,,,,,,,,,,,,,,,,,,,,,,,
,,,,,,,,,,,,,,,,,,,,,,,,,,,,,,,,,,,,,,,,,,,,,,,,,
,,,,9:00,,,,,,,,,,,,,,,,,,,,,,,,,,,,,,,,,,,,,,,,,,,,,
,,,,,,,,,,,,,,,,,,,,,,,,,,,,,,,,,,,,,,,,,,,,,,,,,
,,,,,,,,,,,,,,,,,,,,,,,,,,,,,,,,,,,,,,,,,,,,,,,,,
,,,,,,,,,,,,,,,,,,,,,,,,,,,,,,,,,,,,,,,,,,,,,,,,,
,,,,9:00,,,,,,,,,,,,,,,,,,,,,,,,,,,,,,,,,,,,,,,,,,,,,
,,,,,,,,,,,,,,,,,,,,,,,,,,,,,,,,,,,,,,,,,,,,,,,,,
,,,,,,,,,,,,,,,,,,,,,,,,,,,,,,,,,,,,,,,,,,,,,,,,,
,,,,,,,,,,,,,,,,,,,,,,,,,,,,,,,,,,,,,,,,,,,,,,,,,
,,,,9:00,,,,,,,,,,,,,,,,,,,,,,,,,,,,,,,,,,,,,,,,,,,,,
,,,,,,,,,,,,,,,,,,,,,,,,,,,,,,,,,,,,,,,,,,,,,,,,,
,,,,,,,,,,,,,,,,,,,,,,,,,,,,,,,,,,,,,,,,,,,,,,,,,
,,,,,,,,,,,,,,,,,,,,,,,,,,,,,,,,,,,,,,,,,,,,,,,,,
,,,,9:00,,,,,,,,,,,,,,,,,,,,,,,,,,,,,,,,,,,,,,,,,,,,,
,,,,,,,,,,,,,,,,,,,,,,,,,,,,,,,,,,,,,,,,,,,,,,,,,
,,,,,,,,,,,,,,,,,,,,,,,,,,,,,,,,,,,,,,,,,,,,,,,,,
,,,,,,,,,,,,,,,,,,,,,,,,,,,,,,,,,,,,,,,,,,,,,,,,,
,,,,9:00,,,,,,,,,,,,,,,,,,,,,,,,,,,,,,,,,,,,,,,,,,,,,
,,,,,,,,,,,,,,,,,,,,,,,,,,,,,,,,,,,,,,,,,,,,,,,,,
,,,,,,,,,,,,,,,,,,,,,,,,,,,,,,,,,,,,,,,,,,,,,,,,,
,,,,,,,,,,,,,,,,,,,,,,,,,,,,,,,,,,,,,,,,,,,,,,,,,
,,,,9:00,,,,,,,,,,,,,,,,,,,,,,,,,,,,,,,,,,,,,,,,,,,,,
,,,,,,,,,,,,,,,,,,,,,,,,,,,,,,,,,,,,,,,,,,,,,,,,,
,,,,,,,,,,,,,,,,,,,,,,,,,,,,,,,,,,,,,,,,,,,,,,,,,
,,,,,,,,,,,,,,,,,,,,,,,,,,,,,,,,,,,,,,,,,,,,,,,,,
,,,,9:00,,,,,,,,,,,,,,,,,,,,,,,,,,,,,,,,,,,,,,,,,,,,,
,,,,,,,,,,,,,,,,,,,,,,,,,,,,,,,,,,,,,,,,,,,,,,,,,
,,,,,,,,,,,,,,,,,,,,,,,,,,,,,,,,,,,,,,,,,,,,,,,,,
,,,,,,,,,,,,,,,,,,,,,,,,,,,,,,,,,,,,,,,,,,,,,,,,,
,,,,9:00,,,,,,,,,,,,,,,,,,,,,,,,,,,,,,,,,,,,,,,,,,,,,
,,,,,,,,,,,,,,,,,,,,,,,,,,,,,,,,,,,,,,,,,,,,,,,,,
,,,,,,,,,,,,,,,,,,,,,,,,,,,,,,,,,,,,,,,,,,,,,,,,,
,,,,,,,,,,,,,,,,,,,,,,,,,,,,,,,,,,,,,,,,,,,,,,,,,
,,,,9:00,,,,,,,,,,,,,,,,,,,,,,,,,,,,,,,,,,,,,,,,,,,,,
,,,,,,,,,,,,,,,,,,,,,,,,,,,,,,,,,,,,,,,,,,,,,,,,,
,,,,,,,,,,,,,,,,,,,,,,,,,,,,,,,,,,,,,,,,,,,,,,,,,
,,,,,,,,,,,,,,,,,,,,,,,,,,,,,,,,,,,,,,,,,,,,,,,,,
,,,,9:00,,,,,,,,,,,,,,,,,,,,,,,,,,,,,,,,,,,,,,,,,,,,,
,,,,,,,,,,,,,,,,,,,,,,,,,,,,,,,,,,,,,,,,,,,,,,,,,
,,,,,,,,,,,,,,,,,,,,,,,,,,,,,,,,,,,,,,,,,,,,,,,,,
,,,,,,,,,,,,,,,,,,,,,,,,,,,,,,,,,,,,,,,,,,,,,,,,,
,,,,9:00,,,,,,,,,,,,,,,,,,,,,,,,,,,,,,,,,,,,,,,,,,,,,
,,,,,,,,,,,,,,,,,,,,,,,,,,,,,,,,,,,,,,,,,,,,,,,,,
,,,,,,,,,,,,,,,,,,,,,,,,,,,,,,,,,,,,,,,,,,,,,,,,,
,,,,,,,,,,,,,,,,,,,,,,,,,,,,,,,,,,,,,,,,,,,,,,,,,
,,,,9:00,,,,,,,,,,,,,,,,,,,,,,,,,,,,,,,,,,,,,,,,,,,,,
,,,,,,,,,,,,,,,,,,,,,,,,,,,,,,,,,,,,,,,,,,,,,,,,,
,,,,,,,,,,,,,,,,,,,,,,,,,,,,,,,,,,,,,,,,,,,,,,,,,
,,,,,,,,,,,,,,,,,,,,,,,,,,,,,,,,,,,,,,,,,,,,,,,,,
,,,,9:00,,,,,,,,,,,,,,,,,,,,,,,,,,,,,,,,,,,,,,,,,,,,,
,,,,,,,,,,,,,,,,,,,,,,,,,,,,,,,,,,,,,,,,,,,,,,,,,
,,,,,,,,,,,,,,,,,,,,,,,,,,,,,,,,,,,,,,,,,,,,,,,,,
,,,,,,,,,,,,,,,,,,,,,,,,,,,,,,,,,,,,,,,,,,,,,,,,,
,,,,9:00,,,,,,,,,,,,,,,,,,,,,,,,,,,,,,,,,,,,,,,,,,,,,
,,,,,,,,,,,,,,,,,,,,,,,,,,,,,,,,,,,,,,,,,,,,,,,,,
,,,,,,,,,,,,,,,,,,,,,,,,,,,,,,,,,,,,,,,,,,,,,,,,,
,,,,,,,,,,,,,,,,,,,,,,,,,,,,,,,,,,,,,,,,,,,,,,,,,
,,,,9:00,,,,,,,,,,,,,,,,,,,,,,,,,,,,,,,,,,,,,,,,,,,,,
,,,,,,,,,,,,,,,,,,,,,,,,,,,,,,,,,,,,,,,,,,,,,,,,,
,,,,,,,,,,,,,,,,,,,,,,,,,,,,,,,,,,,,,,,,,,,,,,,,,
,,,,,,,,,,,,,,,,,,,,,,,,,,,,,,,,,,,,,,,,,,,,,,,,,
,,,,9:00,,,,,,,,,,,,,,,,,,,,,,,,,,,,,,,,,,,,,,,,,,,,,
,,,,,,,,,,,,,,,,,,,,,,,,,,,,,,,,,,,,,,,,,,,,,,,,,
,,,,,,,,,,,,,,,,,,,,,,,,,,,,,,,,,,,,,,,,,,,,,,,,,
,,,,,,,,,,,,,,,,,,,,,,,,,,,,,,,,,,,,,,,,,,,,,,,,,
,,,,9:00,,,,,,,,,,,,,,,,,,,,,,,,,,,,,,,,,,,,,,,,,,,,,
,,,,,,,,,,,,,,,,,,,,,,,,,,,,,,,,,,,,,,,,,,,,,,,,,
,,,,,,,,,,,,,,,,,,,,,,,,,,,,,,,,,,,,,,,,,,,,,,,,,
,,,,,,,,,,,,,,,,,,,,,,,,,,,,,,,,,,,,,,,,,,,,,,,,,
,,,,9:00,,,,,,,,,,,,,,,,,,,,,,,,,,,,,,,,,,,,,,,,,,,,,
,,,,,,,,,,,,,,,,,,,,,,,,,,,,,,,,,,,,,,,,,,,,,,,,,
,,,,,,,,,,,,,,,,,,,,,,,,,,,,,,,,,,,,,,,,,,,,,,,,,
,,,,,,,,,,,,,,,,,,,,,,,,,,,,,,,,,,,,,,,,,,,,,,,,,
,,,,9:00,,,,,,,,,,,,,,,,,,,,,,,,,,,,,,,,,,,,,,,,,,,,,
,,,,,,,,,,,,,,,,,,,,,,,,,,,,,,,,,,,,,,,,,,,,,,,,,
,,,,,,,,,,,,,,,,,,,,,,,,,,,,,,,,,,,,,,,,,,,,,,,,,
,,,,,,,,,,,,,,,,,,,,,,,,,,,,,,,,,,,,,,,,,,,,,,,,,
,,,,9:00,,,,,,,,,,,,,,,,,,,,,,,,,,,,,,,,,,,,,,,,,,,,,
,,,,,,,,,,,,,,,,,,,,,,,,,,,,,,,,,,,,,,,,,,,,,,,,,
,,,,,,,,,,,,,,,,,,,,,,,,,,,,,,,,,,,,,,,,,,,,,,,,,
,,,,,,,,,,,,,,,,,,,,,,,,,,,,,,,,,,,,,,,,,,,,,,,,,
