,,,,,,,,,,2024 TEXAS WATER SAFARI SPLITS,,,,,,,,,,,,,,,,,,,,,,,,,,,,,,,,,,,,,,,,,,,,,,,,,,,,,,,,,,,,,,,,,,,,,,,,,,,,,,,,,,,,,,,,,,,,,,,,,,Legend,,,,,,,,,,,,,,,,,,,,,,,,,,,,,,,,,,,,,,,,,,,,,,,,, ,,13:59:00,,Time Out,,,,,,,,,,,,,,,,,,,,,,,,,,,,,,,,,,,,,,,,,,,Split Plcemnt,,,,2:47:00,,Split Time,,,,,,,,,,,,,,,,,,,,,,,,,,,,,,,,,,,,,,,,,,,Overall Plcemnt,,,,4:59:00,,Overall Time,,,,,,,,,,,,,,,,,,,,,,,,,,,,,,,,,,,Overall Place,Recognition,Team Members,Boat #,,Staples,,Luling 90,,Palmetto,,Gonzales,,Hochheim,,Cheapside,,Cuero 236,,Victoria,,Swinging Bridge (off Canal Rd),,Calhouns RV,,Seadrift,,,,,,,,,,,,,,,,,,,,,,,,1,1st Unlimited,"Kyle Mynar
Normand Mainguy - out at Victoria
Chris Issendorf
Steve Lajoie

TC  Logan Mynar
TC Gaston Jones",124,9:00, ,11:20:00,,14:35:00,,17:38:00,,21:10:00,,2:57,,6:35:00,,8:39:00,,15:05:00,,20:26:00,,0:37:00,,3:05:00,,,,,,,,,,,,,,,,,,,,,,,,,,,,1,2:20:00,1,3:15:00,1,3:03:00,1,3:32:00,1,5:47:00,1,3:38:00,1,2:04:00,2,6:26:00,1,5:21:00,3,4:11:00,2,2:28:00,,,,,,,,,,,,,,,,,,,,,,,,,,,,1,2:20:00,1,5:35:00,1,8:38:00,1,12:10:00,1,17:57:00,1,21:35:00,1,23:39:00,1,30:05:00,1,35:26:00,1,39:37:00,1,42:05:00,,,,,,,,,,,,,,,,,,,,,,,,,,,,,,,,,,,,,,,,,,,,,,,,,,,,,,,,,,,,,,,,,,,,,,,,2,1st Tandem Unlimited,"Andrew Condie
Brandon Stafford

TC Jay Condie
TC Joseph Bitterly",1845,9:00, ,11:28:00,,15:12:00,,18:35:00,,22:32:00,,5:15,,9:15:00,,11:34:00,,18:38:00,,0:35:00,,5:25:00,,8:12:00,,,,,,,,,,,,,,,,,,,,,,,,,,,,2,2:28:00,2,3:44:00,2,3:23:00,2,3:57:00,2,6:43:00,2,4:00:00,2,2:19:00,6,7:04:00,2,5:57:00,17,4:50:00,7,2:47:00,,,,,,,,,,,,,,,,,,,,,,,,,,,,2,2:28:00,2,6:12:00,2,9:35:00,2,13:32:00,2,20:15:00,2,24:15:00,2,26:34:00,2,33:38:00,2,39:35:00,2,44:25:00,2,47:12:00,,,,,,,,,,,,,,,,,,,,,,,,,,,,,,,,,,,,,,,,,,,,,,,,,,,,,,,,,,,,,,,,,,,,,,,,3,2nd Unlimited,"Brenda Jones
Brian Jones
Chris Bailey
Nate Tart - out at Swinging Bridge

TC Ed Jones
TC James Shuler",4444,9:00, ,11:37:00,,15:31:00,,18:58:00,,23:06:00,,6:05,,10:10:00,,12:32:00,,19:27:00,,1:37:00,,6:09:00,,8:39:00,,,,,,,,,,,,,,,,,,,,,,,,,,,,4,2:37:00,5,3:54:00,5,3:27:00,4,4:08:00,3,6:59:00,3,4:05:00,4,2:22:00,4,6:55:00,3,6:10:00,9,4:32:00,5,2:30:00,,,,,,,,,,,,,,,,,,,,,,,,,,,,4,2:37:00,5,6:31:00,5,9:58:00,5,14:06:00,4,21:05:00,4,25:10:00,3,27:32:00,3,34:27:00,3,40:37:00,3,45:09:00,3,47:39:00,,,,,,,,,,,,,,,,,,,,,,,,,,,,,,,,,,,,,,,,,,,,,,,,,,,,,,,,,,,,,,,,,,,,,,,,4,3rd Unlimited,"Jonathan Zeek
Holly Orr
William Orr
David Kaiser

TC Melinda Zeek
TC Jacob Henry",357,9:00, ,11:32:00,,15:16:00,,18:40:00,,22:45:00,,6:07,,10:20:00,,12:42:00,,20:02:00,,2:15:00,,6:32:00,,9:00:00,,,,,,,,,,,,,,,,,,,,,,,,,,,,3,2:32:00,2,3:44:00,3,3:24:00,3,4:05:00,7,7:22:00,6,4:13:00,3,2:22:00,7,7:20:00,4,6:13:00,5,4:17:00,3,2:28:00,,,,,,,,,,,,,,,,,,,,,,,,,,,,3,2:32:00,3,6:16:00,3,9:40:00,3,13:45:00,5,21:07:00,5,25:20:00,5,27:42:00,5,35:02:00,4,41:15:00,4,45:32:00,4,48:00:00,,,,,,,,,,,,,,,,,,,,,,,,,,,,,,,,,,,,,,,,,,,,,,,,,,,,,,,,,,,,,,,,,,,,,,,,5,"2nd Tandem Unlimited
1st Adult Youth","Tommy Yonley
Drew Yonley

TC Jacob Southard
TC Rachel Rask",2,9:00, ,11:37:00,,15:24:00,,18:50:00,,23:04:00,,6:04,,10:09:00,,12:34:00,,19:35:00,,2:15:00,,6:39:00,,9:02:00,,,,,,,,,,,,,,,,,,,,,,,,,,,,4,2:37:00,4,3:47:00,4,3:26:00,6,4:14:00,4,7:00:00,3,4:05:00,5,2:25:00,5,7:01:00,9,6:40:00,7,4:24:00,1,2:23:00,,,,,,,,,,,,,,,,,,,,,,,,,,,,4,2:37:00,4,6:24:00,4,9:50:00,4,14:04:00,3,21:04:00,3,25:09:00,4,27:34:00,4,34:35:00,4,41:15:00,5,45:39:00,5,48:02:00,,,,,,,,,,,,,,,,,,,,,,,,,,,,,,,,,,,,,,,,,,,,,,,,,,,,,,,,,,,,,,,,,,,,,,,,6,1st Unlimited Women,"Virginia Parker
Morgan Kohut
Kaitlin Mynar
Shannon Issendorf

TC Debbie Richardson
TC Landen Jiral",113,9:00, ,11:45:00,,15:39:00,,19:08:00,,23:17:00,,6:37,,10:47:00,,13:14:00,,20:08:00,,2:27:00,,7:39:00,,10:16:00,,,,,,,,,,,,,,,,,,,,,,,,,,,,9,2:45:00,5,3:54:00,6,3:29:00,5,4:09:00,6,7:20:00,5,4:10:00,6,2:27:00,3,6:54:00,5,6:19:00,19,5:12:00,6,2:37:00,,,,,,,,,,,,,,,,,,,,,,,,,,,,9,2:45:00,6,6:39:00,6,10:08:00,6,14:17:00,6,21:37:00,6,25:47:00,6,28:14:00,6,35:08:00,6,41:27:00,6,46:39:00,6,49:16:00,,,,,,,,,,,,,,,,,,,,,,,,,,,,,,,,,,,,,,,,,,,,,,,,,,,,,,,,,,,,,,,,,,,,,,,,7,1st Mixed Tandem Unlimited,"Lydia  Huelskamp
Wade Binion

TC Holly Huelskamp
TC Cecili Bugge",111,9:00, ,11:49:00,,15:51:00,,19:32:00,,23:47:00,,7:00,,11:32:00,,14:10:00,,21:41:00,,4:11:00,,8:39:00,,11:31:00,,,,,,,,,,,,,,,,,,,,,,,,,,,,12,2:49:00,11,4:02:00,10,3:41:00,7,4:15:00,5,7:13:00,11,4:32:00,7,2:38:00,9,7:31:00,7,6:30:00,8,4:28:00,9,2:52:00,,,,,,,,,,,,,,,,,,,,,,,,,,,,12,2:49:00,12,6:51:00,10,10:32:00,10,14:47:00,7,22:00:00,8,26:32:00,8,29:10:00,7,36:41:00,7,43:11:00,7,47:39:00,7,50:31:00,,,,,,,,,,,,,,,,,,,,,,,,,,,,,,,,,,,,,,,,,,,,,,,,,,,,,,,,,,,,,,,,,,,,,,,,8,4th Unlimited,"John Moore
Matt Wagner
Jimmy MacMillan

TC Anita Mraz Jenneiahn
TC Bill Jenneiahn",963,9:00, ,11:44:00,,15:48:00,,19:34:00,,23:49:00,,7:29,,11:46:00,,14:27:00,,23:11:00,,5:42:00,,9:45:00,,12:15:00,,,,,,,,,,,,,,,,,,,,,,,,,,,,7,2:44:00,13,4:04:00,13,3:46:00,7,4:15:00,11,7:40:00,7,4:17:00,10,2:41:00,18,8:44:00,8,6:31:00,2,4:03:00,4,2:30:00,,,,,,,,,,,,,,,,,,,,,,,,,,,,7,2:44:00,10,6:48:00,13,10:34:00,11,14:49:00,11,22:29:00,11,26:46:00,9,29:27:00,11,38:11:00,9,44:42:00,8,48:45:00,8,51:15:00,,,,,,,,,,,,,,,,,,,,,,,,,,,,,,,,,,,,,,,,,,,,,,,,,,,,,,,,,,,,,,,,,,,,,,,,9,1st Solo Unlimited Man,"Luke Zolnierowski

TC Anna Winder",97,9:00, ,11:43:00,,15:40:00,,19:19:00,,23:38:00,,7:00,,11:30:00,,14:08:00,,21:41:00,,4:51:00,,9:47:00,,12:55:00,,,,,,,,,,,,,,,,,,,,,,,,,,,,6,2:43:00,7,3:57:00,8,3:39:00,10,4:19:00,7,7:22:00,8,4:30:00,7,2:38:00,10,7:33:00,19,7:10:00,18,4:56:00,11,3:08:00,,,,,,,,,,,,,,,,,,,,,,,,,,,,6,2:43:00,7,6:40:00,7,10:19:00,7,14:38:00,8,22:00:00,7,26:30:00,7,29:08:00,7,36:41:00,8,43:51:00,9,48:47:00,9,51:55:00,,,,,,,,,,,,,,,,,,,,,,,,,,,,,,,,,,,,,,,,,,,,,,,,,,,,,,,,,,,,,,,,,,,,,,,,10,"1st Standard
1st Masters","Joe Geisinger
Eric Whicker

TC Bill McCanse
TC James Connolly",57,9:00, ,12:00:00,,16:15:00,,20:04:00,,0:40:00,,8:40,,13:28:00,,16:09:00,,23:38:00,,6:23:00,,10:22:00,,13:10:00,,,,,,,,,,,,,,,,,,,,,,,,,,,,21,3:00:00,18,4:15:00,17,3:49:00,22,4:36:00,17,8:00:00,14,4:48:00,11,2:41:00,8,7:29:00,12,6:45:00,1,3:59:00,8,2:48:00,,,,,,,,,,,,,,,,,,,,,,,,,,,,21,3:00:00,19,7:15:00,19,11:04:00,19,15:40:00,16,23:40:00,14,28:28:00,14,31:09:00,12,38:38:00,11,45:23:00,10,49:22:00,10,52:10:00,,,,,,,,,,,,,,,,,,,,,,,,,,,,,,,,,,,,,,,,,,,,,,,,,,,,,,,,,,,,,,,,,,,,,,,,11,1st USCA C-2,"Joshua Hulin
Susannah Hulin

TC Stephen Nelson
TC Pricilla Hulin",56,9:00, ,11:55:00,,16:14:00,,19:55:00,,0:27:00,,8:22,,13:11:00,,15:59:00,,22:23:00,,6:22:00,,10:35:00,,13:53:00,,,,,,,,,,,,,,,,,,,,,,,,,,,,17,2:55:00,20,4:19:00,10,3:41:00,18,4:32:00,13,7:55:00,15,4:49:00,16,2:48:00,1,6:24:00,37,7:59:00,4,4:13:00,15,3:18:00,,,,,,,,,,,,,,,,,,,,,,,,,,,,17,2:55:00,18,7:14:00,16,10:55:00,14,15:27:00,13,23:22:00,12,28:11:00,12,30:59:00,10,37:23:00,10,45:22:00,11,49:35:00,11,52:53:00,,,,,,,,,,,,,,,,,,,,,,,,,,,,,,,,,,,,,,,,,,,,,,,,,,,,,,,,,,,,,,,,,,,,,,,,12,5th Unlimited,"Kim Kaiser
Garrett Jones
Kileigh Reed

TC Peter Olden
TC Amelia Kaiser",521,9:00, ,12:18:00,,16:43:00,,20:36:00,,1:10:00,,9:24,,14:16:00,,17:03:00,,1:28:00,,8:26:00,,13:08:00,,16:21:00,,,,,,,,,,,,,,,,,,,,,,,,,,,,46,3:18:00,26,4:25:00,21,3:53:00,19,4:34:00,21,8:14:00,16,4:52:00,14,2:47:00,15,8:25:00,15,6:58:00,13,4:42:00,14,3:13:00,,,,,,,,,,,,,,,,,,,,,,,,,,,,46,3:18:00,36,7:43:00,27,11:36:00,23,16:10:00,23,24:24:00,20,29:16:00,19,32:03:00,17,40:28:00,16,47:26:00,16,52:08:00,12,55:21:00,,,,,,,,,,,,,,,,,,,,,,,,,,,,,,,,,,,,,,,,,,,,,,,,,,,,,,,,,,,,,,,,,,,,,,,,13,1st Solo Unlimited Woman,"Courtney Martinez

TC Ryan Henk
TC Mia Mata",4447,9:00, ,12:04:00,,16:21:00,,20:09:00,,0:45:00,,8:54,,13:48:00,,16:40:00,,1:12:00,,8:19:00,,13:00:00,,16:43:00,,,,,,,,,,,,,,,,,,,,,,,,,,,,27,3:04:00,19,4:17:00,15,3:48:00,22,4:36:00,20,8:09:00,19,4:54:00,21,2:52:00,16,8:32:00,17,7:07:00,12,4:41:00,22,3:43:00,,,,,,,,,,,,,,,,,,,,,,,,,,,,27,3:04:00,22,7:21:00,20,11:09:00,20,15:45:00,17,23:54:00,16,28:48:00,16,31:40:00,15,40:12:00,15,47:19:00,15,52:00:00,13,55:43:00,,,,,,,,,,,,,,,,,,,,,,,,,,,,,,,,,,,,,,,,,,,,,,,,,,,,,,,,,,,,,,,,,,,,,,,,14,1st Aluminum,"Jackson Swilley
Parker Carpenter

TC Kris Murphy
TC Becky Carpenter",306,9:00, ,12:13:00,,16:47:00,,20:44:00,,1:30:00,,9:26,,14:19:00,,17:15:00,,1:30:00,,8:14:00,,12:58:00,,16:47:00,,,,,,,,,,,,,,,,,,,,,,,,,,,,39,3:13:00,40,4:34:00,26,3:57:00,26,4:46:00,14,7:56:00,17,4:53:00,22,2:56:00,12,8:15:00,11,6:44:00,14,4:44:00,28,3:49:00,,,,,,,,,,,,,,,,,,,,,,,,,,,,39,3:13:00,42,7:47:00,31,11:44:00,29,16:30:00,24,24:26:00,22,29:19:00,21,32:15:00,18,40:30:00,14,47:14:00,13,51:58:00,14,55:47:00,,,,,,,,,,,,,,,,,,,,,,,,,,,,,,,,,,,,,,,,,,,,,,,,,,,,,,,,,,,,,,,,,,,,,,,,15,2nd Aluminum,"Luke Parker
Libby Geisinger

TC Mary McStay
TC Patrick Jenison",555,9:00, ,12:02:00,,16:27:00,,20:28:00,,1:25:00,,9:32,,14:18:00,,17:05:00,,1:28:00,,8:26:00,,12:58:00,,17:43:00,,,,,,,,,,,,,,,,,,,,,,,,,,,,23,3:02:00,26,4:25:00,30,4:01:00,32,4:57:00,18,8:07:00,13,4:46:00,14,2:47:00,14,8:23:00,15,6:58:00,9,4:32:00,74,4:45:00,,,,,,,,,,,,,,,,,,,,,,,,,,,,23,3:02:00,26,7:27:00,26,11:28:00,26,16:25:00,25,24:32:00,21,29:18:00,20,32:05:00,16,40:28:00,16,47:26:00,13,51:58:00,15,56:43:00,,,,,,,,,,,,,,,,,,,,,,,,,,,,,,,,,,,,,,,,,,,,,,,,,,,,,,,,,,,,,,,,,,,,,,,,16,2nd Solo Unlimited Man,"Chris Champion

TC AJ Champion
TC Mike Tecci",80,9:00, ,11:52:00,,16:06:00,,19:56:00,,0:34:00,,8:24,,13:17:00,,16:03:00,,0:38:00,,8:14:00,,14:35:00,,19:11:00,,,,,,,,,,,,,,,,,,,,,,,,,,,,14,2:52:00,17,4:14:00,20,3:50:00,25,4:38:00,12,7:50:00,18,4:53:00,13,2:46:00,17,8:35:00,27,7:36:00,48,6:21:00,63,4:36:00,,,,,,,,,,,,,,,,,,,,,,,,,,,,14,2:52:00,16,7:06:00,17,10:56:00,17,15:34:00,14,23:24:00,13,28:17:00,13,31:03:00,13,39:38:00,13,47:14:00,18,53:35:00,16,58:11:00,,,,,,,,,,,,,,,,,,,,,,,,,,,,,,,,,,,,,,,,,,,,,,,,,,,,,,,,,,,,,,,,,,,,,,,,17,3rd Solo Unlimited Man,"Curt Slaten

TC Mike Drost
TC Kate Slaten",11,9:00, ,12:01:00,,16:20:00,,20:10:00,,1:16:00,,9:15,,14:19:00,,17:22:00,,2:27:00,,10:18:00,,15:04:00,,19:38:00,,,,,,,,,,,,,,,,,,,,,,,,,,,,22,3:01:00,20,4:19:00,18,3:50:00,38,5:06:00,15,7:59:00,21,5:04:00,26,3:03:00,23,9:05:00,34,7:51:00,15,4:46:00,60,4:34:00,,,,,,,,,,,,,,,,,,,,,,,,,,,,22,3:01:00,20,7:20:00,21,11:10:00,24,16:16:00,22,24:15:00,22,29:19:00,23,32:22:00,20,41:27:00,20,49:18:00,19,54:04:00,17,58:38:00,,,,,,,,,,,,,,,,,,,,,,,,,,,,,,,,,,,,,,,,,,,,,,,,,,,,,,,,,,,,,,,,,,,,,,,,18,2nd Mixed Tandem Unlimited,"Adam Sims
Brandi Sims

TC Jason Smith
TC Rhett Reeves",2423,9:00, ,11:58:00,,16:20:00,,20:10:00,,0:37:00,,9:10,,14:06:00,,16:54:00,,1:43:00,,8:51:00,,14:18:00,,19:48:00,,,,,,,,,,,,,,,,,,,,,,,,,,,,20,2:58:00,24,4:22:00,18,3:50:00,15,4:27:00,26,8:33:00,20,4:56:00,17,2:48:00,20,8:49:00,18,7:08:00,24,5:27:00,89,5:30:00,,,,,,,,,,,,,,,,,,,,,,,,,,,,20,2:58:00,20,7:20:00,21,11:10:00,18,15:37:00,21,24:10:00,19,29:06:00,18,31:54:00,19,40:43:00,18,47:51:00,17,53:18:00,18,58:48:00,,,,,,,,,,,,,,,,,,,,,,,,,,,,,,,,,,,,,,,,,,,,,,,,,,,,,,,,,,,,,,,,,,,,,,,,19,2nd USCA C-2,"John Bugge
Mike De Abreu

TC Jennifer Bugge
TC Johnny Martinez",147,9:00, ,12:11:00,,16:30:00,,20:24:00,,0:59:00,,9:08,,13:52:00,,16:41:00,,0:58:00,,10:04:00,,15:59:00,,19:53:00,,,,,,,,,,,,,,,,,,,,,,,,,,,,36,3:11:00,20,4:19:00,23,3:54:00,20,4:35:00,19,8:09:00,12,4:44:00,19,2:49:00,13,8:17:00,55,9:06:00,36,5:55:00,34,3:54:00,,,,,,,,,,,,,,,,,,,,,,,,,,,,36,3:11:00,28,7:30:00,24,11:24:00,22,15:59:00,20,24:08:00,18,28:52:00,17,31:41:00,14,39:58:00,19,49:04:00,20,54:59:00,19,58:53:00,,,,,,,,,,,,,,,,,,,,,,,,,,,,,,,,,,,,,,,,,,,,,,,,,,,,,,,,,,,,,,,,,,,,,,,,20,2nd Standard,"Heather Harrison
Wendell Smith

TC Mark Miller
TC Aaron Timmins",333,9:00, ,12:16:00,,16:46:00,,20:47:00,,1:41:00,,10:08,,15:26:00,,18:17:00,,3:04:00,,10:52:00,,16:22:00,,20:38:00,,,,,,,,,,,,,,,,,,,,,,,,,,,,45,3:16:00,31,4:30:00,32,4:01:00,27,4:54:00,23,8:27:00,26,5:18:00,20,2:51:00,19,8:47:00,32,7:48:00,26,5:30:00,49,4:16:00,,,,,,,,,,,,,,,,,,,,,,,,,,,,45,3:16:00,41,7:46:00,33,11:47:00,31,16:41:00,27,25:08:00,26,30:26:00,26,33:17:00,21,42:04:00,21,49:52:00,21,55:22:00,20,59:38:00,,,,,,,,,,,,,,,,,,,,,,,,,,,,,,,,,,,,,,,,,,,,,,,,,,,,,,,,,,,,,,,,,,,,,,,,21,1st Novice,"Stahl Urban
Carlos Linares

TC William Russell
TC David Pearce",314,9:00, ,12:10:00,,16:40:00,,20:48:00,,1:46:00,,10:51,,15:55:00,,18:56:00,,5:40:00,,12:22:00,,17:08:00,,20:51:00,,,,,,,,,,,,,,,,,,,,,,,,,,,,33,3:10:00,31,4:30:00,36,4:08:00,33,4:58:00,39,9:05:00,21,5:04:00,23,3:01:00,50,10:44:00,10,6:42:00,16,4:46:00,22,3:43:00,,,,,,,,,,,,,,,,,,,,,,,,,,,,33,3:10:00,31,7:40:00,34,11:48:00,33,16:46:00,33,25:51:00,28,30:55:00,28,33:56:00,31,44:40:00,25,51:22:00,22,56:08:00,21,59:51:00,,,,,,,,,,,,,,,,,,,,,,,,,,,,,,,,,,,,,,,,,,,,,,,,,,,,,,,,,,,,,,,,,,,,,,,,22,3rd Aluminum,"Michael Davidson
Aaron Zwahr

TC Dolly Attwal
TC Vanessa Gill",6708,9:00, ,12:22:00,,17:03:00,,21:14:00,,2:10:00,,11:25,,16:50:00,,20:17:00,,5:13:00,,12:23:00,,17:47:00,,21:12:00,,,,,,,,,,,,,,,,,,,,,,,,,,,,47,3:22:00,49,4:41:00,39,4:11:00,29,4:56:00,40,9:15:00,29,5:25:00,45,3:27:00,21,8:56:00,19,7:10:00,22,5:24:00,18,3:25:00,,,,,,,,,,,,,,,,,,,,,,,,,,,,47,3:22:00,48,8:03:00,47,12:14:00,40,17:10:00,39,26:25:00,36,31:50:00,35,35:17:00,27,44:13:00,27,51:23:00,24,56:47:00,22,60:12:00,,,,,,,,,,,,,,,,,,,,,,,,,,,,,,,,,,,,,,,,,,,,,,,,,,,,,,,,,,,,,,,,,,,,,,,,23,6th Unlimited,"John Mark Harras
Bobby Smart
Egan Gyldenege
Andrew Davis
Tim Curry
Larry St Clair

TC Josephine Harras
TC Jesse Hazelwood",807,9:00, ,12:03:00,,16:06:00,,19:52:00,,0:29:00,,9:33,,15:10:00,,18:16:00,,4:07:00,,11:23:00,,18:18:00,,22:01:00,,,,,,,,,,,,,,,,,,,,,,,,,,,,24,3:03:00,12,4:03:00,13,3:46:00,24,4:37:00,38,9:04:00,34,5:37:00,31,3:06:00,30,9:51:00,23,7:16:00,60,6:55:00,22,3:43:00,,,,,,,,,,,,,,,,,,,,,,,,,,,,24,3:03:00,16,7:06:00,14,10:52:00,16,15:29:00,26,24:33:00,25,30:10:00,25,33:16:00,23,43:07:00,22,50:23:00,26,57:18:00,23,61:01:00,,,,,,,,,,,,,,,,,,,,,,,,,,,,,,,,,,,,,,,,,,,,,,,,,,,,,,,,,,,,,,,,,,,,,,,,24,3rd Mixed Tandem Unlimited,"Clay Wyatt
Payton Wyatt

TC Jill Wyatt
TC Steven McCormick",143,9:00, ,12:04:00,,16:24:00,,20:25:00,,1:29:00,,10:14,,15:34:00,,18:44:00,,3:41:00,,11:28:00,,17:22:00,,22:06:00,,,,,,,,,,,,,,,,,,,,,,,,,,,,27,3:04:00,23,4:20:00,30,4:01:00,37,5:04:00,29,8:45:00,28,5:20:00,37,3:10:00,22,8:57:00,31,7:47:00,35,5:54:00,72,4:44:00,,,,,,,,,,,,,,,,,,,,,,,,,,,,27,3:04:00,24,7:24:00,25,11:25:00,28,16:29:00,29,25:14:00,27,30:34:00,27,33:44:00,22,42:41:00,23,50:28:00,23,56:22:00,24,61:06:00,,,,,,,,,,,,,,,,,,,,,,,,,,,,,,,,,,,,,,,,,,,,,,,,,,,,,,,,,,,,,,,,,,,,,,,,25,7th Unlimited,"Ed Wagner
Deb Brax
Kevin Berl
John Vermilyea

TC Rich Butts
TC Teresa Stout",73,9:00, ,12:07:00,,16:38:00,,20:53:00,,1:48:00,,10:51,,16:19:00,,19:21:00,,5:33:00,,12:23:00,,18:44:00,,22:28:00,,,,,,,,,,,,,,,,,,,,,,,,,,,,30,3:07:00,35,4:31:00,43,4:15:00,28,4:55:00,37,9:03:00,32,5:28:00,25,3:02:00,42,10:12:00,13,6:50:00,48,6:21:00,25,3:44:00,,,,,,,,,,,,,,,,,,,,,,,,,,,,30,3:07:00,29,7:38:00,40,11:53:00,34,16:48:00,33,25:51:00,31,31:19:00,30,34:21:00,29,44:33:00,27,51:23:00,27,57:44:00,25,61:28:00,,,,,,,,,,,,,,,,,,,,,,,,,,,,,,,,,,,,,,,,,,,,,,,,,,,,,,,,,,,,,,,,,,,,,,,,26,4th Solo Unlimited Man,"Cody Taylor

TC Hilary Taylor
TC Rocco Moses",1431,9:00, ,12:03:00,,16:25:00,,20:41:00,,1:40:00,,10:27,,16:04:00,,19:16:00,,4:56:00,,12:22:00,,18:01:00,,22:30:00,,,,,,,,,,,,,,,,,,,,,,,,,,,,24,3:03:00,24,4:22:00,45,4:16:00,34,4:59:00,30,8:47:00,33,5:37:00,38,3:12:00,27,9:40:00,25,7:26:00,29,5:39:00,58,4:29:00,,,,,,,,,,,,,,,,,,,,,,,,,,,,24,3:03:00,25,7:25:00,30,11:41:00,30,16:40:00,30,25:27:00,30,31:04:00,29,34:16:00,26,43:56:00,26,51:22:00,25,57:01:00,26,61:30:00,,,,,,,,,,,,,,,,,,,,,,,,,,,,,,,,,,,,,,,,,,,,,,,,,,,,,,,,,,,,,,,,,,,,,,,,27,8th Unlimited,"Daniel Currey
Greg Frank
Austin Bodin
Will Parrish

TC Heather Currey
TC Miranda Wait",667,9:00, ,12:10:00,,16:43:00,,21:03:00,,1:59:00,,10:59,,16:25:00,,19:33:00,,4:55:00,,12:58:00,,19:07:00,,22:59:00,,,,,,,,,,,,,,,,,,,,,,,,,,,,33,3:10:00,39,4:33:00,48,4:20:00,29,4:56:00,35,9:00:00,31,5:26:00,35,3:08:00,25,9:22:00,39,8:03:00,44,6:09:00,32,3:52:00,,,,,,,,,,,,,,,,,,,,,,,,,,,,33,3:10:00,36,7:43:00,43,12:03:00,36,16:59:00,35,25:59:00,32,31:25:00,31,34:33:00,25,43:55:00,29,51:58:00,28,58:07:00,27,61:59:00,,,,,,,,,,,,,,,,,,,,,,,,,,,,,,,,,,,,,,,,,,,,,,,,,,,,,,,,,,,,,,,,,,,,,,,,28,5th Solo Unlimited Man,"Joshua Halloran

TC Lauren Halloran
TC Nate Dicks",2213,9:00, ,12:03:00,,16:40:00,,20:58:00,,1:24:00,,10:12,,16:39:00,,19:45:00,,4:54:00,,12:15:00,,19:19:00,,23:11:00,,,,,,,,,,,,,,,,,,,,,,,,,,,,24,3:03:00,43,4:37:00,47,4:18:00,14,4:26:00,31,8:48:00,50,6:27:00,31,3:06:00,24,9:09:00,24,7:21:00,67,7:04:00,31,3:52:00,,,,,,,,,,,,,,,,,,,,,,,,,,,,24,3:03:00,31,7:40:00,41,11:58:00,25,16:24:00,28,25:12:00,34,31:39:00,34,34:45:00,24,43:54:00,24,51:15:00,29,58:19:00,28,62:11:00,,,,,,,,,,,,,,,,,,,,,,,,,,,,,,,,,,,,,,,,,,,,,,,,,,,,,,,,,,,,,,,,,,,,,,,,29,3rd Tandem Unlimited,"Cooper Knight
Dustin Skogman

TC Justin Emerson
TC Dylan Skogman",302,9:00, ,12:15:00,,16:54:00,,21:12:00,,2:11:00,,10:59,,16:49:00,,20:25:00,,6:16:00,,13:46:00,,20:00:00,,23:57:00,,,,,,,,,,,,,,,,,,,,,,,,,,,,44,3:15:00,47,4:39:00,46,4:18:00,35,4:59:00,31,8:48:00,38,5:50:00,54,3:36:00,30,9:51:00,26,7:30:00,45,6:14:00,35,3:57:00,,,,,,,,,,,,,,,,,,,,,,,,,,,,44,3:15:00,46,7:54:00,46,12:12:00,41,17:11:00,35,25:59:00,35,31:49:00,36,35:25:00,32,45:16:00,31,52:46:00,30,59:00:00,29,62:57:00,,,,,,,,,,,,,,,,,,,,,,,,,,,,,,,,,,,,,,,,,,,,,,,,,,,,,,,,,,,,,,,,,,,,,,,,30,6th Solo Unlimited Man,"Jay Berger

TC Nadira Bakar
TC Jack Janecek",712,9:00, ,11:54:00,,16:05:00,,19:58:00,,0:28:00,,9:06,,14:20:00,,17:24:00,,10:10:00,,16:34:00,,20:57:00,,0:04:00,,,,,,,,,,,,,,,,,,,,,,,,,,,,16,2:54:00,16,4:11:00,22,3:53:00,17,4:30:00,27,8:38:00,23,5:14:00,28,3:04:00,108,16:46:00,6,6:24:00,6,4:23:00,10,3:07:00,,,,,,,,,,,,,,,,,,,,,,,,,,,,16,2:54:00,15,7:05:00,18,10:58:00,15,15:28:00,19,24:06:00,24,29:20:00,24,32:24:00,41,49:10:00,37,55:34:00,34,59:57:00,30,63:04:00,,,,,,,,,,,,,,,,,,,,,,,,,,,,,,,,,,,,,,,,,,,,,,,,,,,,,,,,,,,,,,,,,,,,,,,,31,4th Aluminum,"Andrew Hurst
Garrett Hurst 

TC Eden Hurst
TC Ralph Hurst",832,9:00, ,12:11:00,,16:43:00,,20:49:00,,3:01:00,,11:49,,17:50:00,,20:51:00,,7:14:00,,14:29:00,,20:29:00,,0:18:00,,,,,,,,,,,,,,,,,,,,,,,,,,,,36,3:11:00,38,4:32:00,33,4:06:00,73,6:12:00,33,8:48:00,41,6:01:00,23,3:01:00,43,10:23:00,22,7:15:00,37,6:00:00,28,3:49:00,,,,,,,,,,,,,,,,,,,,,,,,,,,,36,3:11:00,36,7:43:00,36,11:49:00,48,18:01:00,42,26:49:00,40,32:50:00,40,35:51:00,33,46:14:00,32,53:29:00,31,59:29:00,31,63:18:00,,,,,,,,,,,,,,,,,,,,,,,,,,,,,,,,,,,,,,,,,,,,,,,,,,,,,,,,,,,,,,,,,,,,,,,,32,5th Aluminum,"RD Kissling
Chris Stevenson

TC Karim Aziz
TC Roy Kleinsasser",281,9:00, ,12:23:00,,17:08:00,,21:29:00,,2:53:00,,12:16,,18:22:00,,21:25:00,,8:06:00,,15:02:00,,20:32:00,,0:19:00,,,,,,,,,,,,,,,,,,,,,,,,,,,,49,3:23:00,51,4:45:00,49,4:21:00,50,5:24:00,42,9:23:00,44,6:06:00,27,3:03:00,49,10:41:00,14,6:56:00,25,5:30:00,26,3:47:00,,,,,,,,,,,,,,,,,,,,,,,,,,,,49,3:23:00,50,8:08:00,49,12:29:00,46,17:53:00,44,27:16:00,43,33:22:00,41,36:25:00,39,47:06:00,34,54:02:00,32,59:32:00,32,63:19:00,,,,,,,,,,,,,,,,,,,,,,,,,,,,,,,,,,,,,,,,,,,,,,,,,,,,,,,,,,,,,,,,,,,,,,,,33,2nd Unlimited Women,"Irene Moore
Sonja StClair
Martha Avila-Adame

TC Adam Adame
TC Erica Ortiz",643,9:00, ,12:11:00,,16:40:00,,20:48:00,,1:45:00,,10:43,,16:28:00,,19:35:00,,5:33:00,,13:35:00,,20:37:00,,0:38:00,,,,,,,,,,,,,,,,,,,,,,,,,,,,36,3:11:00,30,4:29:00,36,4:08:00,31,4:57:00,34,8:58:00,37,5:45:00,34,3:07:00,35,9:58:00,38,8:02:00,64,7:02:00,38,4:01:00,,,,,,,,,,,,,,,,,,,,,,,,,,,,36,3:11:00,31,7:40:00,34,11:48:00,32,16:45:00,32,25:43:00,33,31:28:00,32,34:35:00,29,44:33:00,30,52:35:00,33,59:37:00,33,63:38:00,,,,,,,,,,,,,,,,,,,,,,,,,,,,,,,,,,,,,,,,,,,,,,,,,,,,,,,,,,,,,,,,,,,,,,,,34,3rd USCA C-2,"Travis Crow
Fred Brent

TC Kert Prater
TC Kerry Prater",112,9:00, ,12:08:00,,16:52:00,,20:51:00,,2:03:00,,11:49,,17:43:00,,20:47:00,,7:24:00,,17:00:00,,22:48:00,,2:26:00,,,,,,,,,,,,,,,,,,,,,,,,,,,,31,3:08:00,50,4:44:00,27,3:59:00,45,5:12:00,45,9:46:00,39,5:54:00,28,3:04:00,47,10:37:00,68,9:36:00,33,5:48:00,20,3:38:00,,,,,,,,,,,,,,,,,,,,,,,,,,,,31,3:08:00,44,7:52:00,37,11:51:00,37,17:03:00,42,26:49:00,38,32:43:00,38,35:47:00,34,46:24:00,38,56:00:00,37,61:48:00,34,65:26:00,,,,,,,,,,,,,,,,,,,,,,,,,,,,,,,,,,,,,,,,,,,,,,,,,,,,,,,,,,,,,,,,,,,,,,,,35,9th Unlimited,"Rhett Butler
Miguel Flores
Ross Bingham

TC Shelby Butler
TC Whitney Flores",830,9:00, ,12:06:00,,16:44:00,,20:52:00,,1:27:00,,10:59,,17:18:00,,20:40:00,,8:01:00,,15:41:00,,22:40:00,,2:27:00,,,,,,,,,,,,,,,,,,,,,,,,,,,,29,3:06:00,44,4:38:00,36,4:08:00,20,4:35:00,43,9:32:00,49,6:19:00,41,3:22:00,63,11:21:00,29,7:40:00,62,6:59:00,26,3:47:00,,,,,,,,,,,,,,,,,,,,,,,,,,,,29,3:06:00,39,7:44:00,38,11:52:00,27,16:27:00,35,25:59:00,37,32:18:00,37,35:40:00,38,47:01:00,36,54:41:00,36,61:40:00,35,65:27:00,,,,,,,,,,,,,,,,,,,,,,,,,,,,,,,,,,,,,,,,,,,,,,,,,,,,,,,,,,,,,,,,,,,,,,,,36,7th Solo Unlimited Man,"Benjamin Duckett

TC Constance Harris
TC Emily Duckett",728,9:00, ,12:27:00,,17:05:00,,21:20:00,,2:48:00,,12:34,,19:11:00,,22:34:00,,9:02:00,,17:15:00,,23:38:00,,4:06:00,,,,,,,,,,,,,,,,,,,,,,,,,,,,58,3:27:00,44,4:38:00,42,4:15:00,54,5:28:00,45,9:46:00,55,6:37:00,42,3:23:00,46,10:28:00,45,8:13:00,50,6:23:00,57,4:28:00,,,,,,,,,,,,,,,,,,,,,,,,,,,,58,3:27:00,49,8:05:00,48,12:20:00,45,17:48:00,47,27:34:00,46,34:11:00,46,37:34:00,40,48:02:00,40,56:15:00,38,62:38:00,36,67:06:00,,,,,,,,,,,,,,,,,,,,,,,,,,,,,,,,,,,,,,,,,,,,,,,,,,,,,,,,,,,,,,,,,,,,,,,,37,1st USCA C-1 Man,"Richard Zambrana

TC Ginsie Stauss",17,9:00, ,12:25:00,,17:17:00,,21:30:00,,2:40:00,,12:57,,18:22:00,,21:27:00,,10:15:00,,18:22:00,,23:57:00,,5:57:00,,,,,,,,,,,,,,,,,,,,,,,,,* 2 hour penalty - barge canal,,,51,3:25:00,54,4:52:00,41,4:13:00,41,5:10:00,53,10:17:00,29,5:25:00,30,3:05:00,81,12:48:00,42,8:07:00,28,5:35:00,94,6:00:00,,,,,,,,,,,,,,,,,,,,,,,,,,,,51,3:25:00,53,8:17:00,50,12:30:00,44,17:40:00,49,27:57:00,43,33:22:00,42,36:27:00,42,49:15:00,41,57:22:00,39,62:57:00,37,68:57:00,,,,,,,,,,,,,,,,,,,,,,,,,,,,,,,,,,,,,,,,,,,,,,,,,,,,,,,,,,,,,,,,,,,,,,,,38,4th USCA C-2,"Paul Pape
Mike Howard

TC Jennifer Keirnan-Pape
TC Amber Howard",1973,9:00, ,12:35:00,,17:22:00,,22:12:00,,3:47:00,,15:35,,21:18:00,,0:32:00,,13:32:00,,20:44:00,,2:31:00,,6:25:00,,,,,,,,,,,,,,,,,,,,,,,,,,,,68,3:35:00,53,4:47:00,66,4:50:00,61,5:35:00,80,11:48:00,36,5:43:00,39,3:14:00,83,13:00:00,21,7:12:00,32,5:47:00,33,3:54:00,,,,,,,,,,,,,,,,,,,,,,,,,,,,68,3:35:00,56,8:22:00,63,13:12:00,59,18:47:00,63,30:35:00,54,36:18:00,49,39:32:00,52,52:32:00,46,59:44:00,41,65:31:00,38,69:25:00,,,,,,,,,,,,,,,,,,,,,,,,,,,,,,,,,,,,,,,,,,,,,,,,,,,,,,,,,,,,,,,,,,,,,,,,39,6th Aluminum,"Matt Sandel
Jacob Sandel 

TC Raphael Swafford
TC Amy Swafford",7804,9:00, ,12:22:00,,17:18:00,,21:46:00,,3:08:00,,12:44,,18:02:00,,21:33:00,,7:30:00,,15:17:00,,21:56:00,,6:35:00,,,,,,,,,,,,,,,,,,,,,,,,,,,,47,3:22:00,59,4:56:00,53,4:28:00,49,5:22:00,44,9:36:00,25,5:18:00,52,3:31:00,33,9:57:00,30,7:47:00,57,6:39:00,104,8:39:00,,,,,,,,,,,,,,,,,,,,,,,,,,,,47,3:22:00,54,8:18:00,54,12:46:00,52,18:08:00,48,27:44:00,41,33:02:00,43,36:33:00,35,46:30:00,35,54:17:00,35,60:56:00,39,69:35:00,,,,,,,,,,,,,,,,,,,,,,,,,,,,,,,,,,,,,,,,,,,,,,,,,,,,,,,,,,,,,,,,,,,,,,,,40,2nd Solo Unlimited Woman,"Cyndi Wilsdorf
TC Stephanie Wolfe
TC Susan Jordan",811,9:00, ,12:27:00,,17:08:00,,21:33:00,,3:44:00,,15:16,,21:44:00,,1:47:00,,11:53:00,,20:36:00,,2:37:00,,6:36:00,,,,,,,,,,,,,,,,,,,,,,,,,,,,58,3:27:00,48,4:41:00,50,4:25:00,72,6:11:00,72,11:32:00,51,6:28:00,64,4:03:00,37,10:06:00,48,8:43:00,40,6:01:00,37,3:59:00,,,,,,,,,,,,,,,,,,,,,,,,,,,,58,3:27:00,50,8:08:00,52,12:33:00,57,18:44:00,58,30:16:00,56,36:44:00,55,40:47:00,46,50:53:00,45,59:36:00,42,65:37:00,40,69:36:00,,,,,,,,,,,,,,,,,,,,,,,,,,,,,,,,,,,,,,,,,,,,,,,,,,,,,,,,,,,,,,,,,,,,,,,,41,4th Tandem Unlimited,"Shawn Melnar
Dylan Melnar 

TC Sharon Melnar
TC Mason Melnar",14,9:00, ,12:32:00,,17:31:00,,22:00:00,,3:19:00,,14:09,,20:57:00,,0:53:00,,11:17:00,,19:12:00,,2:18:00,,7:01:00,,,,,,,,,,,,,,,,,,,,,,,,,,,,64,3:32:00,66,4:59:00,54,4:29:00,47,5:19:00,62,10:50:00,59,6:48:00,60,3:56:00,44,10:24:00,35,7:55:00,68,7:06:00,71,4:43:00,,,,,,,,,,,,,,,,,,,,,,,,,,,,64,3:32:00,63,8:31:00,60,13:00:00,54,18:19:00,54,29:09:00,50,35:57:00,51,39:53:00,43,50:17:00,42,58:12:00,40,65:18:00,41,70:01:00,,,,,,,,,,,,,,,,,,,,,,,,,,,,,,,,,,,,,,,,,,,,,,,,,,,,,,,,,,,,,,,,,,,,,,,,42,5th Tandem Unlimited,"James Ward
Paul Glisson

TC Emily Addlesperger
TC Janet Ward",1004,9:00, ,12:26:00,,17:23:00,,21:48:00,,3:14:00,,13:46,,20:57:00,,1:06:00,,11:30:00,,19:39:00,,3:13:00,,7:18:00,,,,,,,,,,,,,,,,,,,,,,,,,,,,56,3:26:00,60,4:57:00,50,4:25:00,52,5:26:00,55,10:32:00,71,7:11:00,68,4:09:00,44,10:24:00,43,8:09:00,74,7:34:00,41,4:05:00,,,,,,,,,,,,,,,,,,,,,,,,,,,,56,3:26:00,58,8:23:00,56,12:48:00,53,18:14:00,52,28:46:00,50,35:57:00,54,40:06:00,45,50:30:00,44,58:39:00,44,66:13:00,42,70:18:00,,,,,,,,,,,,,,,,,,,,,,,,,,,,,,,,,,,,,,,,,,,,,,,,,,,,,,,,,,,,,,,,,,,,,,,,43,8th Solo Unlimited Man,"Keifer Mauldin

TC Gary Gibson
TC Julia Gibson",414,9:00, ,11:57:00,,16:28:00,,20:36:00,,2:03:00,,10:42,,15:57:00,,19:44:00,,5:32:00,,14:57:00,,2:44:00,,7:24:00,,,,,,,,,,,,,,,,,,,,,,,,,,,,19,2:57:00,35,4:31:00,35,4:08:00,53,5:27:00,28,8:39:00,24,5:15:00,58,3:47:00,29,9:48:00,65,9:25:00,101,11:47:00,68,4:40:00,,,,,,,,,,,,,,,,,,,,,,,,,,,,19,2:57:00,27,7:28:00,27,11:36:00,37,17:03:00,31,25:42:00,29,30:57:00,33,34:44:00,28,44:32:00,33,53:57:00,43,65:44:00,43,70:24:00,,,,,,,,,,,,,,,,,,,,,,,,,,,,,,,,,,,,,,,,,,,,,,,,,,,,,,,,,,,,,,,,,,,,,,,,44,7th Aluminum,"Hoyt Moss
Candace Morrison

TC Charlie Chapman
TC Wade Parsons",1620,9:00, ,12:46:00,,17:45:00,,22:36:00,,4:43:00,,15:16,,21:22:00,,0:58:00,,12:17:00,,21:13:00,,3:41:00,,8:17:00,,,,,,,,,,,,,,,,,,,,,,,,,,,,81,3:46:00,67,4:59:00,67,4:51:00,71,6:07:00,56,10:33:00,44,6:06:00,54,3:36:00,61,11:19:00,51,8:56:00,51,6:28:00,62,4:36:00,,,,,,,,,,,,,,,,,,,,,,,,,,,,81,3:46:00,70,8:45:00,69,13:36:00,65,19:43:00,58,30:16:00,55,36:22:00,53,39:58:00,48,51:17:00,48,60:13:00,45,66:41:00,44,71:17:00,,,,,,,,,,,,,,,,,,,,,,,,,,,,,,,,,,,,,,,,,,,,,,,,,,,,,,,,,,,,,,,,,,,,,,,,45,5th USCA C-2,"Jared O'Brien
Chris Davis 

TC Jami O'Brien
TC Ana Davis",1984,9:00, ,12:25:00,,17:23:00,,21:53:00,,3:04:00,,11:33,,18:32:00,,21:57:00,,11:27:00,,19:15:00,,5:10:00,,8:51:00,,,,,,,,,,,,,,,,,,,,,,,,,,,,51,3:25:00,64,4:58:00,55,4:30:00,43,5:11:00,24,8:29:00,66,6:59:00,43,3:25:00,88,13:30:00,32,7:48:00,93,9:55:00,21,3:41:00,,,,,,,,,,,,,,,,,,,,,,,,,,,,51,3:25:00,58,8:23:00,57,12:53:00,51,18:04:00,40,26:33:00,45,33:32:00,45,36:57:00,44,50:27:00,43,58:15:00,48,68:10:00,45,71:51:00,,,,,,,,,,,,,,,,,,,,,,,,,,,,,,,,,,,,,,,,,,,,,,,,,,,,,,,,,,,,,,,,,,,,,,,,46,6th Tandem Unlimited,"Brady Lotz
Charles Cox

TC Charlene Lotz
TC John Reagan",1010,9:00, ,12:10:00,,16:40:00,,20:52:00,,2:34:00,,14:03,,20:05:00,,23:36:00,,13:00:00,,20:57:00,,4:51:00,,8:56:00,,,,,,,,,,,,,,,,,,,,,,,,,,,,33,3:10:00,31,4:30:00,40,4:12:00,63,5:42:00,71,11:29:00,42,6:02:00,51,3:31:00,87,13:24:00,36,7:57:00,81,7:54:00,42,4:05:00,,,,,,,,,,,,,,,,,,,,,,,,,,,,33,3:10:00,31,7:40:00,38,11:52:00,43,17:34:00,53,29:03:00,48,35:05:00,47,38:36:00,50,52:00:00,47,59:57:00,47,67:51:00,46,71:56:00,,,,,,,,,,,,,,,,,,,,,,,,,,,,,,,,,,,,,,,,,,,,,,,,,,,,,,,,,,,,,,,,,,,,,,,,47,10th Unlimited,"Benton Mahaffey
Bolin Mahaffey
Logan Canter

TC Benton Mahaffey Sr
TC Joseph Makaitis",1,9:00, ,12:25:00,,17:10:00,,21:47:00,,3:03:00,,15:15,,22:04:00,,6:24:00,,16:03:00,,0:07:00,,5:58:00,,9:18:00,,,,,,,,,,,,,,,,,,,,,,,,,,,,51,3:25:00,51,4:45:00,62,4:37:00,46,5:16:00,97,12:12:00,60,6:49:00,117,8:20:00,26,9:39:00,41,8:04:00,34,5:51:00,16,3:20:00,,,,,,,,,,,,,,,,,,,,,,,,,,,,51,3:25:00,52,8:10:00,55,12:47:00,50,18:03:00,57,30:15:00,60,37:04:00,69,45:24:00,62,55:03:00,56,63:07:00,50,68:58:00,47,72:18:00,,,,,,,,,,,,,,,,,,,,,,,,,,,,,,,,,,,,,,,,,,,,,,,,,,,,,,,,,,,,,,,,,,,,,,,,48,7th Tandem Unlimited,"Ryan Stewart
Marsh Zurovec

TC Tabette Stewart
TC Robert Zurovec",8588,9:00, ,12:23:00,,17:20:00,,21:45:00,,2:54:00,,13:39,,20:36:00,,0:04:00,,12:51:00,,21:14:00,,5:46:00,,9:44:00,,,,,,,,,,,,,,,,,,,,,,,,,,,,49,3:23:00,60,4:57:00,50,4:25:00,39,5:09:00,60,10:45:00,64,6:57:00,47,3:28:00,80,12:47:00,47,8:23:00,89,8:32:00,36,3:58:00,,,,,,,,,,,,,,,,,,,,,,,,,,,,49,3:23:00,55,8:20:00,53,12:45:00,47,17:54:00,51,28:39:00,49,35:36:00,48,39:04:00,49,51:51:00,49,60:14:00,49,68:46:00,48,72:44:00,,,,,,,,,,,,,,,,,,,,,,,,,,,,,,,,,,,,,,,,,,,,,,,,,,,,,,,,,,,,,,,,,,,,,,,,49,8th Tandem Unlimited,"Blair  Severson
Anthony Garcia

TC Christopher Garcia
TC Nick Olney",1111,9:00, ,12:54:00,,18:08:00,,23:31:00,,4:59:00,,15:23,,22:17:00,,2:56:00,,13:53:00,,22:04:00,,6:11:00,,9:47:00,,,,,,,,,,,,,,,,,,,,,,,,,,,,94,3:54:00,77,5:14:00,85,5:23:00,54,5:28:00,54,10:24:00,63,6:54:00,83,4:39:00,55,10:57:00,44,8:11:00,83,8:07:00,19,3:36:00,,,,,,,,,,,,,,,,,,,,,,,,,,,,94,3:54:00,82,9:08:00,85,14:31:00,68,19:59:00,61,30:23:00,62,37:17:00,57,41:56:00,55,52:53:00,51,61:04:00,52,69:11:00,49,72:47:00,,,,,,,,,,,,,,,,,,,,,,,,,,,,,,,,,,,,,,,,,,,,,,,,,,,,,,,,,,,,,,,,,,,,,,,,50,2nd Novice,"Peter Vogt
Conor Steward

TC Anahi Villarruel
TC Kayla Weirich",1468,9:00, ,12:42:00,,17:40:00,,22:32:00,,5:15:00,,17:13,,23:53:00,,3:22:00,,14:30:00,,23:29:00,,6:01:00,,10:12:00,,,,,,,,,,,,,,,,,,,,,,,,,,,,79,3:42:00,65,4:58:00,68,4:52:00,88,6:43:00,89,11:58:00,56,6:40:00,49,3:29:00,59,11:08:00,52,8:59:00,53,6:32:00,45,4:11:00,,,,,,,,,,,,,,,,,,,,,,,,,,,,79,3:42:00,67,8:40:00,67,13:32:00,70,20:15:00,72,32:13:00,65,38:53:00,58,42:22:00,56,53:30:00,55,62:29:00,51,69:01:00,50,73:12:00,,,,,,,,,,,,,,,,,,,,,,,,,,,,,,,,,,,,,,,,,,,,,,,,,,,,,,,,,,,,,,,,,,,,,,,,51,9th Tandem Unlimited,"William Stafford
John Dupont

TC Shannon Jones
TC Darla Stafford",65,9:00, ,12:25:00,,17:01:00,,21:31:00,,3:01:00,,12:19,,18:17:00,,21:47:00,,7:55:00,,17:08:00,,3:57:00,,10:15:00,,,,,,,,,,,,,,,,,,,,,,,,,,,,51,3:25:00,41,4:36:00,55,4:30:00,58,5:30:00,41,9:18:00,40,5:58:00,50,3:30:00,39,10:08:00,58,9:13:00,96,10:49:00,97,6:18:00,,,,,,,,,,,,,,,,,,,,,,,,,,,,51,3:25:00,47,8:01:00,51,12:31:00,48,18:01:00,45,27:19:00,42,33:17:00,44,36:47:00,37,46:55:00,39,56:08:00,46,66:57:00,51,73:15:00,,,,,,,,,,,,,,,,,,,,,,,,,,,,,,,,,,,,,,,,,,,,,,,,,,,,,,,,,,,,,,,,,,,,,,,,52,8th Aluminum,"Alex Roessler
Andrew Parker

TC Levi Wildman
TC Luke Knackstadt",1986,9:00, ,12:41:00,,17:51:00,,22:35:00,,3:56:00,,16:01,,22:29:00,,4:30:00,,15:23:00,,1:22:00,,7:04:00,,10:26:00,,,,,,,,,,,,,,,,,,,,,,,,,,,,77,3:41:00,73,5:10:00,64,4:44:00,48,5:21:00,92,12:05:00,51,6:28:00,106,6:01:00,52,10:53:00,74,9:59:00,30,5:42:00,17,3:22:00,,,,,,,,,,,,,,,,,,,,,,,,,,,,77,3:41:00,74,8:51:00,68,13:35:00,60,18:56:00,65,31:01:00,63,37:29:00,63,43:30:00,59,54:23:00,58,64:22:00,54,70:04:00,52,73:26:00,,,,,,,,,,,,,,,,,,,,,,,,,,,,,,,,,,,,,,,,,,,,,,,,,,,,,,,,,,,,,,,,,,,,,,,,53,11th Unlimited,"Mike Smith
Stacy Greer
Rob Nichols
Jake Gibeaux
Hunter Hayes

TC Cindy Gibeaux
TC Trab Seyn",2024,9:00, ,12:08:00,,16:39:00,,21:09:00,,4:45:00,,14:53,,20:57:00,,3:44:00,,13:52:00,,23:15:00,,7:30:00,,10:41:00,,,,,,,,,,,,,,,,,,,,,,,,,,,,31,3:08:00,35,4:31:00,55,4:30:00,108,7:36:00,51,10:08:00,43,6:04:00,110,6:47:00,38,10:08:00,64,9:23:00,86,8:15:00,12,3:11:00,,,,,,,,,,,,,,,,,,,,,,,,,,,,31,3:08:00,30,7:39:00,45,12:09:00,66,19:45:00,55,29:53:00,50,35:57:00,61,42:44:00,54,52:52:00,54,62:15:00,55,70:30:00,53,73:41:00,,,,,,,,,,,,,,,,,,,,,,,,,,,,,,,,,,,,,,,,,,,,,,,,,,,,,,,,,,,,,,,,,,,,,,,,54,1st Novice Women,"Katie Cunningham
Rachel Friedman

TC Thomas Martin
TC William Martin",125,9:00, ,12:44:00,,17:41:00,,22:27:00,,4:52:00,,15:46,,21:57:00,,2:47:00,,13:49:00,,22:38:00,,6:43:00,,10:47:00,,,,,,,,,,,,,,,,,,,,,,,,,,,,80,3:44:00,63,4:57:00,65,4:46:00,83,6:25:00,64,10:54:00,46,6:11:00,88,4:50:00,56,11:02:00,50,8:49:00,82,8:05:00,40,4:04:00,,,,,,,,,,,,,,,,,,,,,,,,,,,,80,3:44:00,68,8:41:00,64,13:27:00,67,19:52:00,64,30:46:00,59,36:57:00,56,41:47:00,53,52:49:00,52,61:38:00,53,69:43:00,54,73:47:00,,,,,,,,,,,,,,,,,,,,,,,,,,,,,,,,,,,,,,,,,,,,,,,,,,,,,,,,,,,,,,,,,,,,,,,,55,3rd Solo Unlimited Woman,"Samantha Binion

TC Rob Wytaske
TC Josie Wytaske",747,9:00, ,12:28:00,,17:29:00,,22:00:00,,3:29:00,,13:36,,21:14:00,,0:47:00,,12:13:00,,21:26:00,,8:43:00,,13:22:00,,,,,,,,,,,,,,,,,,,,,,,,,,,,61,3:28:00,68,5:01:00,58,4:31:00,57,5:29:00,50,10:07:00,73,7:38:00,53,3:33:00,67,11:26:00,59,9:13:00,99,11:17:00,66,4:39:00,,,,,,,,,,,,,,,,,,,,,,,,,,,,61,3:28:00,62,8:29:00,60,13:00:00,56,18:29:00,50,28:36:00,53,36:14:00,50,39:47:00,47,51:13:00,50,60:26:00,56,71:43:00,55,76:22:00,,,,,,,,,,,,,,,,,,,,,,,,,,,,,,,,,,,,,,,,,,,,,,,,,,,,,,,,,,,,,,,,,,,,,,,,56,4th Solo Unlimited Woman,"Salli O'Donnell

TC Mike Malone",5353,9:00, ,11:51:00,,15:49:00,,19:27:00,,23:42:00,,7:14,,11:45:00,,14:27:00,,22:11:00,,6:25:00,,11:03:00,,14:14:00,,,,,,,,,,,,,,,,,,,,,,,,,* 24 hour penalty - equipment,,,13,2:51:00,8,3:58:00,7,3:38:00,7,4:15:00,10,7:32:00,9,4:31:00,12,2:42:00,11,7:44:00,46,8:14:00,11,4:38:00,13,3:11:00,,,,,,,,,,,,,,,,,,,,,,,,,,,,13,2:51:00,11,6:49:00,9,10:27:00,8,14:42:00,10,22:14:00,10,26:45:00,10,29:27:00,9,37:11:00,12,45:25:00,12,50:03:00,56,77:14:00,,,,,,,,,,,,,,,,,,,,,,,,,,,,,,,,,,,,,,,,,,,,,,,,,,,,,,,,,,,,,,,,,,,,,,,,57,"
9th Solo Unlimited Man","John D Chapman

TC Joshua Sarkardehi
TC Sam Evans",12,9:00, ,12:25:00,,17:22:00,,21:56:00,,3:25:00,,15:03,,21:45:00,,0:53:00,,13:07:00,,22:42:00,,9:58:00,,14:23:00,,,,,,,,,,,,,,,,,,,,,,,,,* 15 minute penalty - PFD,,,51,3:25:00,60,4:57:00,59,4:34:00,56,5:29:00,77,11:38:00,57,6:42:00,35,3:08:00,77,12:14:00,67,9:35:00,98,11:16:00,54,4:25:00,,,,,,,,,,,,,,,,,,,,,,,,,,,,51,3:25:00,56,8:22:00,58,12:56:00,55,18:25:00,56,30:03:00,57,36:45:00,51,39:53:00,51,52:07:00,53,61:42:00,57,72:58:00,57,77:23:00,,,,,,,,,,,,,,,,,,,,,,,,,,,,,,,,,,,,,,,,,,,,,,,,,,,,,,,,,,,,,,,,,,,,,,,,58,3rd Standard,"Jeff Larsen
Mirko Pruefer

TC Keith Stone
TC Ron Popp",101,9:00, ,12:40:00,,18:00:00,,23:24:00,,5:18:00,,17:07,,1:25:00,,5:45:00,,16:42:00,,3:00:00,,10:21:00,,14:42:00,,,,,,,,,,,,,,,,,,,,,,,,,,,,76,3:40:00,85,5:20:00,89,5:24:00,65,5:54:00,82,11:49:00,77,8:18:00,77,4:20:00,54,10:57:00,81,10:18:00,71,7:21:00,52,4:21:00,,,,,,,,,,,,,,,,,,,,,,,,,,,,76,3:40:00,77,9:00:00,81,14:24:00,73,20:18:00,70,32:07:00,70,40:25:00,66,44:45:00,63,55:42:00,59,66:00:00,59,73:21:00,58,77:42:00,,,,,,,,,,,,,,,,,,,,,,,,,,,,,,,,,,,,,,,,,,,,,,,,,,,,,,,,,,,,,,,,,,,,,,,,59,12th Unlimited,"Wack  Ezell
Avery Ezell
Bobby Sollock
Stuart Hines

TC Lee Ezell
TC Joey Zavesky",2727,9:00, ,13:06:00,,18:43:00,,23:59:00,,6:17:00,,17:53,,0:11:00,,7:38:00,,17:48:00,,3:42:00,,10:17:00,,15:06:00,,,,,,,,,,,,,,,,,,,,,,,,,,,,116,4:06:00,106,5:37:00,80,5:16:00,77,6:18:00,74,11:36:00,47,6:18:00,114,7:27:00,41,10:10:00,73,9:54:00,54,6:35:00,78,4:49:00,,,,,,,,,,,,,,,,,,,,,,,,,,,,116,4:06:00,109,9:43:00,99,14:59:00,83,21:17:00,80,32:53:00,66,39:11:00,74,46:38:00,66,56:48:00,62,66:42:00,58,73:17:00,59,78:06:00,,,,,,,,,,,,,,,,,,,,,,,,,,,,,,,,,,,,,,,,,,,,,,,,,,,,,,,,,,,,,,,,,,,,,,,,60,13th Unlimited,"Chris Kelter
Gabe Webber
Woody Green - out at Hochheim
Paul Alvarez - out at Hochheim

TC Joe Godin
TC Patrick Jacobsen",993,9:00, ,12:36:00,,18:18:00,,23:41:00,,6:23:00,,18:33,,0:51:00,,5:56:00,,17:43:00,,3:57:00,,11:00:00,,15:18:00,,,,,,,,,,,,,,,,,,,,,,,,,,,,69,3:36:00,112,5:42:00,88,5:23:00,87,6:42:00,95,12:10:00,47,6:18:00,97,5:05:00,70,11:47:00,79,10:14:00,66,7:03:00,50,4:18:00,,,,,,,,,,,,,,,,,,,,,,,,,,,,69,3:36:00,87,9:18:00,90,14:41:00,85,21:23:00,87,33:33:00,69,39:51:00,67,44:56:00,65,56:43:00,63,66:57:00,64,74:00:00,60,78:18:00,,,,,,,,,,,,,,,,,,,,,,,,,,,,,,,,,,,,,,,,,,,,,,,,,,,,,,,,,,,,,,,,,,,,,,,,61,14th Unlimited,"Cody Hardin
Cody Fowler
Chris Withers 

TC Edwardo Geyer
TC Morgan Tiner",4,9:00, ,12:48:00,,18:21:00,,23:46:00,,6:59:00,,18:49,,1:54:00,,7:21:00,,19:33:00,,4:37:00,,10:41:00,,15:22:00,,,,,,,,,,,,,,,,,,,,,,,,,,,,84,3:48:00,97,5:33:00,91,5:25:00,101,7:13:00,83,11:50:00,67,7:05:00,100,5:27:00,75,12:12:00,53,9:04:00,41,6:04:00,69,4:41:00,,,,,,,,,,,,,,,,,,,,,,,,,,,,84,3:48:00,91,9:21:00,91,14:46:00,89,21:59:00,88,33:49:00,72,40:54:00,73,46:21:00,73,58:33:00,66,67:37:00,61,73:41:00,61,78:22:00,,,,,,,,,,,,,,,,,,,,,,,,,,,,,,,,,,,,,,,,,,,,,,,,,,,,,,,,,,,,,,,,,,,,,,,,62,9th Aluminum,"Daniel Lee
Joanna Lehrmann

TC Ashley Lee
TC M'Lynn Johnson",806,9:00, ,12:39:00,,17:35:00,,22:10:00,,4:12:00,,16:06,,22:56:00,,3:28:00,,14:40:00,,1:14:00,,10:27:00,,15:34:00,,,,,,,,,,,,,,,,,,,,,,,,,,,,74,3:39:00,57,4:56:00,61,4:35:00,70,6:02:00,85,11:54:00,62,6:50:00,81,4:32:00,60,11:12:00,82,10:34:00,92,9:13:00,86,5:07:00,,,,,,,,,,,,,,,,,,,,,,,,,,,,74,3:39:00,66,8:35:00,62,13:10:00,61,19:12:00,66,31:06:00,64,37:56:00,60,42:28:00,57,53:40:00,57,64:14:00,60,73:27:00,62,78:34:00,,,,,,,,,,,,,,,,,,,,,,,,,,,,,,,,,,,,,,,,,,,,,,,,,,,,,,,,,,,,,,,,,,,,,,,,63,3rd Novice,"Juan Castro
Seiji Williams

TC Cameron Coday
TC Juan Casto Sr",70,9:00, ,13:06:00,,18:31:00,,0:15:00,,8:19:00,,19:14,,4:12:00,,8:02:00,,19:29:00,,4:37:00,,10:52:00,,15:39:00,,,,,,,,,,,,,,,,,,,,,,,,,,,,116,4:06:00,93,5:25:00,106,5:44:00,122,8:04:00,65,10:55:00,86,8:58:00,59,3:50:00,68,11:27:00,57,9:08:00,46,6:15:00,75,4:47:00,,,,,,,,,,,,,,,,,,,,,,,,,,,,116,4:06:00,101,9:31:00,101,15:15:00,103,23:19:00,95,34:14:00,88,43:12:00,78,47:02:00,72,58:29:00,66,67:37:00,63,73:52:00,63,78:39:00,,,,,,,,,,,,,,,,,,,,,,,,,,,,,,,,,,,,,,,,,,,,,,,,,,,,,,,,,,,,,,,,,,,,,,,,64,10th Solo Unlimited Man,"BJ Dobbs

TC Crystal Dobbs
TC Marcuss Niswonger",6988,9:00, ,12:54:00,,18:00:00,,23:46:00,,5:19:00,,17:18,,0:15:00,,7:53:00,,17:50:00,,6:13:00,,11:44:00,,15:47:00,,,,,,,,,,,,,,,,,,,,,,,,,,,,94,3:54:00,71,5:06:00,109,5:46:00,60,5:33:00,90,11:59:00,64,6:57:00,115,7:38:00,34,9:57:00,101,12:23:00,27,5:31:00,39,4:03:00,,,,,,,,,,,,,,,,,,,,,,,,,,,,94,3:54:00,77,9:00:00,91,14:46:00,74,20:19:00,74,32:18:00,67,39:15:00,75,46:53:00,68,56:50:00,72,69:13:00,68,74:44:00,64,78:47:00,,,,,,,,,,,,,,,,,,,,,,,,,,,,,,,,,,,,,,,,,,,,,,,,,,,,,,,,,,,,,,,,,,,,,,,,65,15th Unlimited,"Cliff De La Cerda
Daniela De La Cerda
Dennis Hall II

TC Kyla Casares
TC Adam Casares",13,9:00, ,12:52:00,,18:30:00,,0:10:00,,8:12:00,,19:35,,3:07:00,,9:44:00,,19:43:00,,5:36:00,,11:36:00,,16:10:00,,,,,,,,,,,,,,,,,,,,,,,,,,,,89,3:52:00,108,5:38:00,100,5:40:00,121,8:02:00,70,11:23:00,72,7:32:00,109,6:37:00,36,9:59:00,71,9:53:00,37,6:00:00,61,4:34:00,,,,,,,,,,,,,,,,,,,,,,,,,,,,89,3:52:00,99,9:30:00,100,15:10:00,102,23:12:00,97,34:35:00,78,42:07:00,83,48:44:00,75,58:43:00,69,68:36:00,67,74:36:00,65,79:10:00,,,,,,,,,,,,,,,,,,,,,,,,,,,,,,,,,,,,,,,,,,,,,,,,,,,,,,,,,,,,,,,,,,,,,,,,66,10th Tandem Unlimited,"Roger Barrett
Dakota Barrett

TC Jennifer Barrett
TC Cheyenne Barrett",7402,9:00, ,12:41:00,,17:49:00,,22:27:00,,5:38:00,,16:12,,1:58:00,,6:12:00,,16:00:00,,3:19:00,,11:07:00,,17:10:00,,,,,,,,,,,,,,,,,,,,,,,,,,,,77,3:41:00,72,5:08:00,63,4:38:00,98,7:11:00,57,10:34:00,97,9:46:00,73,4:14:00,28,9:48:00,91,11:19:00,79,7:48:00,95,6:03:00,,,,,,,,,,,,,,,,,,,,,,,,,,,,77,3:41:00,73,8:49:00,64,13:27:00,76,20:38:00,68,31:12:00,73,40:58:00,68,45:12:00,60,55:00:00,61,66:19:00,65,74:07:00,66,80:10:00,,,,,,,,,,,,,,,,,,,,,,,,,,,,,,,,,,,,,,,,,,,,,,,,,,,,,,,,,,,,,,,,,,,,,,,,67,11th Solo Unlimited Man,"Justin Brzozowske

TC Carole Brzozowske
TC Brett Bolting",1966,9:00, ,12:38:00,,17:51:00,,23:38:00,,5:15:00,,17:41,,0:50:00,,5:13:00,,16:00:00,,3:10:00,,10:51:00,,17:15:00,,,,,,,,,,,,,,,,,,,,,,,,,,,,71,3:38:00,76,5:13:00,110,5:47:00,62,5:37:00,98,12:26:00,69,7:09:00,79,4:23:00,51,10:47:00,88,11:10:00,77,7:41:00,98,6:24:00,,,,,,,,,,,,,,,,,,,,,,,,,,,,71,3:38:00,74,8:51:00,88,14:38:00,70,20:15:00,76,32:41:00,68,39:50:00,64,44:13:00,61,55:00:00,60,66:10:00,62,73:51:00,67,80:15:00,,,,,,,,,,,,,,,,,,,,,,,,,,,,,,,,,,,,,,,,,,,,,,,,,,,,,,,,,,,,,,,,,,,,,,,,68,16th Unlimited,"Spencer Fuller
Janae Fuller - out at Fentress
Kate Fuller

TC Hunter Harrison",514,9:00, ,12:47:00,,18:21:00,,23:49:00,,5:20:00,,17:29,,2:22:00,,6:28:00,,18:41:00,,3:57:00,,11:45:00,,17:27:00,,,,,,,,,,,,,,,,,,,,,,,,,,,,83,3:47:00,99,5:34:00,94,5:28:00,59,5:31:00,94,12:09:00,85,8:53:00,66,4:06:00,76,12:13:00,60,9:16:00,78,7:48:00,90,5:42:00,,,,,,,,,,,,,,,,,,,,,,,,,,,,83,3:47:00,91,9:21:00,96,14:49:00,75,20:20:00,75,32:29:00,74,41:22:00,70,45:28:00,70,57:41:00,63,66:57:00,69,74:45:00,68,80:27:00,,,,,,,,,,,,,,,,,,,,,,,,,,,,,,,,,,,,,,,,,,,,,,,,,,,,,,,,,,,,,,,,,,,,,,,,69,12th Solo Unlimited Man,"John Knippers

TC Colton Moore
TC Felicity Mayden",1928,9:00, ,12:52:00,,18:28:00,,2:32:00,,9:55:00,,20:38,,3:27:00,,10:23:00,,20:32:00,,8:04:00,,14:08:00,,18:57:00,,,,,,,,,,,,,,,,,,,,,,,,,,,,89,3:52:00,102,5:36:00,133,8:04:00,103,7:23:00,59,10:43:00,60,6:49:00,112,6:56:00,40,10:09:00,93,11:32:00,41,6:04:00,77,4:49:00,,,,,,,,,,,,,,,,,,,,,,,,,,,,89,3:52:00,97,9:28:00,129,17:32:00,119,24:55:00,101,35:38:00,80,42:27:00,85,49:23:00,77,59:32:00,76,71:04:00,74,77:08:00,69,81:57:00,,,,,,,,,,,,,,,,,,,,,,,,,,,,,,,,,,,,,,,,,,,,,,,,,,,,,,,,,,,,,,,,,,,,,,,,70,13th Solo Unlimited Man,"Tony Kusbel

TC Marisol Kusbel",1982,9:00, ,13:02:00,,18:19:00,,23:13:00,,5:11:00,,20:27,,4:45:00,,10:27:00,,1:07:00,,9:10:00,,14:34:00,,19:03:00,,,,,,,,,,,,,,,,,,,,,,,,,,,,102,4:02:00,81,5:17:00,69,4:54:00,68,5:58:00,125,15:16:00,77,8:18:00,102,5:42:00,97,14:40:00,39,8:03:00,22,5:24:00,58,4:29:00,,,,,,,,,,,,,,,,,,,,,,,,,,,,102,4:02:00,89,9:19:00,75,14:13:00,69,20:11:00,99,35:27:00,89,43:45:00,86,49:27:00,92,64:07:00,78,72:10:00,75,77:34:00,70,82:03:00,,,,,,,,,,,,,,,,,,,,,,,,,,,,,,,,,,,,,,,,,,,,,,,,,,,,,,,,,,,,,,,,,,,,,,,,71,4th Novice,"Travis Ballew
Wesley Ballew

TC Janet Thrower",1096,9:00, ,12:50:00,,18:10:00,,23:04:00,,6:53:00,,17:52,,3:36:00,,7:03:00,,18:59:00,,5:59:00,,13:27:00,,19:12:00,,,,,,,,,,,,,,,,,,,,,,,,,,,,87,3:50:00,85,5:20:00,69,4:54:00,115,7:49:00,66,10:59:00,96,9:44:00,44,3:27:00,71,11:56:00,87,11:00:00,73,7:28:00,91,5:45:00,,,,,,,,,,,,,,,,,,,,,,,,,,,,87,3:50:00,84,9:10:00,72,14:04:00,88,21:53:00,79,32:52:00,84,42:36:00,72,46:03:00,71,57:59:00,70,68:59:00,73,76:27:00,71,82:12:00,,,,,,,,,,,,,,,,,,,,,,,,,,,,,,,,,,,,,,,,,,,,,,,,,,,,,,,,,,,,,,,,,,,,,,,,72,11th Tandem Unlimited,"Lee Lichlyter
Bruce Beall

TC RoxAnne Lichlyter
TC Jennifer Beall",6,9:00, ,12:33:00,,17:27:00,,22:27:00,,4:23:00,,15:16,,21:50:00,,3:23:00,,14:48:00,,4:05:00,,11:07:00,,19:33:00,,,,,,,,,,,,,,,,,,,,,,,,,,,,65,3:33:00,56,4:54:00,73,5:00:00,66,5:56:00,63,10:53:00,53,6:34:00,101,5:33:00,66,11:25:00,104,13:17:00,65,7:02:00,103,8:26:00,,,,,,,,,,,,,,,,,,,,,,,,,,,,65,3:33:00,61,8:27:00,64,13:27:00,63,19:23:00,58,30:16:00,58,36:50:00,59,42:23:00,58,53:48:00,65,67:05:00,65,74:07:00,72,82:33:00,,,,,,,,,,,,,,,,,,,,,,,,,,,,,,,,,,,,,,,,,,,,,,,,,,,,,,,,,,,,,,,,,,,,,,,,73,17th Unlimited,"Joe Hunt
Joe Roppolo
John Wooldridge
James Hunt

TC Patty Hunt
TC Alyssa Wooldridge",1775,9:00, ,13:06:00,,19:15:00,,0:20:00,,7:32:00,,19:08,,3:08:00,,8:32:00,,19:36:00,,5:29:00,,11:49:00,,20:33:00,,,,,,,,,,,,,,,,,,,,,,,,,,,,116,4:06:00,136,6:09:00,75,5:05:00,99,7:12:00,75,11:36:00,74,8:00:00,98,5:24:00,58,11:04:00,71,9:53:00,47,6:20:00,105,8:44:00,,,,,,,,,,,,,,,,,,,,,,,,,,,,116,4:06:00,128,10:15:00,105,15:20:00,98,22:32:00,94,34:08:00,79,42:08:00,80,47:32:00,74,58:36:00,68,68:29:00,70,74:49:00,73,83:33:00,,,,,,,,,,,,,,,,,,,,,,,,,,,,,,,,,,,,,,,,,,,,,,,,,,,,,,,,,,,,,,,,,,,,,,,,74,12th Tandem Unlimited,"Cody Smith
Scout Smith

TC Josh Hernandez
TC Jessica Smith",1340,9:00, ,12:39:00,,17:41:00,,23:23:00,,9:17:00,,22:59,,8:33:00,,12:17:00,,3:21:00,,11:00:00,,16:23:00,,20:34:00,,,,,,,,,,,,,,,,,,,,,,,,,,,,74,3:39:00,69,5:02:00,104,5:42:00,140,9:54:00,114,13:42:00,93,9:34:00,57,3:44:00,101,15:04:00,28,7:39:00,21,5:23:00,44,4:11:00,,,,,,,,,,,,,,,,,,,,,,,,,,,,74,3:39:00,68,8:41:00,80,14:23:00,114,24:17:00,112,37:59:00,103,47:33:00,100,51:17:00,96,66:21:00,89,74:00:00,79,79:23:00,74,83:34:00,,,,,,,,,,,,,,,,,,,,,,,,,,,,,,,,,,,,,,,,,,,,,,,,,,,,,,,,,,,,,,,,,,,,,,,,75,6th USCA C-2,"David Hester
Trent Hester

TC Amy Hester
TC Kim Hester",4508,9:00, ,12:26:00,,17:31:00,,23:18:00,,7:10:00,,17:44,,4:11:00,,9:14:00,,22:27:00,,9:17:00,,15:00:00,,20:49:00,,,,,,,,,,,,,,,,,,,,,,,,,,,,56,3:26:00,70,5:05:00,110,5:47:00,118,7:52:00,57,10:34:00,105,10:27:00,96,5:03:00,84,13:13:00,85,10:50:00,31,5:43:00,93,5:49:00,,,,,,,,,,,,,,,,,,,,,,,,,,,,56,3:26:00,63,8:31:00,77,14:18:00,92,22:10:00,77,32:44:00,87,43:11:00,82,48:14:00,82,61:27:00,79,72:17:00,76,78:00:00,75,83:49:00,,,,,,,,,,,,,,,,,,,,,,,,,,,,,,,,,,,,,,,,,,,,,,,,,,,,,,,,,,,,,,,,,,,,,,,,76,10th Aluminum,"Alex Daresh
Dalton Reynolds

TC Daniella Norman
TC Darryll Daresh",8004,9:00, ,13:02:00,,18:35:00,,23:58:00,,6:37:00,,20:16,,6:40:00,,11:26:00,,22:49:00,,8:36:00,,15:44:00,,20:56:00,,,,,,,,,,,,,,,,,,,,,,,,,,,,102,4:02:00,98,5:33:00,85,5:23:00,86,6:39:00,113,13:39:00,104,10:24:00,84,4:46:00,65,11:23:00,69,9:47:00,69,7:08:00,88,5:12:00,,,,,,,,,,,,,,,,,,,,,,,,,,,,102,4:02:00,105,9:35:00,98,14:58:00,86,21:37:00,98,35:16:00,96,45:40:00,92,50:26:00,84,61:49:00,77,71:36:00,77,78:44:00,76,83:56:00,,,,,,,,,,,,,,,,,,,,,,,,,,,,,,,,,,,,,,,,,,,,,,,,,,,,,,,,,,,,,,,,,,,,,,,,77,5th Novice,"Kevin Koepp
Justin Moorhead

TC Kristi Koepp
TC Alyssa Moorhead",8008,9:00, ,12:30:00,,17:45:00,,23:05:00,,7:49:00,,20:36,,6:38:00,,10:37:00,,1:09:00,,10:15:00,,17:00:00,,21:24:00,,,,,,,,,,,,,,,,,,,,,,,,,,,,63,3:30:00,78,5:15:00,83,5:20:00,128,8:44:00,103,12:47:00,99,10:02:00,63,3:59:00,95,14:32:00,55,9:06:00,59,6:45:00,53,4:24:00,,,,,,,,,,,,,,,,,,,,,,,,,,,,63,3:30:00,70,8:45:00,73,14:05:00,101,22:49:00,100,35:36:00,94,45:38:00,88,49:37:00,93,64:09:00,86,73:15:00,84,80:00:00,77,84:24:00,,,,,,,,,,,,,,,,,,,,,,,,,,,,,,,,,,,,,,,,,,,,,,,,,,,,,,,,,,,,,,,,,,,,,,,,78,13th Tandem Unlimited,"Clint Simmons
Kenney Howitt

TC Rachel Simmons
TC Jennifer Howitt",727,9:00, ,12:38:00,,17:31:00,,23:12:00,,4:15:00,,17:16,,2:43:00,,6:55:00,,22:11:00,,10:31:00,,16:31:00,,21:27:00,,,,,,,,,,,,,,,,,,,,,,,,,,,,71,3:38:00,55,4:53:00,102,5:41:00,36,5:03:00,104,13:01:00,91,9:27:00,71,4:12:00,103,15:16:00,100,12:20:00,37,6:00:00,80,4:56:00,,,,,,,,,,,,,,,,,,,,,,,,,,,,71,3:38:00,63,8:31:00,74,14:12:00,62,19:15:00,73,32:16:00,76,41:43:00,71,45:55:00,81,61:11:00,88,73:31:00,80,79:31:00,78,84:27:00,,,,,,,,,,,,,,,,,,,,,,,,,,,,,,,,,,,,,,,,,,,,,,,,,,,,,,,,,,,,,,,,,,,,,,,,79,18th Unlimited,"Nick Shock
Leif Shock
Tim Wilson

TC Jada Shock
TC Millie Wilson",7001,9:00, ,13:01:00,,18:25:00,,23:38:00,,5:51:00,,17:48,,2:39:00,,9:59:00,,21:20:00,,6:53:00,,16:52:00,,21:30:00,,,,,,,,,,,,,,,,,,,,,,,,,,,,100,4:01:00,91,5:24:00,79,5:13:00,74,6:13:00,87,11:57:00,83,8:51:00,113,7:20:00,62,11:21:00,66,9:33:00,94,9:59:00,65,4:38:00,,,,,,,,,,,,,,,,,,,,,,,,,,,,100,4:01:00,93,9:25:00,88,14:38:00,78,20:51:00,78,32:48:00,75,41:39:00,84,48:59:00,79,60:20:00,73,69:53:00,83,79:52:00,79,84:30:00,,,,,,,,,,,,,,,,,,,,,,,,,,,,,,,,,,,,,,,,,,,,,,,,,,,,,,,,,,,,,,,,,,,,,,,,80,14th Tandem Unlimited,"Benjamin  Peck
Brandon Smith

TC Pat Egan
TC Scott Henize",3141,9:00, ,12:46:00,,18:02:00,,23:25:00,,7:15:00,,19:06,,6:07:00,,11:55:00,,2:50:00,,11:36:00,,17:41:00,,22:07:00,,,,,,,,,,,,,,,,,,,,,,,,,,,,81,3:46:00,79,5:16:00,85,5:23:00,116,7:50:00,84,11:51:00,113,11:01:00,104,5:48:00,99,14:55:00,49,8:46:00,43,6:05:00,55,4:26:00,,,,,,,,,,,,,,,,,,,,,,,,,,,,81,3:46:00,79,9:02:00,82,14:25:00,93,22:15:00,93,34:06:00,92,45:07:00,98,50:55:00,94,65:50:00,93,74:36:00,87,80:41:00,80,85:07:00,,,,,,,,,,,,,,,,,,,,,,,,,,,,,,,,,,,,,,,,,,,,,,,,,,,,,,,,,,,,,,,,,,,,,,,,81,14th Solo Unlimited Man,"Keith Campros

TC Bonnie Blackburn
TC Cameron Fanning",1337,9:00, ,12:53:00,,18:09:00,,23:18:00,,5:15:00,,16:35,,1:25:00,,5:34:00,,18:24:00,,5:59:00,,13:12:00,,22:15:00,,,,,,,,,,,,,,,,,,,,,,,,,,,,93,3:53:00,79,5:16:00,77,5:09:00,67,5:57:00,69,11:20:00,82,8:50:00,69,4:09:00,82,12:50:00,94,11:35:00,70,7:13:00,106,9:03:00,,,,,,,,,,,,,,,,,,,,,,,,,,,,93,3:53:00,83,9:09:00,77,14:18:00,70,20:15:00,69,31:35:00,71,40:25:00,65,44:34:00,69,57:24:00,70,68:59:00,72,76:12:00,81,85:15:00,,,,,,,,,,,,,,,,,,,,,,,,,,,,,,,,,,,,,,,,,,,,,,,,,,,,,,,,,,,,,,,,,,,,,,,,82,7th USCA C-2,"Ryan Tedrow
Marcus Monroe

TC Mandy Tedrow
TC Teressa Monroe",8181,9:00, ,12:49:00,,18:10:00,,23:48:00,,6:22:00,,18:25,,7:57:00,,11:53:00,,22:47:00,,11:34:00,,18:10:00,,22:18:00,,,,,,,,,,,,,,,,,,,,,,,,,,,,85,3:49:00,87,5:21:00,98,5:38:00,85,6:34:00,91,12:03:00,120,13:32:00,62,3:56:00,53,10:54:00,102,12:47:00,55,6:36:00,43,4:08:00,,,,,,,,,,,,,,,,,,,,,,,,,,,,85,3:49:00,84,9:10:00,95,14:48:00,84,21:22:00,85,33:25:00,99,46:57:00,97,50:53:00,83,61:47:00,91,74:34:00,90,81:10:00,82,85:18:00,,,,,,,,,,,,,,,,,,,,,,,,,,,,,,,,,,,,,,,,,,,,,,,,,,,,,,,,,,,,,,,,,,,,,,,,83,6th Novice,"Parker Carnes
Nick Chudzinski

TC Mitch Carnes
TC Ana Chudzinski",248,9:00, ,13:02:00,,18:28:00,,23:26:00,,6:12:00,,18:09,,3:35:00,,8:32:00,,21:00:00,,9:47:00,,17:24:00,,22:30:00,,,,,,,,,,,,,,,,,,,,,,,,,,,,102,4:02:00,94,5:26:00,71,4:58:00,89,6:46:00,86,11:57:00,89,9:26:00,93,4:57:00,78,12:28:00,102,12:47:00,76,7:37:00,85,5:06:00,,,,,,,,,,,,,,,,,,,,,,,,,,,,102,4:02:00,97,9:28:00,83,14:26:00,81,21:12:00,82,33:09:00,83,42:35:00,81,47:32:00,78,60:00:00,83,72:47:00,85,80:24:00,83,85:30:00,,,,,,,,,,,,,,,,,,,,,,,,,,,,,,,,,,,,,,,,,,,,,,,,,,,,,,,,,,,,,,,,,,,,,,,,84,7th Novice,"Thomas Fisher
John Chaney

TC Avery Williams
TC Brook Madry",369,9:00, ,13:01:00,,18:18:00,,23:47:00,,9:40:00,,21:19,,6:10:00,,11:05:00,,23:14:00,,9:59:00,,17:27:00,,22:31:00,,,,,,,,,,,,,,,,,,,,,,,,,,,,100,4:01:00,81,5:17:00,95,5:29:00,139,9:53:00,78,11:39:00,84,8:51:00,92,4:55:00,72,12:09:00,84,10:45:00,72,7:28:00,84,5:04:00,,,,,,,,,,,,,,,,,,,,,,,,,,,,100,4:01:00,87,9:18:00,93,14:47:00,116,24:40:00,106,36:19:00,93,45:10:00,90,50:05:00,88,62:14:00,84,72:59:00,86,80:27:00,84,85:31:00,,,,,,,,,,,,,,,,,,,,,,,,,,,,,,,,,,,,,,,,,,,,,,,,,,,,,,,,,,,,,,,,,,,,,,,,85,8th USCA C-2,"Seth Hensarling
Trevor Bohl

TC Katie Hensarling
TC Joanne Mae",33,9:00, ,12:50:00,,18:11:00,,23:31:00,,7:16:00,,18:49,,2:59:00,,7:53:00,,20:02:00,,9:42:00,,17:50:00,,22:33:00,,,,,,,,,,,,,,,,,,,,,,,,,,,,87,3:50:00,87,5:21:00,83,5:20:00,113,7:45:00,73,11:33:00,76,8:10:00,91,4:54:00,73,12:09:00,106,13:40:00,84,8:08:00,70,4:43:00,,,,,,,,,,,,,,,,,,,,,,,,,,,,87,3:50:00,86,9:11:00,85,14:31:00,94,22:16:00,88,33:49:00,77,41:59:00,75,46:53:00,76,59:02:00,81,72:42:00,88,80:50:00,85,85:33:00,,,,,,,,,,,,,,,,,,,,,,,,,,,,,,,,,,,,,,,,,,,,,,,,,,,,,,,,,,,,,,,,,,,,,,,,86,8th Novice,"Russell Peterson
Patrick Edwards

TC Nina Martinez
TC Rosie Zander",500,9:00, ,13:05:00,,18:56:00,,0:35:00,,9:42:00,,21:39,,8:01:00,,11:29:00,,22:51:00,,9:42:00,,17:50:00,,22:53:00,,,,,,,,,,,,,,,,,,,,,,,,,,,,113,4:05:00,121,5:51:00,99,5:39:00,133,9:07:00,87,11:57:00,103,10:22:00,47,3:28:00,64,11:22:00,86,10:51:00,84,8:08:00,82,5:03:00,,,,,,,,,,,,,,,,,,,,,,,,,,,,113,4:05:00,120,9:56:00,108,15:35:00,117,24:42:00,107,36:39:00,100,47:01:00,93,50:29:00,86,61:51:00,81,72:42:00,88,80:50:00,86,85:53:00,,,,,,,,,,,,,,,,,,,,,,,,,,,,,,,,,,,,,,,,,,,,,,,,,,,,,,,,,,,,,,,,,,,,,,,,87,9th Novice,"Brendon  Hale
Wyatt Monney

TC Andy Parker
TC Heather Hale",316,9:00, ,12:49:00,,18:31:00,,23:47:00,,6:59:00,,18:00,,7:03:00,,11:06:00,,21:43:00,,9:22:00,,16:23:00,,23:10:00,,,,,,,,,,,,,,,,,,,,,,,,,* 2 hour penalty - barge canal,,,85,3:49:00,113,5:42:00,80,5:16:00,100,7:12:00,67,11:01:00,118,13:03:00,65,4:03:00,47,10:37:00,97,11:39:00,63,7:01:00,99,6:47:00,,,,,,,,,,,,,,,,,,,,,,,,,,,,85,3:49:00,101,9:31:00,93,14:47:00,90,21:59:00,81,33:00:00,97,46:03:00,91,50:06:00,80,60:43:00,80,72:22:00,78,79:23:00,87,86:10:00,,,,,,,,,,,,,,,,,,,,,,,,,,,,,,,,,,,,,,,,,,,,,,,,,,,,,,,,,,,,,,,,,,,,,,,,88,10th Novice,"Shaw Butler
Edwin Ault

TC Corwin Ames
TC Sara Buffington",6305,9:00, ,13:03:00,,18:30:00,,23:55:00,,6:51,,18:56,,3:29:00,,8:29:00,,22:50:00,,10:07:00,,16:38:00,,23:47:00,,,,,,,,,,,,,,,,,,,,,,,,,,,,106,4:03:00,95,5:27:00,90,5:25:00,94,6:56:00,92,12:05:00,80,8:33:00,95,5:00:00,94,14:21:00,90,11:17:00,52,6:31:00,101,7:09:00,,,,,,,,,,,,,,,,,,,,,,,,,,,,106,4:03:00,99,9:30:00,97,14:55:00,87,21:51:00,91,33:56:00,81,42:29:00,79,47:29:00,85,61:50:00,85,73:07:00,81,79:38:00,88,86:47:00,,,,,,,,,,,,,,,,,,,,,,,,,,,,,,,,,,,,,,,,,,,,,,,,,,,,,,,,,,,,,,,,,,,,,,,,89,9th USCA C-2,"Timothy Odom
Clint Sutherland

TC Kristi Odom
TC Steve Conlon",206,9:00, ,13:04:00,,19:09:00,,0:36:00,,7:03:00,,18:52,,8:29:00,,11:45:00,,3:24:00,,12:41:00,,19:17:00,,23:57:00,,,,,,,,,,,,,,,,,,,,,,,,,,,,109,4:04:00,131,6:05:00,92,5:27:00,84,6:27:00,81,11:49:00,121,13:37:00,40,3:16:00,104,15:39:00,61,9:17:00,56,6:36:00,67,4:40:00,,,,,,,,,,,,,,,,,,,,,,,,,,,,109,4:04:00,125,10:09:00,109,15:36:00,91,22:03:00,90,33:52:00,102,47:29:00,95,50:45:00,97,66:24:00,94,75:41:00,92,82:17:00,89,86:57:00,,,,,,,,,,,,,,,,,,,,,,,,,,,,,,,,,,,,,,,,,,,,,,,,,,,,,,,,,,,,,,,,,,,,,,,,90,11th Aluminum,"Tate  Lowe
Cody Stansberry 

TC Carla Jesseph
TC Denise Sedlock",123,9:00, ,13:04:00,,19:12:00,,1:01:00,,7:25:00,,20:56,,6:38:00,,11:29:00,,22:59:00,,10:24:00,,19:08:00,,0:03:00,,,,,,,,,,,,,,,,,,,,,,,,,,,,109,4:04:00,134,6:08:00,112,5:49:00,80,6:24:00,110,13:31:00,94,9:42:00,89,4:51:00,69,11:30:00,92,11:25:00,90,8:44:00,79,4:55:00,,,,,,,,,,,,,,,,,,,,,,,,,,,,109,4:04:00,126,10:12:00,112,16:01:00,97,22:25:00,102,35:56:00,94,45:38:00,93,50:29:00,87,61:59:00,87,73:24:00,91,82:08:00,90,87:03:00,,,,,,,,,,,,,,,,,,,,,,,,,,,,,,,,,,,,,,,,,,,,,,,,,,,,,,,,,,,,,,,,,,,,,,,,91,12th Aluminum,"Levi  Massicotte 
Stormy Massicotte

TC Toni McCornack",1417,9:00, ,13:02:00,,18:26:00,,23:31:00,,7:19:00,,18:58,,7:32:00,,11:45:00,,23:55:00,,11:34:00,,19:52:00,,1:00:00,,,,,,,,,,,,,,,,,,,,,,,,,,,,102,4:02:00,91,5:24:00,75,5:05:00,114,7:48:00,78,11:39:00,117,12:34:00,72,4:13:00,74,12:10:00,97,11:39:00,87,8:18:00,87,5:08:00,,,,,,,,,,,,,,,,,,,,,,,,,,,,102,4:02:00,96,9:26:00,85,14:31:00,96,22:19:00,92,33:58:00,98,46:32:00,96,50:45:00,90,62:55:00,91,74:34:00,94,82:52:00,91,88:00:00,,,,,,,,,,,,,,,,,,,,,,,,,,,,,,,,,,,,,,,,,,,,,,,,,,,,,,,,,,,,,,,,,,,,,,,,92,4th Standard,"Douglas Mallard
Ethan Grothues

TC Kim Huebner
TC Dan Huebner",1313,9:00, ,12:28:00,,18:05:00,,23:15:00,,9:05:00,,23:19,,10:30:00,,14:08:00,,5:16:00,,14:21:00,,22:13:00,,2:58:00,,,,,,,,,,,,,,,,,,,,,,,,,,,,61,3:28:00,105,5:37:00,78,5:10:00,138,9:50:00,122,14:14:00,114,11:11:00,56,3:38:00,102,15:08:00,54,9:05:00,80,7:52:00,73,4:45:00,,,,,,,,,,,,,,,,,,,,,,,,,,,,61,3:28:00,81,9:05:00,76,14:15:00,111,24:05:00,115,38:19:00,117,49:30:00,107,53:08:00,106,68:16:00,97,77:21:00,95,85:13:00,92,89:58:00,,,,,,,,,,,,,,,,,,,,,,,,,,,,,,,,,,,,,,,,,,,,,,,,,,,,,,,,,,,,,,,,,,,,,,,,93,13th Aluminum,"Alberto Nava
Alberto Nava

TC Joseph Clarke
TC Rosanna Nava",5000,9:00, ,13:18:00,,19:12:00,,1:21:00,,8:27:00,,21:04,,5:44:00,,10:36:00,,23:53:00,,11:30:00,,19:51:00,,3:00:00,,,,,,,,,,,,,,,,,,,,,,,,,,,,132,4:18:00,122,5:54:00,116,6:09:00,96,7:06:00,100,12:37:00,81,8:40:00,90,4:52:00,85,13:17:00,95,11:37:00,88,8:21:00,101,7:09:00,,,,,,,,,,,,,,,,,,,,,,,,,,,,132,4:18:00,126,10:12:00,116,16:21:00,104,23:27:00,103,36:04:00,91,44:44:00,87,49:36:00,89,62:53:00,90,74:30:00,93,82:51:00,93,90:00:00,,,,,,,,,,,,,,,,,,,,,,,,,,,,,,,,,,,,,,,,,,,,,,,,,,,,,,,,,,,,,,,,,,,,,,,,94,19th Unlimited,"Mateo Garcia Olazabal
Phillip Hanson
Rhys Challicombe

TC Clementina Calvo
TC Gilberto Arpero",2016,9:00, ,12:57:00,,18:51:00,,3:01:00,,9:26:00,,22:34,,8:51:00,,14:47:00,,5:27:00,,15:30:00,,22:13:00,,3:15:00,,,,,,,,,,,,,,,,,,,,,,,,,,,,97,3:57:00,122,5:54:00,135,8:10:00,81,6:25:00,106,13:08:00,102,10:17:00,105,5:56:00,96,14:40:00,76,10:03:00,58,6:43:00,81,5:02:00,,,,,,,,,,,,,,,,,,,,,,,,,,,,97,3:57:00,114,9:51:00,132,18:01:00,115,24:26:00,110,37:34:00,106,47:51:00,114,53:47:00,107,68:27:00,106,78:30:00,95,85:13:00,94,90:15:00,,,,,,,,,,,,,,,,,,,,,,,,,,,,,,,,,,,,,,,,,,,,,,,,,,,,,,,,,,,,,,,,,,,,,,,,95,11th Novice,"Chris Wolff
Dane Wolff

TC Lacy Wolff
TC Jack Wolff",5755,9:00, ,12:52:00,,18:03:00,,23:30:00,,8:28:00,,18:20,,3:46:00,,10:37:00,,23:58:00,,15:28:00,,22:26:00,,4:29:00,,,,,,,,,,,,,,,,,,,,,,,,,,,,89,3:52:00,74,5:11:00,92,5:27:00,130,8:58:00,47,9:52:00,89,9:26:00,111,6:51:00,86,13:21:00,108,15:30:00,61,6:58:00,95,6:03:00,,,,,,,,,,,,,,,,,,,,,,,,,,,,89,3:52:00,80,9:03:00,84,14:30:00,105,23:28:00,83,33:20:00,86,42:46:00,88,49:37:00,91,62:58:00,105,78:28:00,97,85:26:00,95,91:29:00,,,,,,,,,,,,,,,,,,,,,,,,,,,,,,,,,,,,,,,,,,,,,,,,,,,,,,,,,,,,,,,,,,,,,,,,96,20th Unlimited,"Johnny  Garcia
Annika Garcia
Jeremiah Juan Gonzalez
Nathan Russell
Jeremiah Bretches
Matt Forsberg

TC S Nicole Garcia
TC Rebecca Barrilleaux",325,9:00, ,12:33:00,,18:45:00,,1:10:00,,7:33:00,,0:02,,9:57:00,,14:12:00,,4:04:00,,15:44:00,,23:20:00,,6:18:00,,,,,,,,,,,,,,,,,,,,,,,,,,,,65,3:33:00,137,6:12:00,123,6:25:00,79,6:23:00,130,16:29:00,98,9:55:00,74,4:15:00,91,13:52:00,99,11:40:00,75,7:36:00,100,6:58:00,,,,,,,,,,,,,,,,,,,,,,,,,,,,65,3:33:00,111,9:45:00,114,16:10:00,99,22:33:00,119,39:02:00,114,48:57:00,108,53:12:00,100,67:04:00,107,78:44:00,98,86:20:00,96,93:18:00,,,,,,,,,,,,,,,,,,,,,,,,,,,,,,,,,,,,,,,,,,,,,,,,,,,,,,,,,,,,,,,,,,,,,,,,97,15th Tandem Unlimited,"Dylan Grant
Tristan Jackson

TC Charles Chain
TC Heather Leard",2316,9:00, ,13:13:00,,18:54:00,,1:40:00,,9:50:00,,21:06,,8:52:00,,13:50:00,,3:44:00,,13:52:00,,0:32:00,,6:19:00,,,,,,,,,,,,,,,,,,,,,,,,,,,,128,4:13:00,111,5:41:00,125,6:46:00,123,8:10:00,68,11:16:00,116,11:46:00,94,4:58:00,92,13:54:00,77,10:08:00,95,10:40:00,92,5:47:00,,,,,,,,,,,,,,,,,,,,,,,,,,,,128,4:13:00,115,9:54:00,121,16:40:00,118,24:50:00,104,36:06:00,108,47:52:00,106,52:50:00,98,66:44:00,96,76:52:00,99,87:32:00,97,93:19:00,,,,,,,,,,,,,,,,,,,,,,,,,,,,,,,,,,,,,,,,,,,,,,,,,,,,,,,,,,,,,,,,,,,,,,,,98,16th Tandem Unlimited,"Mason Kleinecke
Eric Sullivan

TC Kiersten Kleinecke
TC Stephen Mayo",402,9:00, ,13:08:00,,18:42:00,,0:19:00,,8:50:00,,0:17,,8:39:00,,13:02:00,,4:00:00,,15:14:00,,2:06:00,,6:25:00,,,,,,,,,,,,,,,,,,,,,,,,,,,,122,4:08:00,99,5:34:00,96,5:37:00,127,8:31:00,126,15:27:00,79,8:22:00,78,4:23:00,100,14:58:00,89,11:14:00,97,10:52:00,51,4:19:00,,,,,,,,,,,,,,,,,,,,,,,,,,,,122,4:08:00,108,9:42:00,104,15:19:00,109,23:50:00,120,39:17:00,105,47:39:00,102,52:02:00,99,67:00:00,101,78:14:00,101,89:06:00,98,93:25:00,,,,,,,,,,,,,,,,,,,,,,,,,,,,,,,,,,,,,,,,,,,,,,,,,,,,,,,,,,,,,,,,,,,,,,,,99,17th Tandem Unlimited,"Bryan Moczygemba
Steven Stone

TC Keith Olenick
TC Nicholas Moczygemba",1099,9:00, ,13:03:00,,18:39:00,,0:22:00,,7:17:00,,21:15,,8:13:00,,12:09:00,,3:00:00,,13:16:00,,1:31:00,,6:34:00,,,,,,,,,,,,,,,,,,,,,,,,,,,,106,4:03:00,102,5:36:00,105,5:43:00,93,6:55:00,117,13:58:00,112,10:58:00,60,3:56:00,98,14:51:00,80,10:16:00,104,12:15:00,82,5:03:00,,,,,,,,,,,,,,,,,,,,,,,,,,,,106,4:03:00,106,9:39:00,107,15:22:00,95,22:17:00,105,36:15:00,101,47:13:00,99,51:09:00,95,66:00:00,95,76:16:00,100,88:31:00,99,93:34:00,,,,,,,,,,,,,,,,,,,,,,,,,,,,,,,,,,,,,,,,,,,,,,,,,,,,,,,,,,,,,,,,,,,,,,,,100,10th USCA C-2,"Stephen Beck - out at Palmetto
Andy Armendariz

TC Roman Manzano
TC Kendra Alaniz",4747,9:00, ,12:14:00,,16:44:00,,20:44:00,,6:10:00,,18:21,,5:12:00,,12:50:00,,5:15:00,,15:26:00,,3:07:00,,7:20:00,,,,,,,,,,,,,,,,,,,,,,,,,,,,41,3:14:00,31,4:30:00,29,4:00:00,136,9:26:00,96,12:11:00,110,10:51:00,115,7:38:00,106,16:25:00,78,10:11:00,100,11:41:00,46,4:13:00,,,,,,,,,,,,,,,,,,,,,,,,,,,,41,3:14:00,39,7:44:00,31,11:44:00,80,21:10:00,84,33:21:00,90,44:12:00,101,51:50:00,105,68:15:00,104,78:26:00,102,90:07:00,100,94:20:00,,,,,,,,,,,,,,,,,,,,,,,,,,,,,,,,,,,,,,,,,,,,,,,,,,,,,,,,,,,,,,,,,,,,,,,,101,4th Mixed Tandem Unlimited,"Tammy Gorman
Jason Gorman

TC Kellie Martini
TC Dave Martini",16,9:00, ,13:06:00,,18:45:00,,2:55:00,,9:10:00,,22:21,,9:04:00,,13:13:00,,5:59:00,,15:17:00,,3:12:00,,7:26:00,,,,,,,,,,,,,,,,,,,,,,,,,,,,116,4:06:00,109,5:39:00,135,8:10:00,75,6:15:00,107,13:11:00,109,10:43:00,70,4:09:00,108,16:46:00,62,9:18:00,102,11:55:00,48,4:14:00,,,,,,,,,,,,,,,,,,,,,,,,,,,,116,4:06:00,111,9:45:00,131,17:55:00,113,24:10:00,108,37:21:00,110,48:04:00,103,52:13:00,109,68:59:00,103,78:17:00,103,90:12:00,101,94:26:00,,,,,,,,,,,,,,,,,,,,,,,,,,,,,,,,,,,,,,,,,,,,,,,,,,,,,,,,,,,,,,,,,,,,,,,,102,5th Mixed Tandem Unlimited,"Kyle LaRochelle
Jennifer LARochelle

TC Karri Reich",2006,9:00, ,13:05:00,,18:44:00,,1:41:00,,8:50:00,,22:24,,9:02:00,,13:20:00,,5:56:00,,15:16:00,,3:13:00,,7:26:00,,,,,,,,,,,,,,,,,,,,,,,,,,,,113,4:05:00,109,5:39:00,127,6:57:00,97,7:09:00,111,13:34:00,108,10:38:00,75,4:18:00,107,16:36:00,63,9:20:00,103,11:57:00,46,4:13:00,,,,,,,,,,,,,,,,,,,,,,,,,,,,113,4:05:00,110,9:44:00,122,16:41:00,109,23:50:00,109,37:24:00,109,48:02:00,104,52:20:00,108,68:56:00,102,78:16:00,104,90:13:00,102,94:26:00,,,,,,,,,,,,,,,,,,,,,,,,,,,,,,,,,,,,,,,,,,,,,,,,,,,,,,,,,,,,,,,,,,,,,,,,103,18th Tandem Unlimited,"Alexander Canizaro
William Brown

TC Benjamin Sutin
TC Georgia Picciandra",9999,9:00, ,13:30:00,,19:17:00,,1:41:00,,10:25:00,,23:32,,9:48:00,,14:37:00,,4:22:00,,14:24:00,,3:57:00,,7:48:00,,,,,,,,,,,,,,,,,,,,,,,,,,,,145,4:30:00,117,5:47:00,122,6:24:00,128,8:44:00,105,13:07:00,100,10:16:00,86,4:49:00,90,13:45:00,75,10:02:00,107,13:33:00,30,3:51:00,,,,,,,,,,,,,,,,,,,,,,,,,,,,145,4:30:00,130,10:17:00,122,16:41:00,126,25:25:00,116,38:32:00,111,48:48:00,112,53:37:00,102,67:22:00,98,77:24:00,106,90:57:00,103,94:48:00,,,,,,,,,,,,,,,,,,,,,,,,,,,,,,,,,,,,,,,,,,,,,,,,,,,,,,,,,,,,,,,,,,,,,,,,104,12th Novice,"Von Dreier
Ryan Pantaleano

TC Mike Panteleano
TC Amy Dreier",2112,9:00, ,13:06:00,,18:54:00,,0:59:00,,8:35:00,,23:08,,8:51:00,,13:23:00,,5:04:00,,14:53:00,,3:27:00,,8:14:00,,,,,,,,,,,,,,,,,,,,,,,,,,,,116,4:06:00,119,5:48:00,115,6:05:00,108,7:36:00,124,14:33:00,95,9:43:00,81,4:32:00,105,15:41:00,70,9:49:00,106,12:34:00,75,4:47:00,,,,,,,,,,,,,,,,,,,,,,,,,,,,116,4:06:00,115,9:54:00,111,15:59:00,106,23:35:00,114,38:08:00,106,47:51:00,105,52:23:00,104,68:04:00,99,77:53:00,105,90:27:00,104,95:14:00,,,,,,,,,,,,,,,,,,,,,,,,,,,,,,,,,,,,,,,,,,,,,,,,,,,,,,,,,,,,,,,,,,,,,,,,105,21st Unlimited,"Tim League
Ted Held
Luke Dryer
Ben Siewert

TC Karrie League
TC Sewah Archer",665,9:00, ,12:36:00,,17:53:00,,22:55:00,,5:49:00,,19:18,,8:34:00,,14:19:00,,4:30:00,,16:08:00,,4:39:00,,9:16:00,,,,,,,,,,,,,,,,,,,,,,,,,,,,69,3:36:00,81,5:17:00,74,5:02:00,91,6:54:00,109,13:29:00,119,13:16:00,103,5:45:00,93,14:11:00,96,11:38:00,105,12:31:00,64,4:37:00,,,,,,,,,,,,,,,,,,,,,,,,,,,,69,3:36:00,76,8:53:00,70,13:55:00,77,20:49:00,96,34:18:00,104,47:34:00,110,53:19:00,103,67:30:00,108,79:08:00,107,91:39:00,105,96:16:00,,,,,,,,,,,,,,,,,,,,,,,,,,,,,,,,,,,,,,,,,,,,,,,,,,,,,,,,,,,,,,,,,,,,,,,,106,5th Solo Unlimited Woman,"Veronica Sosa

TC Rachele Powell",1670,9:00, ,13:35:00,,19:25:00,,1:29:00,,9:56:00,,23:32,,9:48:00,,14:37:00,,4:21:00,,15:05:00,,5:47:00,,10:13:00,,,,,,,,,,,,,,,,,,,,,,,,,,,,146,4:35:00,120,5:50:00,114,6:04:00,125,8:27:00,112,13:36:00,100,10:16:00,86,4:49:00,89,13:44:00,83,10:44:00,108,14:42:00,56,4:26:00,,,,,,,,,,,,,,,,,,,,,,,,,,,,146,4:35:00,133,10:25:00,120,16:29:00,120,24:56:00,116,38:32:00,111,48:48:00,112,53:37:00,101,67:21:00,100,78:05:00,108,92:47:00,106,97:13:00,,,,,,,,,,,,,,,,,,,,,,,,,,,,,,,,,,,,,,,,,,,,,,,,,,,,,,,,,,,,,,,,,,,,,,,,DNF,Novice,"Forrest Fauth
Bret Biggart - out at SWB

TC Mark Mariano
TC Ace Mariano",133,9:00, ,12:27:00,,17:23:00,,21:58:00,,3:46:00,,15:23,,22:09:00,,4:13:00,,16:45:00,,7:41:00,,16:49:00,,,,,,,,,,,,,,,,,,,,,,,,,,,,,,58,3:27:00,57,4:56:00,60,4:35:00,64,5:48:00,76,11:37:00,58,6:46:00,107,6:04:00,79,12:32:00,107,14:56:00,91,9:08:00,,,,,,,,,,,,,,,,,,,,,,,,,,,,,,58,3:27:00,58,8:23:00,59,12:58:00,58,18:46:00,61,30:23:00,61,37:09:00,62,43:13:00,64,55:45:00,75,70:41:00,82,79:49:00,,,,,,,,,,,,,,,,,,,,,,,,,,,,,,,,,,,,,,,,,,,,,,,,,,,,,,,,,,,,,,,,,,,,,,,,,,DNF,Unlimited,"Olivia Palomares
Aaron Fides
Edgar Quintana

TC Joseph Kouba
TC Erika Palomares",6666,9:00, ,12:33:00,,17:45:00,,23:03:00,,4:28:00,,17:07,,3:34:00,,7:53:00,,17:48:00,,7:27:00,,12:48:00,,,,,,,,,,,,,,,,,,,,,,,,,,,,,,65,3:33:00,75,5:12:00,82,5:18:00,51,5:25:00,101,12:39:00,106,10:27:00,76,4:19:00,32,9:55:00,105,13:39:00,20,5:21:00,,,,,,,,,,,,,,,,,,,,,,,,,,,,,,65,3:33:00,70,8:45:00,71,14:03:00,64,19:28:00,70,32:07:00,82,42:34:00,77,46:53:00,66,56:48:00,74,70:27:00,71,75:48:00,,,,,,,,,,,,,,,,,,,,,,,,,,,,,,,,,,,,,,,,,,,,,,,,,,,,,,,,,,,,,,,,,,,,,,,,,,DNF,USCA C-2,"Alan Lindsey
Felicia Ziegler

TC Jeff Davis
TC Dennis Lindsey",138,9:00, ,12:14:00,,16:52:00,,20:59:00,,2:08:00,,11:08,,17:44:00,,20:50:00,,7:53:00,,,,,,,,,,,,,,,,,,,,,,,,,,,,,,,,,,41,3:14:00,44,4:38:00,34,4:07:00,39,5:09:00,35,9:00:00,54,6:36:00,31,3:06:00,57,11:03:00,,,,,,,,,,,,,,,,,,,,,,,,,,,,,,,,,,41,3:14:00,44,7:52:00,42,11:59:00,39,17:08:00,38,26:08:00,39,32:44:00,39,35:50:00,36,46:53:00,,,,,,,,,,,,,,,,,,,,,,,,,,,,,,,,,,,,,,,,,,,,,,,,,,,,,,,,,,,,,,,,,,,,,,,,,,,,,,DNF,Novice,"Timothy Clark
John Ruiz

TC Rebecca Clark
TC Beth Murguia",52,9:00, ,13:09:00,,18:54:00,,4:24:00,,10:40:00,,3:19,,10:25:00,,16:56:00,,,,,,,,,,,,,,,,,,,,,,,,,,,,,,,,,,,,127,4:09:00,114,5:45:00,145,9:30:00,76,6:16:00,131,16:39:00,68,7:06:00,108,6:31:00,,,,,,,,,,,,,,,,,,,,,,,,,,,,,,,,,,,,127,4:09:00,115,9:54:00,138,19:24:00,128,25:40:00,128,42:19:00,116,49:25:00,117,55:56:00,,,,,,,,,,,,,,,,,,,,,,,,,,,,,,,,,,,,,,,,,,,,,,,,,,,,,,,,,,,,,,,,,,,,,,,,,,,,,,,,DNF,Solo Unlimited Man,"Daniel Baumbach

TC Rob Tatrow
TC Gary Robinson",71,9:00, ,11:45:00,,15:44:00,,19:32:00,,23:57:00,,8:29,,13:49:00,,17:16:00,,,,,,,,,,,,,,,,,,,,,,,,,,,,,,,,,,,,9,2:45:00,10,3:59:00,15,3:48:00,13,4:25:00,25,8:32:00,27,5:20:00,45,3:27:00,,,,,,,,,,,,,,,,,,,,,,,,,,,,,,,,,,,,9,2:45:00,9,6:44:00,10,10:32:00,13,14:57:00,15,23:29:00,17,28:49:00,22,32:16:00,,,,,,,,,,,,,,,,,,,,,,,,,,,,,,,,,,,,,,,,,,,,,,,,,,,,,,,,,,,,,,,,,,,,,,,,,,,,,,,,DNF,USCA C-1 Man,"Pete Binion

TC Pauline Tice
TC Becky Binion",326,9:00, ,13:05:00,,18:41:00,,0:21:00,,10:10:00,,0:00,,10:34:00,,16:00:00,,,,,,,,,,,,,,,,,,,,,,,,,,,,,,,,,,,,113,4:05:00,102,5:36:00,100,5:40:00,137,9:49:00,115,13:50:00,107,10:34:00,99,5:26:00,,,,,,,,,,,,,,,,,,,,,,,,,,,,,,,,,,,,113,4:05:00,107,9:41:00,106,15:21:00,121,25:10:00,118,39:00:00,118,49:34:00,115,55:00:00,,,,,,,,,,,,,,,,,,,,,,,,,,,,,,,,,,,,,,,,,,,,,,,,,,,,,,,,,,,,,,,,,,,,,,,,,,,,,,,,DNF,Novice,"Reid Skinner
Preston Perkins

TC Luisa Romero
TC Hope McFarlin",409,9:00, ,13:00:00,,18:54:00,,1:06:00,,10:10:00,,22:56,,10:09:00,,14:17:00,,,,,,,,,,,,,,,,,,,,,,,,,,,,,,,,,,,,98,4:00:00,122,5:54:00,117,6:12:00,132,9:04:00,102,12:46:00,115,11:13:00,67,4:08:00,,,,,,,,,,,,,,,,,,,,,,,,,,,,,,,,,,,,98,4:00:00,115,9:54:00,113,16:06:00,121,25:10:00,111,37:56:00,115,49:09:00,109,53:17:00,,,,,,,,,,,,,,,,,,,,,,,,,,,,,,,,,,,,,,,,,,,,,,,,,,,,,,,,,,,,,,,,,,,,,,,,,,,,,,,,DNF,Solo Unlimited Man,"Jason Cade

TC Jeff Kellington",470,9:00, ,11:44:00,,15:42:00,,19:23:00,,23:43:00,,7:14,,11:45:00,,14:34:00,,,,,,,,,,,,,,,,,,,,,,,,,,,,,,,,,,,,7,2:44:00,9,3:58:00,10,3:41:00,11,4:20:00,9,7:31:00,9,4:31:00,18,2:49:00,,,,,,,,,,,,,,,,,,,,,,,,,,,,,,,,,,,,7,2:44:00,8,6:42:00,8,10:23:00,9,14:43:00,9,22:14:00,9,26:45:00,11,29:34:00,,,,,,,,,,,,,,,,,,,,,,,,,,,,,,,,,,,,,,,,,,,,,,,,,,,,,,,,,,,,,,,,,,,,,,,,,,,,,,,,DNF,Tandem Unlimited Women,"Dusty Kahl
Kristin Gonzalez

TC Craig Dilley
TC Cindy Kahl",666,9:00, ,13:15:00,,19:42:00,,1:27:00,,9:09:00,,23:01,,9:56:00,,14:23:00,,,,,,,,,,,,,,,,,,,,,,,,,,,,,,,,,,,,129,4:15:00,145,6:27:00,108,5:45:00,112,7:42:00,116,13:52:00,111,10:55:00,80,4:27:00,,,,,,,,,,,,,,,,,,,,,,,,,,,,,,,,,,,,129,4:15:00,138,10:42:00,119,16:27:00,112,24:09:00,113,38:01:00,113,48:56:00,111,53:23:00,,,,,,,,,,,,,,,,,,,,,,,,,,,,,,,,,,,,,,,,,,,,,,,,,,,,,,,,,,,,,,,,,,,,,,,,,,,,,,,,DNF,Tandem Unlimited,"Wayne Thorp
Wes Wyatt

TC Stephanie Wyatt
TC Jennifer Thorp",705,9:00, ,11:45:00,,15:53:00,,19:33:00,,23:55:00,,7:55,,13:35:00,,16:13:00,,,,,,,,,,,,,,,,,,,,,,,,,,,,,,,,,,,,9,2:45:00,15,4:08:00,9,3:40:00,12,4:22:00,16,8:00:00,35,5:40:00,9,2:38:00,,,,,,,,,,,,,,,,,,,,,,,,,,,,,,,,,,,,9,2:45:00,13,6:53:00,12,10:33:00,12,14:55:00,12,22:55:00,15,28:35:00,15,31:13:00,,,,,,,,,,,,,,,,,,,,,,,,,,,,,,,,,,,,,,,,,,,,,,,,,,,,,,,,,,,,,,,,,,,,,,,,,,,,,,,,DNF,Mixed Tandem Unlimited,"Chad Monney
Kandace Monney

TC Lynn Monney
TC Gamble Monney",5413,9:00, ,13:27:00,,20:50:00,,2:28:00,,12:58:00,,3:07,,11:15:00,,16:02:00,,,,,,,,,,,,,,,,,,,,,,,,,,,,,,,,,,,,141,4:27:00,152,7:23:00,97,5:38:00,141,10:30:00,121,14:09:00,75,8:08:00,85,4:47:00,,,,,,,,,,,,,,,,,,,,,,,,,,,,,,,,,,,,141,4:27:00,153,11:50:00,127,17:28:00,139,27:58:00,127,42:07:00,121,50:15:00,116,55:02:00,,,,,,,,,,,,,,,,,,,,,,,,,,,,,,,,,,,,,,,,,,,,,,,,,,,,,,,,,,,,,,,,,,,,,,,,,,,,,,,,DNF,Mixed Tandem Unlimited,"Phil Gumbert
Mary Jo Gumbert

TC Theresa Connelly
TC Stephen Smiley",233,9:00, ,12:14:00,,16:50:00,,21:05:00,,2:15:00,,12:27,,19:38:00,,,,,,,,,,,,,,,,,,,,,,,,,,,,,,,,,,,,,,41,3:14:00,41,4:36:00,43,4:15:00,42,5:10:00,52,10:12:00,70,7:11:00,,,,,,,,,,,,,,,,,,,,,,,,,,,,,,,,,,,,,,41,3:14:00,43,7:50:00,44,12:05:00,42,17:15:00,46,27:27:00,47,34:38:00,,,,,,,,,,,,,,,,,,,,,,,,,,,,,,,,,,,,,,,,,,,,,,,,,,,,,,,,,,,,,,,,,,,,,,,,,,,,,,,,,,DNF,Novice,"Blake Denison
Kyle Miller - out at Cheapside

TC Rick Denison",420,9:00, ,13:38:00,,19:43:00,,5:36:00,,12:30:00,,1:05,,10:36:00,,,,,,,,,,,,,,,,,,,,,,,,,,,,,,,,,,,,,,149,4:38:00,130,6:05:00,146,9:53:00,92,6:54:00,99,12:35:00,92,9:31:00,,,,,,,,,,,,,,,,,,,,,,,,,,,,,,,,,,,,,,149,4:38:00,139,10:43:00,145,20:36:00,135,27:30:00,123,40:05:00,120,49:36:00,,,,,,,,,,,,,,,,,,,,,,,,,,,,,,,,,,,,,,,,,,,,,,,,,,,,,,,,,,,,,,,,,,,,,,,,,,,,,,,,,,DNF,Solo Unlimited Man,"Li-Yuan Chea

TC Alexandre Leonard
TC Katrina Chea",561,9:00, ,13:04:00,,18:25:00,,0:17:00,,7:42:00,,18:28,,3:45:00,,,,,,,,,,,,,,,,,,,,,,,,,,,,,,,,,,,,,,109,4:04:00,89,5:21:00,113,5:52:00,105,7:25:00,61,10:46:00,87,9:17:00,,,,,,,,,,,,,,,,,,,,,,,,,,,,,,,,,,,,,,109,4:04:00,93,9:25:00,103,15:17:00,100,22:42:00,86,33:28:00,85,42:45:00,,,,,,,,,,,,,,,,,,,,,,,,,,,,,,,,,,,,,,,,,,,,,,,,,,,,,,,,,,,,,,,,,,,,,,,,,,,,,,,,,,DNF,Novice,"Cutter Cornett
Nathanael Tillman Lynch

TC Caitlin Cameron
TC Jordan Lynch",1836,9:00, ,13:47:00,,19:50:00,,4:27:00,,11:55:00,,1:16,,10:34:00,,,,,,,,,,,,,,,,,,,,,,,,,,,,,,,,,,,,,,153,4:47:00,129,6:03:00,139,8:37:00,107,7:28:00,108,13:21:00,88,9:18:00,,,,,,,,,,,,,,,,,,,,,,,,,,,,,,,,,,,,,,153,4:47:00,143,10:50:00,139,19:27:00,133,26:55:00,124,40:16:00,118,49:34:00,,,,,,,,,,,,,,,,,,,,,,,,,,,,,,,,,,,,,,,,,,,,,,,,,,,,,,,,,,,,,,,,,,,,,,,,,,,,,,,,,,DNF,Standard,"Dan Graves
Cristian Mandella

TC Lauren Graves",7,9:00, ,13:08:00,,19:06:00,,4:01:00,,10:20:00,,0:24,,,,,,,,,,,,,,,,,,,,,,,,,,,,,,,,,,,,,,,,122,4:08:00,126,5:58:00,140,8:55:00,78,6:19:00,120,14:04:00,,,,,,,,,,,,,,,,,,,,,,,,,,,,,,,,,,,,,,,,122,4:08:00,124,10:06:00,133,19:01:00,123,25:20:00,122,39:24:00,,,,,,,,,,,,,,,,,,,,,,,,,,,,,,,,,,,,,,,,,,,,,,,,,,,,,,,,,,,,,,,,,,,,,,,,,,,,,,,,,,,,DNF,Mixed Tandem Unlimited,"Myla Weber
Jim Weber

TC Sandy Pierson
TC Betsy Pierson",36,9:00, ,12:13:00,,16:40:00,,20:39:00,,1:51:00,,11:45,,,,,,,,,,,,,,,,,,,,,,,,,,,,,,,,,,,,,,,,39,3:13:00,28,4:27:00,27,3:59:00,44,5:12:00,48,9:54:00,,,,,,,,,,,,,,,,,,,,,,,,,,,,,,,,,,,,,,,,39,3:13:00,31,7:40:00,29,11:39:00,35,16:51:00,41,26:45:00,,,,,,,,,,,,,,,,,,,,,,,,,,,,,,,,,,,,,,,,,,,,,,,,,,,,,,,,,,,,,,,,,,,,,,,,,,,,,,,,,,,,DNF,Solo Unlimited Man,"Matt Bonura

TC Christi Bonura
TC David Froelien",224,9:00, ,12:38:00,,18:25:00,,1:13:00,,10:21:00,,0:22,,,,,,,,,,,,,,,,,,,,,,,,,,,,,,,,,,,,,,,,71,3:38:00,117,5:47:00,126,6:48:00,134,9:08:00,118,14:01:00,,,,,,,,,,,,,,,,,,,,,,,,,,,,,,,,,,,,,,,,71,3:38:00,93,9:25:00,115,16:13:00,124,25:21:00,121,39:22:00,,,,,,,,,,,,,,,,,,,,,,,,,,,,,,,,,,,,,,,,,,,,,,,,,,,,,,,,,,,,,,,,,,,,,,,,,,,,,,,,,,,,DNF,Novice,"Kyle Thompson
Jay Osborne

TC Kristen Thompson
TC Kaitlyn Osborne",417,9:00, ,13:19:00,,19:38:00,,5:04:00,,13:23:00,,3:26,,,,,,,,,,,,,,,,,,,,,,,,,,,,,,,,,,,,,,,,133,4:19:00,142,6:19:00,143,9:26:00,124,8:19:00,119,14:03:00,,,,,,,,,,,,,,,,,,,,,,,,,,,,,,,,,,,,,,,,133,4:19:00,136,10:38:00,143,20:04:00,140,28:23:00,129,42:26:00,,,,,,,,,,,,,,,,,,,,,,,,,,,,,,,,,,,,,,,,,,,,,,,,,,,,,,,,,,,,,,,,,,,,,,,,,,,,,,,,,,,,DNF,Unlimited,"John Rubio
Matt Beahm
Joel Duncan

TC Tracy Duncan
TC Bob Loblaw",1234,9:00, ,13:27:00,,19:48:00,,4:22:00,,11:45:00,,3:33,,,,,,,,,,,,,,,,,,,,,,,,,,,,,,,,,,,,,,,,141,4:27:00,144,6:21:00,137,8:34:00,104,7:23:00,127,15:48:00,,,,,,,,,,,,,,,,,,,,,,,,,,,,,,,,,,,,,,,,141,4:27:00,142,10:48:00,137,19:22:00,131,26:45:00,130,42:33:00,,,,,,,,,,,,,,,,,,,,,,,,,,,,,,,,,,,,,,,,,,,,,,,,,,,,,,,,,,,,,,,,,,,,,,,,,,,,,,,,,,,,DNF,Novice,"Chris LaRochelle
Brad LaRochelle

TC Hayden LaRochelle
TC Katie Hollyfield",1377,9:00, ,13:03:00,,18:20:00,,23:18:00,,6:09:00,,16:06,,,,,,,,,,,,,,,,,,,,,,,,,,,,,,,,,,,,,,,,106,4:03:00,81,5:17:00,72,4:58:00,90,6:51:00,49,9:57:00,,,,,,,,,,,,,,,,,,,,,,,,,,,,,,,,,,,,,,,,106,4:03:00,90,9:20:00,77,14:18:00,79,21:09:00,66,31:06:00,,,,,,,,,,,,,,,,,,,,,,,,,,,,,,,,,,,,,,,,,,,,,,,,,,,,,,,,,,,,,,,,,,,,,,,,,,,,,,,,,,,,DNF,Solo Unlimited Man,"Meredith Cullen

TC Jimmy Woytaczyk
TC Katie Z",1929,9:00, ,14:05:00,,20:34:00,,5:10:00,,12:36:00,,4:32,,,,,,,,,,,,,,,,,,,,,,,,,,,,,,,,,,,,,,,,155,5:05:00,146,6:29:00,138,8:36:00,106,7:26:00,129,15:56:00,,,,,,,,,,,,,,,,,,,,,,,,,,,,,,,,,,,,,,,,155,5:05:00,150,11:34:00,144,20:10:00,137,27:36:00,131,43:32:00,,,,,,,,,,,,,,,,,,,,,,,,,,,,,,,,,,,,,,,,,,,,,,,,,,,,,,,,,,,,,,,,,,,,,,,,,,,,,,,,,,,,DNF,Tandem Unlimited,"Harry Kuper
James Lowe

TC Avery Canter
TC Megan Lowe",3636,9:00, ,11:55:00,,16:23:00,,20:18:00,,0:47:00,,9:04,,,,,,,,,,,,,,,,,,,,,,,,,,,,,,,,,,,,,,,,17,2:55:00,29,4:28:00,24,3:55:00,16,4:29:00,22,8:17:00,,,,,,,,,,,,,,,,,,,,,,,,,,,,,,,,,,,,,,,,17,2:55:00,23,7:23:00,23,11:18:00,21,15:47:00,18,24:04:00,,,,,,,,,,,,,,,,,,,,,,,,,,,,,,,,,,,,,,,,,,,,,,,,,,,,,,,,,,,,,,,,,,,,,,,,,,,,,,,,,,,,DNF,Novice,"Ardie Hodges
Zane Mauldin

TC Rob Witherington",5511,9:00, ,13:15:00,,19:23:00,,1:46:00,,11:00:00,,2:54,,,,,,,,,,,,,,,,,,,,,,,,,,,,,,,,,,,,,,,,129,4:15:00,133,6:08:00,120,6:23:00,135,9:14:00,128,15:54:00,,,,,,,,,,,,,,,,,,,,,,,,,,,,,,,,,,,,,,,,129,4:15:00,131,10:23:00,124,16:46:00,129,26:00:00,126,41:54:00,,,,,,,,,,,,,,,,,,,,,,,,,,,,,,,,,,,,,,,,,,,,,,,,,,,,,,,,,,,,,,,,,,,,,,,,,,,,,,,,,,,,DNF,Novice,"Keith Poland
Chris Underwood

TC Ashley Poland
TC Tyler Copeland",6969,9:00, ,13:28:00,,19:47:00,,2:49:00,,11:16:00,,1:45,,,,,,,,,,,,,,,,,,,,,,,,,,,,,,,,,,,,,,,,143,4:28:00,142,6:19:00,128,7:02:00,125,8:27:00,123,14:29:00,,,,,,,,,,,,,,,,,,,,,,,,,,,,,,,,,,,,,,,,143,4:28:00,141,10:47:00,130,17:49:00,130,26:16:00,125,40:45:00,,,,,,,,,,,,,,,,,,,,,,,,,,,,,,,,,,,,,,,,,,,,,,,,,,,,,,,,,,,,,,,,,,,,,,,,,,,,,,,,,,,,DNF,Novice,"Kylan Lewis
Jonathon West

TC Megan Lewis
TC Desiree Allen",64,9:00, ,13:54:00,,20:35:00,,4:13:00,,11:50:00,,,,,,,,,,,,,,,,,,,,,,,,,,,,,,,,,,,,,,,,,,154,4:54:00,149,6:41:00,130,7:38:00,110,7:37:00,,,,,,,,,,,,,,,,,,,,,,,,,,,,,,,,,,,,,,,,,,154,4:54:00,151,11:35:00,135,19:13:00,132,26:50:00,,,,,,,,,,,,,,,,,,,,,,,,,,,,,,,,,,,,,,,,,,,,,,,,,,,,,,,,,,,,,,,,,,,,,,,,,,,,,,,,,,,,,,DNF,Solo Unlimited Man,"Pat Stroka

TC Mark Taylor",78,9:00, ,13:08:00,,18:55:00,,5:57:00,,12:55:00,,,,,,,,,,,,,,,,,,,,,,,,,,,,,,,,,,,,,,,,,,122,4:08:00,116,5:47:00,149,11:02:00,95,6:58:00,,,,,,,,,,,,,,,,,,,,,,,,,,,,,,,,,,,,,,,,,,122,4:08:00,119,9:55:00,149,20:57:00,138,27:55:00,,,,,,,,,,,,,,,,,,,,,,,,,,,,,,,,,,,,,,,,,,,,,,,,,,,,,,,,,,,,,,,,,,,,,,,,,,,,,,,,,,,,,,DNF,Unlimited,"Grant Clark
Colby Pearson
Sean Dougherty

TC Michael Clark",1204,9:00, ,13:41:00,,19:50:00,,4:59:00,,12:15:00,,,,,,,,,,,,,,,,,,,,,,,,,,,,,,,,,,,,,,,,,,151,4:41:00,135,6:09:00,142,9:09:00,102,7:16:00,,,,,,,,,,,,,,,,,,,,,,,,,,,,,,,,,,,,,,,,,,151,4:41:00,143,10:50:00,142,19:59:00,134,27:15:00,,,,,,,,,,,,,,,,,,,,,,,,,,,,,,,,,,,,,,,,,,,,,,,,,,,,,,,,,,,,,,,,,,,,,,,,,,,,,,,,,,,,,,DNF,USCA C-1 Man,"Anthony Krenz

TC Molly Krenz
TC Anna Krenz",1290,9:00, ,13:06:00,,19:04:00,,0:45:00,,8:36:00,,,,,,,,,,,,,,,,,,,,,,,,,,,,,,,,,,,,,,,,,,116,4:06:00,127,5:58:00,102,5:41:00,117,7:51:00,,,,,,,,,,,,,,,,,,,,,,,,,,,,,,,,,,,,,,,,,,116,4:06:00,123,10:04:00,110,15:45:00,107,23:36:00,,,,,,,,,,,,,,,,,,,,,,,,,,,,,,,,,,,,,,,,,,,,,,,,,,,,,,,,,,,,,,,,,,,,,,,,,,,,,,,,,,,,,,DNF,Novice,"Larry Davis
Connor Davis

TC Quent Davis
TC Preston Davis",1722,9:00, ,13:46:00,,19:52:00,,5:56:00,,13:37:00,,,,,,,,,,,,,,,,,,,,,,,,,,,,,,,,,,,,,,,,,,152,4:46:00,132,6:06:00,147,10:04:00,111,7:41:00,,,,,,,,,,,,,,,,,,,,,,,,,,,,,,,,,,,,,,,,,,152,4:46:00,145,10:52:00,148,20:56:00,141,28:37:00,,,,,,,,,,,,,,,,,,,,,,,,,,,,,,,,,,,,,,,,,,,,,,,,,,,,,,,,,,,,,,,,,,,,,,,,,,,,,,,,,,,,,,DNF,Novice,"William Kunkel
Eduardo Ramirez Jr

TC Jeff Kunkel
TC Jill Kunkel",2073,9:00, ,13:37:00,,20:32:00,,4:34:00,,12:33:00,,,,,,,,,,,,,,,,,,,,,,,,,,,,,,,,,,,,,,,,,,148,4:37:00,151,6:55:00,132,8:02:00,120,7:59:00,,,,,,,,,,,,,,,,,,,,,,,,,,,,,,,,,,,,,,,,,,148,4:37:00,149,11:32:00,140,19:34:00,136,27:33:00,,,,,,,,,,,,,,,,,,,,,,,,,,,,,,,,,,,,,,,,,,,,,,,,,,,,,,,,,,,,,,,,,,,,,,,,,,,,,,,,,,,,,,DNF,Tandem Unlimited,"Dan Gideon
Scott Craig

TC Tiffany Marconi
TC Kristine Hood",2468,9:00, ,13:25:00,,18:59:00,,1:22:00,,10:24:00,,,,,,,,,,,,,,,,,,,,,,,,,,,,,,,,,,,,,,,,,,138,4:25:00,99,5:34:00,121,6:23:00,131,9:02:00,,,,,,,,,,,,,,,,,,,,,,,,,,,,,,,,,,,,,,,,,,138,4:25:00,121,9:59:00,117,16:22:00,125,25:24:00,,,,,,,,,,,,,,,,,,,,,,,,,,,,,,,,,,,,,,,,,,,,,,,,,,,,,,,,,,,,,,,,,,,,,,,,,,,,,,,,,,,,,,DNF,Novice,"Grant Hudspeth
Landon Ferguson

TC Joy Hayes
TC Joe Hayes",3159,9:00, ,13:20:00,,19:37:00,,2:18:00,,8:43:00,,,,,,,,,,,,,,,,,,,,,,,,,,,,,,,,,,,,,,,,,,135,4:20:00,140,6:17:00,124,6:41:00,81,6:25:00,,,,,,,,,,,,,,,,,,,,,,,,,,,,,,,,,,,,,,,,,,135,4:20:00,135,10:37:00,126,17:18:00,108,23:43:00,,,,,,,,,,,,,,,,,,,,,,,,,,,,,,,,,,,,,,,,,,,,,,,,,,,,,,,,,,,,,,,,,,,,,,,,,,,,,,,,,,,,,,DNF,USCA C-2,"Michael Carr
Edward Carr

TC Cash Kartaltepe
TC Yvonne Carr",5150,9:00, ,13:22:00,,19:23:00,,2:30:00,,10:28:00,,,,,,,,,,,,,,,,,,,,,,,,,,,,,,,,,,,,,,,,,,137,4:22:00,128,6:01:00,129,7:07:00,119,7:58:00,,,,,,,,,,,,,,,,,,,,,,,,,,,,,,,,,,,,,,,,,,137,4:22:00,131,10:23:00,128,17:30:00,127,25:28:00,,,,,,,,,,,,,,,,,,,,,,,,,,,,,,,,,,,,,,,,,,,,,,,,,,,,,,,,,,,,,,,,,,,,,,,,,,,,,,,,,,,,,,DNF,Novice,"Lawson Lamme
JK Ault

TC Cam Orear
TC David Koenig",7770,9:00, ,13:08:00,,18:31:00,,0:15:00,,6:16:00,,,,,,,,,,,,,,,,,,,,,,,,,,,,,,,,,,,,,,,,,,122,4:08:00,90,5:23:00,106,5:44:00,69,6:01:00,,,,,,,,,,,,,,,,,,,,,,,,,,,,,,,,,,,,,,,,,,122,4:08:00,101,9:31:00,101,15:15:00,82,21:16:00,,,,,,,,,,,,,,,,,,,,,,,,,,,,,,,,,,,,,,,,,,,,,,,,,,,,,,,,,,,,,,,,,,,,,,,,,,,,,,,,,,,,,,DNF,Unlimited,"Brandon Martinez
Robert Marchan
James Morris

TC Nick McMillan
TC Rhonda Martinez",18,9:00, ,13:28:00,,19:40:00,,5:51:00,,,,,,,,,,,,,,,,,,,,,,,,,,,,,,,,,,,,,,,,,,,,143,4:28:00,137,6:12:00,148,10:11:00,,,,,,,,,,,,,,,,,,,,,,,,,,,,,,,,,,,,,,,,,,,,143,4:28:00,137,10:40:00,147,20:51:00,,,,,,,,,,,,,,,,,,,,,,,,,,,,,,,,,,,,,,,,,,,,,,,,,,,,,,,,,,,,,,,,,,,,,,,,,,,,,,,,,,,,,,,,,,,,9:00,,,,,,,,,,,,,,,,,,,,,,,,,,,,,,,,,,,,,,,,,,,,,,,,,,,,,,,,,,,,,,,,,,,,,,,,,,,,,,,,,,,,,,,,,,,,,,,,,,,,,,,,,,,,,,,,,,,,,,,,,,,,,,,,,,,,,,,,,,,,,,,,,,,,,,,,,,,,,,,,,,,,,,,,,,,,,,,,,,,,,,,,,,,,,,,,DNF,Solo Unlimited Man,"James Sutherland

TC Sophia Sutherland
TC Ryan Rager-Aguiar",23,9:00, ,11:53:00,,15:58:00,,19:53:00,,,,,,,,,,,,,,,,,,,,,,,,,,,,,,,,,,,,,,,,,,,,15,2:53:00,14,4:05:00,25,3:55:00,,,,,,,,,,,,,,,,,,,,,,,,,,,,,,,,,,,,,,,,,,,,15,2:53:00,14,6:58:00,15,10:53:00,,,,,,,,,,,,,,,,,,,,,,,,,,,,,,,,,,,,,,,,,,,,,,,,,,,,,,,,,,,,,,,,,,,,,,,,,,,,,,,,,,,,,,,,DNF,Novice,"Tristan  Summy
Waldo Morrison - out at Fentress

TC Natalie Wolff
TC Karen Summy",229,9:00, ,12:52:00,,20:36:00,,4:21:00,,,,,,,,,,,,,,,,,,,,,,,,,,,,,,,,,,,,,,,,,,,,89,3:52:00,153,7:44:00,131,7:45:00,,,,,,,,,,,,,,,,,,,,,,,,,,,,,,,,,,,,,,,,,,,,89,3:52:00,152,11:36:00,136,19:21:00,,,,,,,,,,,,,,,,,,,,,,,,,,,,,,,,,,,,,,,,,,,,,,,,,,,,,,,,,,,,,,,,,,,,,,,,,,,,,,,,,,,,,,,,DNF,Novice,"Nathan Sany
Jason Best

TC Katie Brannen
TC Charles Collins",344,9:00, ,13:17:00,,19:03:00,,1:25:00,,,,,,,,,,,,,,,,,,,,,,,,,,,,,,,,,,,,,,,,,,,,131,4:17:00,115,5:46:00,119,6:22:00,,,,,,,,,,,,,,,,,,,,,,,,,,,,,,,,,,,,,,,,,,,,131,4:17:00,122,10:03:00,118,16:25:00,,,,,,,,,,,,,,,,,,,,,,,,,,,,,,,,,,,,,,,,,,,,,,,,,,,,,,,,,,,,,,,,,,,,,,,,,,,,,,,,,,,,,,,,DNF,Mixed Tandem Unlimited,"Nicole Ellis
Kevin Ellis

TC Spencer Williams
TC Nathan Schulze",1814,9:00, ,13:04:00,,19:56:00,,4:02:00,,,,,,,,,,,,,,,,,,,,,,,,,,,,,,,,,,,,,,,,,,,,109,4:04:00,150,6:52:00,134,8:06:00,,,,,,,,,,,,,,,,,,,,,,,,,,,,,,,,,,,,,,,,,,,,109,4:04:00,146,10:56:00,134,19:02:00,,,,,,,,,,,,,,,,,,,,,,,,,,,,,,,,,,,,,,,,,,,,,,,,,,,,,,,,,,,,,,,,,,,,,,,,,,,,,,,,,,,,,,,,DNF,USCA C-2,"Sontian Morrell-Stinson
Andy Arreola 

TC Alex Gary",3447,9:00, ,13:26:00,,19:43:00,,2:02:00,,,,,,,,,,,,,,,,,,,,,,,,,,,,,,,,,,,,,,,,,,,,139,4:26:00,140,6:17:00,118,6:19:00,,,,,,,,,,,,,,,,,,,,,,,,,,,,,,,,,,,,,,,,,,,,139,4:26:00,139,10:43:00,125,17:02:00,,,,,,,,,,,,,,,,,,,,,,,,,,,,,,,,,,,,,,,,,,,,,,,,,,,,,,,,,,,,,,,,,,,,,,,,,,,,,,,,,,,,,,,,DNF,Novice Women,"Staci Maloney
Myrna Lewis

TC Kate Catlow",3696,9:00, ,13:39:00,,20:10:00,,5:40:00,,,,,,,,,,,,,,,,,,,,,,,,,,,,,,,,,,,,,,,,,,,,150,4:39:00,147,6:31:00,144,9:30:00,,,,,,,,,,,,,,,,,,,,,,,,,,,,,,,,,,,,,,,,,,,,150,4:39:00,148,11:10:00,146,20:40:00,,,,,,,,,,,,,,,,,,,,,,,,,,,,,,,,,,,,,,,,,,,,,,,,,,,,,,,,,,,,,,,,,,,,,,,,,,,,,,,,,,,,,,,,DNF,Novice,"Bradley Welter
Blake Newman

TC Joel Smith
TC Sam George",6734,9:00, ,13:26:00,,19:57:00,,4:57:00,,,,,,,,,,,,,,,,,,,,,,,,,,,,,,,,,,,,,,,,,,,,139,4:26:00,147,6:31:00,141,9:00:00,,,,,,,,,,,,,,,,,,,,,,,,,,,,,,,,,,,,,,,,,,,,139,4:26:00,147,10:57:00,141,19:57:00,,,,,,,,,,,,,,,,,,,,,,,,,,,,,,,,,,,,,,,,,,,,,,,,,,,,,,,,,,,,,,,,,,,,,,,,,,,,,,,,,,,,,,,,DNF,Novice,"Martin Dawe
John Durkop

TC Morris Moore
TC Sandra Dawe",42,9:00, ,13:20:00,,19:33:00,,,,,,,,,,,,,,,,,,,,,,,,,,,,,,,,,,,,,,,,,,,,,,135,4:20:00,139,6:13:00,,,,,,,,,,,,,,,,,,,,,,,,,,,,,,,,,,,,,,,,,,,,,,135,4:20:00,134,10:33:00,,,,,,,,,,,,,,,,,,,,,,,,,,,,,,,,,,,,,,,,,,,,,,,,,,,,,,,,,,,,,,,,,,,,,,,,,,,,,,,,,,,,,,,,,,DNF,Solo Unlimited Man,"Justin McKinney

TC Ryan Roth",999,9:00, ,13:00:00,,18:31:00,,,,,,,,,,,,,,,,,,,,,,,,,,,,,,,,,,,,,,,,,,,,,,98,4:00:00,96,5:31:00,,,,,,,,,,,,,,,,,,,,,,,,,,,,,,,,,,,,,,,,,,,,,,98,4:00:00,101,9:31:00,,,,,,,,,,,,,,,,,,,,,,,,,,,,,,,,,,,,,,,,,,,,,,,,,,,,,,,,,,,,,,,,,,,,,,,,,,,,,,,,,,,,,,,,,,DNF,Novice,"Peter Andrews
TJ Fleming

TC Richard Andrews
TC Bo Alomes",1001,9:00, ,13:19:00,,19:16:00,,,,,,,,,,,,,,,,,,,,,,,,,,,,,,,,,,,,,,,,,,,,,,133,4:19:00,125,5:57:00,,,,,,,,,,,,,,,,,,,,,,,,,,,,,,,,,,,,,,,,,,,,,,133,4:19:00,129,10:16:00,,,,,,,,,,,,,,,,,,,,,,,,,,,,,,,,,,,,,,,,,,,,,,,,,,,,,,,,,,,,,,,,,,,,,,,,,,,,,,,,,,,,,,,,,,DNF,Tandem Unlimited,"Ryan Willis
Garrett Schmidt

TC Robi Willis
TC Sean Willis",1776,9:00, ,13:08:00,,18:46:00,,,,,,,,,,,,,,,,,,,,,,,,,,,,,,,,,,,,,,,,,,,,,,122,4:08:00,107,5:38:00,,,,,,,,,,,,,,,,,,,,,,,,,,,,,,,,,,,,,,,,,,,,,,122,4:08:00,113,9:46:00,,,,,,,,,,,,,,,,,,,,,,,,,,,,,,,,,,,,,,,,,,,,,,,,,,,,,,,,,,,,,,,,,,,,,,,,,,,,,,,,,,,,,,,,,,DNF,Novice,"Micah Harris
Miles Maynor

TC Micah Killiam
TC Morgan Maynor",3040,9:00, ,12:55:00,,0:00:00,,,,,,,,,,,,,,,,,,,,,,,,,,,,,,,,,,,,,,,,,,,,,,96,3:55:00,154,11:05:00,,,,,,,,,,,,,,,,,,,,,,,,,,,,,,,,,,,,,,,,,,,,,,96,3:55:00,154,15:00:00,,,,,,,,,,,,,,,,,,,,,,,,,,,,,,,,,,,,,,,,,,,,,,,,,,,,,,,,,,,,,,,,,,,,,,,,,,,,,,,,,,,,,,,,,,DNF,Novice Women,"Makayla Barnett
Kristy Cothran

TC Robert Barnett
TC Antonio Ramirez",69,9:00, ,14:06:00,,,,,,,,,,,,,,,,,,,,,,,,,,,,,,,,,,,,,,,,,,,,,,,,156,5:06:00,,,,,,,,,,,,,,,,,,,,,,,,,,,,,,,,,,,,,,,,,,,,,,,,156,5:06:00,,,,,,,,,,,,,,,,,,,,,,,,,,,,,,,,,,,,,,,,,,,,,,,,,,,,,,,,,,,,,,,,,,,,,,,,,,,,,,,,,,,,,,,,,,,,DNF,Novice,"Pete Garcia
Nicholas Shawn Barkdull

TC Ramona Garcia
TC Brenda Lewallen",6670,9:00, ,13:36:00,,,,,,,,,,,,,,,,,,,,,,,,,,,,,,,,,,,,,,,,,,,,,,,,147,4:36:00,,,,,,,,,,,,,,,,,,,,,,,,,,,,,,,,,,,,,,,,,,,,,,,,147,4:36:00,,,,,,,,,,,,,,,,,,,,,,,,,,,,,,,,,,,,,,,,,,,,,,,,,,,,,,,,,,,,,,,,,,,,,,,,,,,,,,,,,,,,,,,,,,,,,,,,9:00,,,,,,,,,,,,,,,,,,,,,,,,,,,,,,,,,,,,,,,,,,,,,,,,,,,,,,,,,,,,,,,,,,,,,,,,,,,,,,,,,,,,,,,,,,,,,,,,,,,,,,,,,,,,,,,,,,,,,,,,,,,,,,,,,,,,,,,,,,,,,,,,,,,,,,,,,,,,,,,,,,,,,,,,,,,,,,,,,,,,,,,,,,,,,,,,,,,,9:00,,,,,,,,,,,,,,,,,,,,,,,,,,,,,,,,,,,,,,,,,,,,,,,,,,,,,,,,,,,,,,,,,,,,,,,,,,,,,,,,,,,,,,,,,,,,,,,,,,,,,,,,,,,,,,,,,,,,,,,,,,,,,,,,,,,,,,,,,,,,,,,,,,,,,,,,,,,,,,,,,,,,,,,,,,,,,,,,,,,,,,,,,,,,,,,,,,,,9:00,,,,,,,,,,,,,,,,,,,,,,,,,,,,,,,,,,,,,,,,,,,,,,,,,,,,,,,,,,,,,,,,,,,,,,,,,,,,,,,,,,,,,,,,,,,,,,,,,,,,,,,,,,,,,,,,,,,,,,,,,,,,,,,,,,,,,,,,,,,,,,,,,,,,,,,,,,,,,,,,,,,,,,,,,,,,,,,,,,,,,,,,,,,,,,,,,,,,9:00,,,,,,,,,,,,,,,,,,,,,,,,,,,,,,,,,,,,,,,,,,,,,,,,,,,,,,,,,,,,,,,,,,,,,,,,,,,,,,,,,,,,,,,,,,,,,,,,,,,,,,,,,,,,,,,,,,,,,,,,,,,,,,,,,,,,,,,,,,,,,,,,,,,,,,,,,,,,,,,,,,,,,,,,,,,,,,,,,,,,,,,,,,,,,,,,DNF,Solo Unlimited Man,"Travis Brown

TC David Froehlich",8080,9:00, ,14:11:00,,,,,,,,,,,,,,,,,,,,,,,,,,,,,,,,,,,,,,,,,,,,,,,,157,5:11:00,,,,,,,,,,,,,,,,,,,,,,,,,,,,,,,,,,,,,,,,,,,,,,,,157,5:11:00,,,,,,,,,,,,,,,,,,,,,,,,,,,,,,,,,,,,,,,,,,,,,,,,,,,,,,,,,,,,,,,,,,,,,,,,,,,,,,,,,,,,,,,,,,,,DNF,Solo Unlimited Man,"Larkin Hood

TC Kristine Hood",5559,9:00,,,,,,,,,,,,,,,,,,,,,,,,,,,,,,,,,,,,,,,,,,,,,,,,,,,,,,,,,,,,,,,,,,,,,,,,,,,,,,,,,,,,,,,,,,,,,,,,,,,,,,,,,,,,,,,,,,,,,,,,,,,,,,,,,,,,,,,,,,,,,,,,,,,,,,,,,,,,,,,,,,,,,,,,,,,,,,,,,,,,,,,,,,,,,,,,DNF,Novice,"Will Birdsong
Clint Walker

TC Jim Birdsong
TC Rhonda Walker",9517,9:00,,,,,,,,,,,,,,,,,,,,,,,,,,,,,,,,,,,,,,,,,,,,,,,,,,,,,,,,,,,,,,,,,,,,,,,,,,,,,,,,,,,,,,,,,,,,,,,,,,,,,,,,,,,,,,,,,,,,,,,,,,,,,,,,,,,,,,,,,,,,,,,,,,,,,,,,,,,,,,,,,,,,,,,,,,,,,,,,,,,,,,,,,,,,,,,,,,,,,,,,,,,,,,,,,,,,,,,,,,,,,,,,,,,,,,,,,,,,,,,,,,,,,,,,,,,,,,,,,,,,,,,,,,,,,,,,,,,,,,,,,,,,,,,,,,,,,,,,,,,,,,,,,,,,,,,,,,,,,,,,,,,,,,,,,,,,,,,,,,,,,,,,,,,,,,,,,,,,,,,,,,,,,,,,,,,,,,,,,,,,,,,,,,,,,,,,9:00,,,,,,,,,,,,,,,,,,,,,,,,,,,,,,,,,,,,,,,,,,,,,,,,,,,,,,,,,,,,,,,,,,,,,,,,,,,,,,,,,,,,,,,,,,,,,,,,,,,,,,,,,,,,,,,,,,,,,,,,,,,,,,,,,,,,,,,,,,,,,,,,,,,,,,,,,,,,,,,,,,,,,,,,,,,,,,,,,,,,,,,,,,,,,,,,,,,,9:00,,,,,,,,,,,,,,,,,,,,,,,,,,,,,,,,,,,,,,,,,,,,,,,,,,,,,,,,,,,,,,,,,,,,,,,,,,,,,,,,,,,,,,,,,,,,,,,,,,,,,,,,,,,,,,,,,,,,,,,,,,,,,,,,,,,,,,,,,,,,,,,,,,,,,,,,,,,,,,,,,,,,,,,,,,,,,,,,,,,,,,,,,,,,,,,,,,,,9:00,,,,,,,,,,,,,,,,,,,,,,,,,,,,,,,,,,,,,,,,,,,,,,,,,,,,,,,,,,,,,,,,,,,,,,,,,,,,,,,,,,,,,,,,,,,,,,,,,,,,,,,,,,,,,,,,,,,,,,,,,,,,,,,,,,,,,,,,,,,,,,,,,,,,,,,,,,,,,,,,,,,,,,,,,,,,,,,,,,,,,,,,,,,,,,,,,,,,,,,,,,,,,,,,,,,,,,,,,,,,,,,,,,,,,,,,,,,,,,,,,,,,,,,,,,,,,,,,,,,,,,,,,,,,,,,,,,,,,,,,,,,,,,,,,,,,,,,,,,,,,,,,,,,,,,,,,,,,,,,,,,,,,,,,,,,,,,,,,,,,,,,,,,,,,,,,,,,,,,,,,,,,,,,,,,,,,,,,,,,,,,,,,,,,,,,,,,,,,,,,,,,,,,,,,,,,,,,,,,,,,,,,,,,,,,,,,,,,,,,,,,,,,,,,,,,,,,,,,,,,,,,,,,,,,,,,,,,,,,,,,,,,,,,,,,,,,,,,,,,,,,,,,,,,,,,,,,,,,,,,,,,,,,,,,,,,,,,,,,,,,,,,,,,,,,,,,,,,,,,,,,,,,,,,,,,,,,,,,,,,,,,,,,,,9:00,,,,,,,,,,,,,,,,,,,,,,,,,,,,,,,,,,,,,,,,,,,,,,,,,,,,,,,,,,,,,,,,,,,,,,,,,,,,,,,,,,,,,,,,,,,,,,,,,,,,,,,,,,,,,,,,,,,,,,,,,,,,,,,,,,,,,,,,,,,,,,,,,,,,,,,,,,,,,,,,,,,,,,,,,,,,,,,,,,,,,,,,,,,,,,,,,,,,,,,,,,,,,,,,,,,,,,,,,,,,,,,,,,,,,,,,,,,,,,,,,,,,,,,,,,,,,,,,,,,,,,,,,,,,,,,,,,,,,,,,,,,,,,,,,,,,,,,,,,,,,,,,,,,,,,,,,,,,,,,,,,,,,,,,,,,,,,,,,,,,,,,,,,,,,,,,,,,,,,,,,,,,,,,,,,,,,,,,,,,,,,,,,,,,,,,,,,,,,,,,,,,,,,,,,,,,,,,,,,,,,,,,,,,,,,,,,,,,,,,,,,,,,,,,,,,,,,,,,,,,,,,,,,,,,,,,,,,,,,,,,,,,,,,,,,,,,,,,,,,,,,,,,,,,,,,,,,,,,,,,,,,,,,,,,,,,,,,,,,,,,,,,,,,,,,,,,,,,,,,,,,,,,,,,,,,,,,,,,,,,,,,,,,,,,,,,,,,,,,,,,,,,,,,,,,,,,,,,,,,,,,,,,,,,,,,,,,,,,,,,,,,,,,,,,,,,,,,,,,,,,,,,,,,,,,,,,,,,,,,,,,,,,,,,,,,,,,,,,,,,,,,,,,,,,,,,,,,,,,,,,,,,,,,,,,,,,,,,,,,,,,,,,,,,,,,,,,,,,,,,,,,,,,,,,,,,,,,,,,,,,,,,,,,,,,,,,,,,,,,,,,,,,,,,,,,,,,,,,,,,,,,,,,,,,,,,,,,,,,,,,,,,,,,,,,,,,,,,,,,,,,,,,,,,,,,,,,,,,,,,,,,,,,,,,,,,,,,,,,,,,,,,,,,,,,,,,,,,,,,,,,,,,,,,,,,,,,,,,,,,,,,,,,,,,,,,,,,,,,,,,,,,,,,,,,,,,,,,,,,,9:00,,,,,,,,,,,,,,,,,,,,,,,,,,,,,,,,,,,,,,,,,,,,,,,,,,,,,,,,,,,,,,,,,,,,,,,,,,,,,,,,,,,,,,,,,,,,,,,,,,,,,,,,,,,,,,,,,,,,,,,,,,,,,,,,,,,,,,,,,,,,,,,,,,,,,,,,,,,,,,,,,,,,,,,,,,,,,,,,,,,,,,,,,,,,,,,,,,,,,,,,,,,,,,,,,,,,,,,,,,,,,,,,,,,,,,,,,,,,,,,,,,,,,,,,,,,,,,,,,,,,,,,,,,,,,,,,,,,,,,,,,,,,,,,,,,,,,,,,,,,,,,,,,,,,,,,,,,,,,,,,,,,,,,,,,,,,,,,,,,,,,,,,,,,,,,,,,,,,,,,,,,,,,,,,,,,,,,,,,,,,,,,,,,,,,,,,,,,,,,,,,,,,,,,,,,,,,,,,,,,,,,,,,,,,,,,,,,,,,,,,,,,,,,,,,,,,,,,,,,,,,,,,,,,,,,,,,,,,,,,,,,,,,,,,,,,,,,,,,,,,,,,,,,,,,,,,,,,,,,,,,,,,,,,,,,,,,,,,,,,,,,,,,,,,,,,,,,,,,,,,,,,,,,,,,,,,,,,,,,,,,,,,,,,,,,,,,,,,,,,,,,,,,,,,,,,,,,,,,,,,,,,,,,,,,,,,,,,,,,,,,,,,,,,,,,,,,,,,,,,,,,,,,,,,,,,,,,,,,,,,,,,,,,,,,,,,,,,,,,,,,,,,,,,,,,,,,,,,,,,,,,,,,,,,,,,,,,,,,,,,,,,,,,,,,,,,,,,,,,,,,,,,,,,,,,,,,,,,,,,,,,,,,,,,,,,,,,,,,,,,,,,,,,,,,,,,,,,,,,,,,,,,,,,,,,,,,,,,,,,,,,,,,,,,,,,,,,,,,,,,,,,,,,,,,,,,,,,,,,,,,,,,,,,,,,,,,,,,,,,,,,,,,,,,,,,,,,,,,,,,,,,,,,,,,,,,,,,,,,,,,,,,,,,,,,,,,,,,,,,,,,,,,,,,,,,,,,,,,,,,,,,,,,,,,,,,,,,,,,,,,,,,,,,,,,,,,,,,,,,,,,,,,,,,,,,,,,,,,,,,,,,,,,,,,,,,,,,,,,,,,,,,,,,,,,,,,,,,,,,,,,,,,,,,,,,,,,,,,,,,,,,,,,,,,,,,,,,,,,,,,,,,,,,,,,,,,,,,,,,,,,,,,,,,,,,,,,,,,,,,,,,,,,,,,,,,,,,,,,,,,,,,,,,,,,,,,,,,,,,,,,,,,,,,,,,,,,,,,,,,,,,,,,,,,,,,,,,,,,,,,,,,,,,,,,,,,,,,,,,,,,,,,,,,,,,,,,,,,,,,,,,,,,,,,,,,,,,,,,,,,,,,,,,,,,,,,,,,,,,,,,,,,,,,,,,,,,,,,,,,,,,,,,,,,,,,,,,,,,,,,,,,,,,,,,,,,,,,,,,,,,,,,,,,,,,,,,,,,,,,,,,,,,,,,,,,,,,,,,,,,,,,,,,,,,,,,,,,,,,,,,,,,,,,,,,,,,,,,,,,,,,,,,,,,,,,,,,,,,,,,,,,,,,,,,,,,,,,,,,,,,,,,,,,,,,,,,,,,,,,,,,,,,,,,,,,,,,,,,,,,,,,,,,,,,,,,,,,,,,,,,,,,,,,,,,,,,,,,,,,,,,,,,,,,,,,,,,,,,,,,,,,,,,,,,,,,,,,,,,,,,,,,,,,,,,,,,,,,,,,,,,,,,,,,,,,,,,,,,,,,,,,,,,,,,,,,,,,,,,,,,,,,,,,,,,,,,,,,,,,,,,,,,,,,,,,,,,,,,,,,,,,,,,,,,,,,,,,,,,,,,,,,,,,,,,,,,,,,,,,,,,,,,,,,,,,,,,,,,,,,,,,,,,,,,,,,,,,,,,,,,,,,,,,,,,,,,,,,,,,,,,,,,,,,,,,,,,,,,,,,,,,,,,,,,,,,,,,,,,,,,,,,,,,,,,,,,,,,,,,,,,,,,,,,,,,,,,,,,,,,,,,,,,,,,,,,,,,,,,,,,,,,,,,,,,,,,,,,,,,,,,,,,,,,,,,,,,,,,,,,,,,,,,,,,,,,,,,,,,,,,,,,,,,,,,,,,,,,,,,,,,,,,,,,,,,,,,,,,,,,,,,,,,,,,,,,,,,,,,,,,,,,,,,,,,,,,,,,,,,,,,,,,,,,,,,,,,,,,,,,,,,,,,,,,,,,,,,,,,,,,,,,,,,,,,,,,,,,,,,,,,,,,,,,,,,,,,,,,,,,,,,,,,,,,,,,,,,,,,,,,,,,,,,,,,,,,,,,,,,,,,,,,,,,,,,,,,,,,,,,,,,,,,,,,,,,,,,,,,,,,,,,,,,,,,,,,,,,,,,,,,,,,,,,,,,,,,,,,,,,,,,,,,,,,,,,,,,,,,,,,,,,,,,,,,,,,,,,,,,,,,,,,,,,,,,,,,,,,,,,,,,,,,,,,,,,,,,,,,,,,,,,,,,,,,,,,,,,,,,,,,,,,,,,,,,,,,,,,,,,,,,,,,,,,,,,,,,,,,,,,,,,,,,,,,,,,,,,,,,,,,,,,,,,,,,,,,,,,,,,,,,,,,,,,,,,,,,,,,,,,,,,,,,,,,,,,,,,,,,,,,,,,,,,,,,,,,,,,,,,,,,,,,,,,,,,,,,,,,,,,,,,,,,,,,,,,,,,,,,,,,,,,,,,,,,,,,,,,,,,,,,,,,,,,,,,,,,,,,,,,,,,,,,,,,,,,,,,,,,,,,,,,,,,,,,,,,,,,,,,,,,,,,,,,,,,,,,,,,,,,,,,,,,,,,,,,,,,,,,,,,,,,,,,,,,,,,,,,,,,,,,,,,,,,,,,,,,,,,,,,,,,,,,,,,,,,,,,,,,,,,,,,,,,,,,,,,,,,,,,,,,,,,,,,,,,,,,,,,,,,,,,,,,,,,,,,,,,,,,,,,,,,,,,,,,,,,,,,,,,,,,,,,,,,,,,,,,,,,,,,,,,,,,,,,,,,,,,,,,,,,,,,,,,,,,,,,,,,,,,,,,,,,,,,,,,,,,,,,,,,,,,,,,,,,,,,,,,,,,,,,,,,,,,,,,,,,,,,,,,,,,,,,,,,,,,,,,,,,,,,,,,,,,,,,,,,,,,,,,,,,,,,,,,,,,,,,,,,,,,,,,,,,,,,,,,,,,,,,,,,,,,,,,,,,,,,,,,,,,,,,,,,,,,,,,,,,,,,,,,,,,,,,,,,,,,,,,,,,,,,,,,,,,,,,,,,,,,,,,,,,,,,,,,,,,,,,,,,,,,,,,,,,,,,,,,,,,,,,,,,,,,,,,,,,,,,,,,,,,,,,,,,,,,,,,,,,,,,,,,,,,,,,,,,,,,,,,,,,,,,,,,,,,,,,,,,,,,,,,,,,,,,,,,,,,,,,,,,,,,,,,,,,,,,,,,,,,,,,,,,,,,,,,,,,,,,,,,,,,,,,,,,,,,,,,,,,,,,,,,,,,,,,,,,,,,,,,,,,,,,,,,,,,,,,,,,,,,,,,,,,,,,,,,,,,,,,,,,,,,,,,,,,,,,,,,,,,,,,,,,,,,,,,,,,,,,,,,,,,,,,,,,,,,,,,,,,,,,,,,,,,,,,,,,,,,,,,,,,,,,,,,,,,,,,,,,,,,,,,,,,,,,,,,,,,,,,,,,,,,,,,,,,,,,,,,,,,,,,,,,,,,,,,,,,,,,,,,,,,,,,,,,,,,,,,,,,,,,,,,,,,,,,,,,,,,,,,,,,,,,,,,,,,,,,,,,,,,,,,,,,,,,,,,,,,,,,,,,,,,,,,,,,,,,,,,,,,,,,,,,,,,,,,,,,,,,,,,,,,,,,,,,,,,,,,,,,,,,,,,,,,,,,,,,,,,,,,,,,,,,,,,,,,,,,,,,,,,,,,,,,,,,,,,,,,,,,,,,,,,,,,,,,,,,,,,,,,,,,,,,,,,,,,,,,,,,,,,,,,,,,,,,,,,,,,,,,,,,,,,,,,,,,,,,,,,,,,,,,,,,,,,,,,,,,,,,,,,,,,,,,,,,,,,,,,,,,,,,,,,,,,,,,,,,,,,,,,,,,,,,,,,,,,,,,,,,,,,,,,,,,,,,,,,,,,,,,,,,,,,,,,,,,,,,,,,,,,,,,,,,,,,,,,,,,,,,,,,,,,,,,,,,,,,,,,,,,,,,,,,,,,,,,,,,,,,,,,,,,,,,,,,,,,,,,,,,,,,,,,,,,,,,,,,,,,,,,,,,,,,,,,,,,,,,,,,,,,,,,,,,,,,,,,,,,,,,,,,,,,,,,,,,,,,,,,,,,,,,,,,,,,,,,,,,,,,,,,,,,,,,,,,,,,,,,,,,,,,,,,,,,,,,,,,,,,,,,,,,,,,,,,,,,,,,,,,,,,,,,,,,,,,,,,,,,,,,,,,,,,,,,,,,,,,,,,,,,,,,,,,,,,,,,,,,,,,,,,,,,,,,,,,,,,,,,,,,,,,,,,,,,,,,,,,,,,,,,,,,,,,,,,,,,,,,,,,,,,,,,,,,,,,,,,,,,,,,,,,,,,,,,,,,,,,,,,,,,,,,,,,,,,,,,,,,,,,,,,,,,,,,,,,,,,,,,,,,,,,,,,,,,,,,,,,,,,,,,,,,,,,,,,,,,,,,,,,,,,,,,,,,,,,,,,,,,,,,,,,,,,,,,,,,,,,,,,,,,,,,,,,,,,,,,,,,,,,,,,,,,,,,,,,,,,,,,,,,,,,,,,,,,,,,,,,,,,,,,,,,,,,,,,,,,,,,,,,,,,,,,,,,,,,,,,,,,,,,,,,,,,,,,,,,,,,,,,,,,,,,,,,,,,,,,,,,,,,,,,,,,,,,,,,,,,,,,,,,,,,,,,,,,,,,,,,,,,,,,,,,,,,,,,,,,,,,,,,,,,,,,,,,,,,,,,,,,,,,,,,,,,,,,,,,,,,,,,,,,,,,,,,,,,,,,,,,,,,,,,,,,,,,,,,,,,,,,,,,,,,,,,,,,,,,,,,,,,,,,,,,,,,,,,,,,,,,,,,,,,,,,,,,,,,,,,,,,,,,,,,,,,,,,,,,,,,,,,,,,,,,,,,,,,,,,,,,,,,,,,,,
