,,,,,,,,,,2022 TEXAS WATER SAFARI SPLITS,,,,,,,,,,,,,,,,,,,,,,,,,,,,,,,,,,,,,,,
,,,,,,,,,,,,,,,,,,,,,,,,,,,,,,,,,,,,,,,,,,,,,,,,,
,,,,,,,,,,Legend,,,,,,,,,,,,,,,,,,,,,,,,,,,,,,,,,,,,,,,
,,,,,,,,,, ,,13:59:00,,Time Out,,,,,,,,,,,,,,,,,,,,,,,,,,,,,,,,,,,
,,,,,,,,Split Placement,,,,2:47:00,,Split Time,,,,,,,,,,,,,,,,,,,,,,,,,,,,,,,,,,,
,,,,,,,,Overall Placement,,,,4:59:00,,Overall Time,,,,,,,,,,,,,,,,,,,,,,,,,,,,,,,,,,,
Overall Place,Recognition,Team Members,Boat #,,Staples,,Luling 90,,Palmetto,,Gonzales,,Hochheim,,Cuero 72,,Cuero 236,,Victoria,,Swinging Bridge (off Canal Rd),,Saltwater Barrier,,Seadrift,,,,,,,,,,,,,,,,,,,,,,,,
1,1st Unlimited,"Andrew Condie
Clay Wyatt
Ian Rolls
Gaston Jones
Logan Mynar
Weston Willoughby

TC Jill Wyatt
TC Fred Mynar",2,9:00, ,11:09:45,,14:17:00,,17:10:00,,20:45:00,,1:52:00,,6:27:00,,7:29:00,,13:12:00,,18:05:00,,21:06:00,,1:53:00,,,,,,,,,,,,,,,,,,,,,,,
,,,,,1,2:09:45,2,3:07:15,1,2:53:00,1,3:35:00,1,5:07:00,1,4:35:00,2,1:02:00,1,5:43:00,2,4:53:00,1,3:01:00,3,4:47:00,,,,,,,,,,,,,,,,,,,,,,,
,,,,,1,2:09:45,2,5:17:00,1,8:10:00,1,11:45:00,1,16:52:00,1,21:27:00,1,22:29:00,1,28:12:00,1,33:05:00,1,36:06:00,1,40:53:00,,,,,,,,,,,,,,,,,,,,,,,
,,,,,,,,,,,,,,,,,,,,,,,,,,,,,,,,,,,,,,,,,,,,,,,,,
2,2nd Unlimited,"Chris Issendorf
William Russell
Kyle Issendorf
Tim Rask
Tommy Yonley
Nick Walton

TC Wayne Thorp
TC Stephen Rask",314,9:00, ,11:10:30,,14:16:00,,17:10:00,,20:47:00,,2:03:00,,6:46:00,,7:48:00,,13:54:00,,18:46:00,,22:02:00,,3:30:00,,,,,,,,,,,,,,,,,,,,,,,
,,,,,2,2:10:30,1,3:05:30,2,2:54:00,2,3:37:00,2,5:16:00,2,4:43:00,2,1:02:00,2,6:06:00,1,4:52:00,2,3:16:00,6,5:28:00,,,,,,,,,,,,,,,,,,,,,,,
,,,,,2,2:10:30,1,5:16:00,1,8:10:00,2,11:47:00,2,17:03:00,2,21:46:00,2,22:48:00,2,28:54:00,2,33:46:00,2,37:02:00,2,42:30:00,,,,,,,,,,,,,,,,,,,,,,,
,,,,,,,,,,,,,,,,,,,,,,,,,,,,,,,,,,,,,,,,,,,,,,,,,
3,3rd Unlimited,"Jason Cade
Shannon Issendorf
Virginia Parker
Dodd Yeager

TC Cecili Bugge
TC Kaitlin Mynar",3931,9:00, ,11:34:00,,15:12:00,,18:32:00,,22:34:00,,4:26:00,,9:36:00,,10:56:00,,17:48:00,,23:13:00,,2:49:00,,6:42:00,,,,,,,,,,,,,,,,,,,,,,,
,,,,,5,2:34:00,4,3:38:00,3,3:20:00,3,4:02:00,3,5:52:00,3,5:10:00,7,1:20:00,3,6:52:00,3,5:25:00,3,3:36:00,1,3:53:00,,,,,,,,,,,,,,,,,,,,,,,
,,,,,5,2:34:00,4,6:12:00,4,9:32:00,3,13:34:00,3,19:26:00,3,24:36:00,3,25:56:00,3,32:48:00,3,38:13:00,3,41:49:00,3,45:42:00,,,,,,,,,,,,,,,,,,,,,,,
,,,,,,,,,,,,,,,,,,,,,,,,,,,,,,,,,,,,,,,,,,,,,,,,,
4,"1st Solo Unlimited Man
1st Masters","Andrew McEwan

TC Ashley McEwan
TC Kobie Pierce",513,9:00, ,11:28:36,,14:59:00,,18:22:00,,22:47:00,,5:14:00,,10:45:00,,12:04:00,,19:02:00,,0:44:00,,5:31:00,,9:30:00,,,,,,,,,,,,,,,,,,,,,,,
,,,,,3,2:28:36,3,3:30:24,4,3:23:00,4,4:25:00,4,6:27:00,4,5:31:00,5,1:19:00,4,6:58:00,4,5:42:00,9,4:47:00,2,3:59:00,,,,,,,,,,,,,,,,,,,,,,,
,,,,,3,2:28:36,3,5:59:00,3,9:22:00,4,13:47:00,4,20:14:00,4,25:45:00,4,27:04:00,4,34:02:00,4,39:44:00,4,44:31:00,4,48:30:00,,,,,,,,,,,,,,,,,,,,,,,
,,,,,,,,,,,,,,,,,,,,,,,,,,,,,,,,,,,,,,,,,,,,,,,,,
5,1st Tandem Unlimited,"Brian Jones
Nate Tart

TC Dwight Tart
TC Travis Crow",3,9:00, ,11:32:08,,15:22:00,,18:48:00,,23:15:00,,6:01:00,,11:57:00,,13:16:00,,20:48:00,,3:24:00,,7:45:00,,12:46:00,,,,,,,,,,,,,,,,,,,,,,,
,,,,,4,2:32:08,5,3:49:52,5,3:26:00,5,4:27:00,6,6:46:00,6,5:56:00,6,1:19:00,5,7:32:00,5,6:36:00,5,4:21:00,4,5:01:00,,,,,,,,,,,,,,,,,,,,,,,
,,,,,4,2:32:08,5,6:22:00,5,9:48:00,5,14:15:00,5,21:01:00,5,26:57:00,6,28:16:00,5,35:48:00,5,42:24:00,5,46:45:00,5,51:46:00,,,,,,,,,,,,,,,,,,,,,,,
,,,,,,,,,,,,,,,,,,,,,,,,,,,,,,,,,,,,,,,,,,,,,,,,,
6,4th Unlimited,"Courtney Martinez
Ryan Martinez
Morgan Kohut

TC Ryan Henk
TC Joyce Henk",315,9:00, ,11:43:00,,15:38:00,,19:14:00,,0:01:00,,6:52:00,,12:58:00,,14:25:00,,22:10:00,,4:54:00,,9:01:00,,14:07:00,,,,,,,,,,,,,,,,,,,,,,,
,,,,,9,2:43:00,6,3:55:00,6,3:36:00,7,4:47:00,8,6:51:00,8,6:06:00,8,1:27:00,6,7:45:00,6,6:44:00,4,4:07:00,5,5:06:00,,,,,,,,,,,,,,,,,,,,,,,
,,,,,9,2:43:00,6,6:38:00,6,10:14:00,7,15:01:00,7,21:52:00,7,27:58:00,7,29:25:00,7,37:10:00,6,43:54:00,6,48:01:00,6,53:07:00,,,,,,,,,,,,,,,,,,,,,,,
,,,,,,,,,,,,,,,,,,,,,,,,,,,,,,,,,,,,,,,,,,,,,,,,,
7,5th Unlimited,"Andrew Davis
David Kaiser
Alex Leonard
Luke Zolnierowski
Matt Sandel

TC Jessica Davis
TC Anna Winder",1357,9:00, ,11:39:26,,15:39:00,,19:28:00,,0:18:00,,7:15:00,,13:19:00,,14:48:00,,23:08:00,,6:17:00,,10:55:00,,18:22:00,,,,,,,,,,,,,,,,,,,,,,,
,,,,,6,2:39:26,9,3:59:34,10,3:49:00,8,4:50:00,9,6:57:00,7,6:04:00,9,1:29:00,7,8:20:00,11,7:09:00,8,4:38:00,18,7:27:00,,,,,,,,,,,,,,,,,,,,,,,
,,,,,6,2:39:26,8,6:39:00,8,10:28:00,8,15:18:00,9,22:15:00,8,28:19:00,8,29:48:00,8,38:08:00,8,45:17:00,8,49:55:00,7,57:22:00,,,,,,,,,,,,,,,,,,,,,,,
,,,,,,,,,,,,,,,,,,,,,,,,,,,,,,,,,,,,,,,,,,,,,,,,,
8,2nd Tandem Unlimited,"James Lowe
David Earnest

TC Cole Carter
TC Avery Carter",2424,9:00, ,11:42:00,,15:38:00,,19:14:00,,23:58:00,,6:40:00,,12:18:00,,13:11:00,,21:53:00,,4:58:00,,10:32:00,,20:38:00,,,,,,,,,,,,,,,,,,,,,,,
,,,,,7,2:42:00,7,3:56:00,6,3:36:00,6,4:44:00,5,6:42:00,5,5:38:00,1,0:53:00,10,8:42:00,10,7:05:00,17,5:34:00,36,10:06:00,,,,,,,,,,,,,,,,,,,,,,,
,,,,,7,2:42:00,6,6:38:00,6,10:14:00,6,14:58:00,6,21:40:00,6,27:18:00,5,28:11:00,6,36:53:00,7,43:58:00,7,49:32:00,8,59:38:00,,,,,,,,,,,,,,,,,,,,,,,
,,,,,,,,,,,,,,,,,,,,,,,,,,,,,,,,,,,,,,,,,,,,,,,,,
9,"1st Mixed Tandem Unlimited
1st Adult Youth","Holly Orr
William Orr

TC Andrew Nelson
TC Stahl Urban",357,9:00, ,12:00:00,,16:20:00,,20:24:00,,1:52:00,,9:44:00,,16:53:00,,19:02:00,,7:23:00,,14:56:00,,19:32:00,,1:16:00,,,,,,,,,,,,,,,,,,,,,,,
,,,,,21,3:00:00,18,4:20:00,22,4:04:00,25,5:28:00,24,7:52:00,23,7:09:00,45,2:09:00,34,12:21:00,15,7:33:00,7,4:36:00,8,5:44:00,,,,,,,,,,,,,,,,,,,,,,,
,,,,,21,3:00:00,21,7:20:00,20,11:24:00,18,16:52:00,21,24:44:00,23,31:53:00,23,34:02:00,23,46:23:00,23,53:56:00,22,58:32:00,9,64:16:00,,,,,,,,,,,,,,,,,,,,,,,
,,,,,,,,,,,,,,,,,,,,,,,,,,,,,,,,,,,,,,,,,,,,,,,,,
10,1st Aluminum,"Joe Geisinger
Libby Geisinger

TC Curt Slaten
TC Mike Drost",54,9:00, ,12:13:00,,16:44:00,,20:51:00,,2:19:00,,10:06:00,,16:43:00,,18:26:00,,3:59:00,,10:56:00,,15:27:00,,1:54:00,,,,,,,,,,,,,,,,,,,,,,,
,,,,,30,3:13:00,28,4:31:00,25,4:07:00,24,5:28:00,23,7:47:00,15,6:37:00,21,1:43:00,14,9:33:00,7,6:57:00,6,4:31:00,41,10:27:00,,,,,,,,,,,,,,,,,,,,,,,
,,,,,30,3:13:00,28,7:44:00,26,11:51:00,25,17:19:00,25,25:06:00,20,31:43:00,20,33:26:00,16,42:59:00,15,49:56:00,12,54:27:00,10,64:54:00,,,,,,,,,,,,,,,,,,,,,,,
,,,,,,,,,,,,,,,,,,,,,,,,,,,,,,,,,,,,,,,,,,,,,,,,,
11,1st Solo Unlimited Woman,"Salli O'Donnell

TC Mike Malone
TC Joe Frohock",5353,9:00, ,11:52:00,,16:09:00,,20:05:00,,1:18:00,,8:44:00,,15:16:00,,16:48:00,,4:00:00,,10:57:00,,16:00:00,,2:46:00,,,,,,,,,,,,,,,,,,,,,,,
,,,,,13,2:52:00,17,4:17:00,15,3:56:00,17,5:13:00,18,7:26:00,10,6:32:00,10,1:32:00,28,11:12:00,7,6:57:00,11,5:03:00,43,10:46:00,,,,,,,,,,,,,,,,,,,,,,,
,,,,,13,2:52:00,16,7:09:00,16,11:05:00,15,16:18:00,16,23:44:00,14,30:16:00,14,31:48:00,17,43:00:00,16,49:57:00,14,55:00:00,11,65:46:00,,,,,,,,,,,,,,,,,,,,,,,
,,,,,,,,,,,,,,,,,,,,,,,,,,,,,,,,,,,,,,,,,,,,,,,,,
12,2nd Solo Unlimited Man,"Adam Sims

TC Brent Townsend
TC Jason Smith",42,9:00, ,11:54:00,,16:05:00,,19:55:00,,1:01:00,,8:11:00,,14:58:00,,16:40:00,,1:17:00,,9:00:00,,16:32:00,,3:00:00,,,,,,,,,,,,,,,,,,,,,,,
,,,,,15,2:54:00,13,4:11:00,12,3:50:00,13,5:06:00,11,7:10:00,17,6:47:00,19,1:42:00,9,8:37:00,18,7:43:00,51,7:32:00,42,10:28:00,,,,,,,,,,,,,,,,,,,,,,,
,,,,,15,2:54:00,13,7:05:00,12,10:55:00,13,16:01:00,11,23:11:00,12,29:58:00,12,31:40:00,10,40:17:00,10,48:00:00,16,55:32:00,12,66:00:00,,,,,,,,,,,,,,,,,,,,,,,
,,,,,,,,,,,,,,,,,,,,,,,,,,,,,,,,,,,,,,,,,,,,,,,,,
13,2nd Mixed Tandem Unlimited,"Brenda Jones
Keifer Mauldin

TC Tonya Jones
TC Brittany Mauldin
",5961,9:00, ,11:53:00,,16:03:00,,20:04:00,,2:13:00,,9:29:00,,16:26:00,,18:06:00,,6:19:00,,14:11:00,,20:14:00,,4:45:00,,,,,,,,,,,,,,,,,,,,,,,
,,,,,14,2:53:00,12,4:10:00,18,4:01:00,38,6:09:00,14,7:16:00,19,6:57:00,18,1:40:00,33,12:13:00,23,7:52:00,28,6:03:00,29,8:31:00,,,,,,,,,,,,,,,,,,,,,,,
,,,,,14,2:53:00,12,7:03:00,15,11:04:00,23,17:13:00,19,24:29:00,19,31:26:00,18,33:06:00,21,45:19:00,21,53:11:00,23,59:14:00,13,67:45:00,,,,,,,,,,,,,,,,,,,,,,,
,,,,,,,,,,,,,,,,,,,,,,,,,,,,,,,,,,,,,,,,,,,,,,,,,
14,1st USCA C-2,"Brandon Stafford
Bill Stafford

TC Joseph Bitterly
TC Wade Stafford",30,9:00, ,12:04:00,,16:28:00,,20:30:00,,1:56:00,,9:25:00,,16:21:00,,18:12:00,,3:51:00,,11:46:00,,16:52:00,,4:47:00,,,,,,,,,,,,,,,,,,,,,,,
,,,,,24,3:04:00,21,4:24:00,19,4:02:00,22,5:26:00,20,7:29:00,18,6:56:00,27,1:51:00,15,9:39:00,25,7:55:00,12,5:06:00,50,11:55:00,,,,,,,,,,,,,,,,,,,,,,,
,,,,,24,3:04:00,22,7:28:00,22,11:30:00,19,16:56:00,17,24:25:00,18,31:21:00,19,33:12:00,15,42:51:00,17,50:46:00,17,55:52:00,14,67:47:00,,,,,,,,,,,,,,,,,,,,,,,
,,,,,,,,,,,,,,,,,,,,,,,,,,,,,,,,,,,,,,,,,,,,,,,,,
15,2nd USCA C-2,"Joshua Hulin
Susannah Hulin

TC Priscilla Hulin
TC Cherith Hendrich",56,9:00, ,12:10:00,,16:39:00,,21:22:00,,2:40:00,,11:38:00,,19:02:00,,20:40:00,,8:09:00,,16:10:00,,21:58:00,,5:12:00,,,,,,,,,,,,,,,,,,,,,,,
,,,,,28,3:10:00,24,4:29:00,40,4:43:00,19,5:18:00,43,8:58:00,25,7:24:00,12,1:38:00,29,11:29:00,26,8:01:00,22,5:48:00,15,7:14:00,,,,,,,,,,,,,,,,,,,,,,,
,,,,,28,3:10:00,25,7:39:00,33,12:22:00,29,17:40:00,29,26:38:00,27,34:02:00,27,35:40:00,24,47:09:00,26,55:10:00,25,60:58:00,15,68:12:00,,,,,,,,,,,,,,,,,,,,,,,
,,,,,,,,,,,,,,,,,,,,,,,,,,,,,,,,,,,,,,,,,,,,,,,,,
16,1st Standard,"Chris Champion
Wendell Smith

TC Mark Miller
TC Aaron Timmins",880,9:00, ,12:11:00,,16:42:00,,20:46:00,,2:09:00,,9:52:00,,17:08:00,,19:07:00,,4:55:00,,12:13:00,,17:26:00,,5:48:00,,,,,,,,,,,,,,,,,,,,,,,
,,,,,29,3:11:00,26,4:31:00,20,4:04:00,20,5:23:00,22,7:43:00,24,7:16:00,34,1:59:00,17,9:48:00,13,7:18:00,13,5:13:00,53,12:22:00,,,,,,,,,,,,,,,,,,,,,,,
,,,,,29,3:11:00,27,7:42:00,25,11:46:00,22,17:09:00,24,24:52:00,24,32:08:00,24,34:07:00,19,43:55:00,19,51:13:00,18,56:26:00,16,68:48:00,,,,,,,,,,,,,,,,,,,,,,,
,,,,,,,,,,,,,,,,,,,,,,,,,,,,,,,,,,,,,,,,,,,,,,,,,
17,3rd Solo Unlimited Man,"Brady Lotz

TC Charlene Lotz
TC Charles Cox",66,9:00, ,12:05:00,,16:30:00,,20:43:00,,2:08:00,,10:20:00,,18:27:00,,20:32:00,,8:09:00,,16:01:00,,21:27:00,,5:52:00,,,,,,,,,,,,,,,,,,,,,,,
,,,,,26,3:05:00,22,4:25:00,28,4:13:00,21,5:25:00,27,8:12:00,36,8:07:00,41,2:05:00,30,11:37:00,22,7:52:00,15,5:26:00,28,8:25:00,,,,,,,,,,,,,,,,,,,,,,,
,,,,,26,3:05:00,23,7:30:00,24,11:43:00,20,17:08:00,26,25:20:00,26,33:27:00,26,35:32:00,25,47:09:00,24,55:01:00,24,60:27:00,17,68:52:00,,,,,,,,,,,,,,,,,,,,,,,
,,,,,,,,,,,,,,,,,,,,,,,,,,,,,,,,,,,,,,,,,,,,,,,,,
18,5th Unlimited,"Daniel Currey
Derrick Lee
Greg Frank
Austin Bodin

TC Miranda Wait
TC Heather Toombs",667,9:00, ,12:16:00,,16:53:00,,21:07:00,,3:05:00,,11:46:00,,20:17:00,,22:19:00,,8:30:00,,16:08:00,,23:34:00,,7:00:00,,,,,,,,,,,,,,,,,,,,,,,
,,,,,32,3:16:00,31,4:37:00,30,4:14:00,33,5:58:00,35,8:41:00,41,8:31:00,36,2:02:00,18,10:11:00,16,7:38:00,50,7:26:00,17,7:26:00,,,,,,,,,,,,,,,,,,,,,,,
,,,,,32,3:16:00,34,7:53:00,31,12:07:00,32,18:05:00,30,26:46:00,31,35:17:00,31,37:19:00,26,47:30:00,25,55:08:00,27,62:34:00,18,70:00:00,,,,,,,,,,,,,,,,,,,,,,,
,,,,,,,,,,,,,,,,,,,,,,,,,,,,,,,,,,,,,,,,,,,,,,,,,
19,6th Unlimited,"John Mark Harrasw
Darren Dodd - out @ Wooden Bridge
John Dupont
Garret Jones
Jimmy MacMillan
Matt Wagner

TC Jason Jones
TC Patty Dodd",807,9:00, ,11:43:00,,15:42:00,,19:29:00,,0:25:00,,7:14:00,,13:26:00,,15:06:00,,0:27:00,,8:12:00,,13:59:00,,7:15:00,,,,,,,,,,,,,,,,,,,,,,,
,,,,,9,2:43:00,8,3:59:00,9,3:47:00,9,4:56:00,7,6:49:00,9,6:12:00,16,1:40:00,13,9:21:00,19,7:45:00,21,5:47:00,64,17:16:00,,,,,,,,,,,,,,,,,,,,,,,
,,,,,9,2:43:00,9,6:42:00,9,10:29:00,9,15:25:00,8,22:14:00,9,28:26:00,9,30:06:00,9,39:27:00,9,47:12:00,9,52:59:00,19,70:15:00,,,,,,,,,,,,,,,,,,,,,,,
,,,,,,,,,,,,,,,,,,,,,,,,,,,,,,,,,,,,,,,,,,,,,,,,,
20,2nd Aluminum,"Stephen Beck
Andy Armendariz

TC Kendra Alaniz
TC Roman Manzano",4747,9:00, ,12:27:00,,17:18:00,,21:38:00,,3:33:00,,12:12:00,,19:53:00,,21:59:00,,10:50:00,,18:36:00,,24:25:00,,7:30:00,,,,,,,,,,,,,,,,,,,,,,,
,,,,,43,3:27:00,39,4:51:00,33,4:20:00,32,5:55:00,33,8:39:00,29,7:41:00,42,2:06:00,39,12:51:00,20,7:46:00,23,5:49:00,13,7:05:00,,,,,,,,,,,,,,,,,,,,,,,
,,,,,43,3:27:00,36,8:18:00,34,12:38:00,34,18:33:00,32,27:12:00,28,34:53:00,28,36:59:00,31,49:50:00,29,57:36:00,29,63:25:00,20,70:30:00,,,,,,,,,,,,,,,,,,,,,,,
,,,,,,,,,,,,,,,,,,,,,,,,,,,,,,,,,,,,,,,,,,,,,,,,,
21,3rd USCA C-2,"Joe Mann
John Bugge

TC Jennifer Bugge
TC Megan Yeager",1345,9:00, ,12:19:00,,16:50:00,,21:03:00,,2:16:00,,9:30:00,,16:09:00,,17:56:00,,2:49:00,,9:59:00,,15:35:00,,7:56:00,,,,,,,,,,,,,,,,,,,,,,,
,,,,,34,3:19:00,26,4:31:00,29,4:13:00,16,5:13:00,12,7:14:00,16,6:39:00,24,1:47:00,12,8:53:00,12,7:10:00,18,5:36:00,62,16:21:00,,,,,,,,,,,,,,,,,,,,,,,
,,,,,34,3:19:00,32,7:50:00,28,12:03:00,24,17:16:00,20,24:30:00,17,31:09:00,17,32:56:00,14,41:49:00,13,48:59:00,13,54:35:00,21,70:56:00,,,,,,,,,,,,,,,,,,,,,,,
,,,,,,,,,,,,,,,,,,,,,,,,,,,,,,,,,,,,,,,,,,,,,,,,,
22,3rd Mixed Tandem Unlimited,"Vance Sherrod
Sam Binion

TC Sandy Sherrod
TC Shannon Merritt",216,9:00, ,11:59:00,,16:19:00,,20:15:00,,1:14:00,,8:42:00,,15:16:00,,16:55:00,,1:22:00,,9:30:00,,15:25:00,,9:43:00,,,,,,,,,,,,,,,,,,,,,,,
,,,,,20,2:59:00,19,4:20:00,15,3:56:00,10,4:59:00,19,7:28:00,11,6:34:00,14,1:39:00,8,8:27:00,28,8:08:00,25,5:55:00,65,18:18:00,,,,,,,,,,,,,,,,,,,,,,,
,,,,,20,2:59:00,20,7:19:00,18,11:15:00,14,16:14:00,14,23:42:00,14,30:16:00,15,31:55:00,11,40:22:00,12,48:30:00,11,54:25:00,22,72:43:00,,,,,,,,,,,,,,,,,,,,,,,
,,,,,,,,,,,,,,,,,,,,,,,,,,,,,,,,,,,,,,,,,,,,,,,,,
23,4th Solo Unlimited Man,"Joel Truitt

TC Bill McCanse
TC Gwen Hills",15,9:00, ,11:57:00,,16:06:00,,19:55:00,,0:57:00,,8:12:00,,14:47:00,,16:37:00,,6:55:00,,14:22:00,,19:24:00,,9:45:00,,,,,,,,,,,,,,,,,,,,,,,
,,,,,19,2:57:00,11,4:09:00,11,3:49:00,11,5:02:00,13,7:15:00,14,6:35:00,26,1:50:00,59,14:18:00,14,7:27:00,10,5:02:00,59,14:21:00,,,,,,,,,,,,,,,,,,,,,,,
,,,,,19,2:57:00,14,7:06:00,12,10:55:00,12,15:57:00,12,23:12:00,11,29:47:00,11,31:37:00,22,45:55:00,22,53:22:00,21,58:24:00,23,72:45:00,,,,,,,,,,,,,,,,,,,,,,,
,,,,,,,,,,,,,,,,,,,,,,,,,,,,,,,,,,,,,,,,,,,,,,,,,
24,1st Novice,"Trent Lowry
Bren Rose

TC Ryan Lowry
TC John Rose",777,9:00, ,12:36:00,,17:37:00,,22:16:00,,4:36:00,,13:25:00,,21:00:00,,22:52:00,,9:20:00,,17:28:00,,23:40:00,,9:58:00,,,,,,,,,,,,,,,,,,,,,,,
,,,,,58,3:36:00,46,5:01:00,38,4:39:00,41,6:20:00,38,8:49:00,27,7:35:00,28,1:52:00,20,10:28:00,28,8:08:00,33,6:12:00,38,10:18:00,,,,,,,,,,,,,,,,,,,,,,,
,,,,,58,3:36:00,47,8:37:00,41,13:16:00,41,19:36:00,40,28:25:00,33,36:00:00,33,37:52:00,29,48:20:00,28,56:28:00,28,62:40:00,24,72:58:00,,,,,,,,,,,,,,,,,,,,,,,
,,,,,,,,,,,,,,,,,,,,,,,,,,,,,,,,,,,,,,,,,,,,,,,,,
25,4th Mixed Tandem Unlimited,"Heather Harrison
Cameron Harrison

TC Veronica Sosa
TC Jake Aziz",333,9:00, ,12:04:00,,16:38:00,,20:42:00,,2:08:00,,9:45:00,,16:48:00,,18:35:00,,4:18:00,,12:09:00,,17:34:00,,10:11:00,,,,,,,,,,,,,,,,,,,,,,,
,,,,,24,3:04:00,29,4:34:00,20,4:04:00,22,5:26:00,21,7:37:00,22,7:03:00,23,1:47:00,16,9:43:00,21,7:51:00,14,5:25:00,63,16:37:00,,,,,,,,,,,,,,,,,,,,,,,
,,,,,24,3:04:00,24,7:38:00,23,11:42:00,20,17:08:00,22,24:45:00,22,31:48:00,21,33:35:00,18,43:18:00,18,51:09:00,19,56:34:00,25,73:11:00,,,,,,,,,,,,,,,,,,,,,,,
,,,,,,,,,,,,,,,,,,,,,,,,,,,,,,,,,,,,,,,,,,,,,,,,,
26,3rd Aluminum,"Mollie Binion
Pete Binion

TC Wade Binion
TC Megan Toliver",8,9:00, ,12:36:00,,17:22:00,,21:58:00,,4:01:00,,12:15:00,,20:05:00,,22:04:00,,12:57:00,,21:40:00,,3:40:00,,10:26:00,,,,,,,,,,,,,,,,,,,,,,,
,,,,,58,3:36:00,34,4:46:00,36,4:36:00,36,6:03:00,28,8:14:00,32,7:50:00,34,1:59:00,65,14:53:00,36,8:43:00,27,6:00:00,10,6:46:00,,,,,,,,,,,,,,,,,,,,,,,
,,,,,58,3:36:00,42,8:22:00,36,12:58:00,36,19:01:00,33,27:15:00,29,35:05:00,29,37:04:00,36,51:57:00,34,60:40:00,30,66:40:00,26,73:26:00,,,,,,,,,,,,,,,,,,,,,,,
,,,,,,,,,,,,,,,,,,,,,,,,,,,,,,,,,,,,,,,,,,,,,,,,,
27,2nd Novice,"Ryan Hebrink
Michael Watson

TC Claire McCullen
TC Steve Watson",5755,9:00, ,12:34:00,,17:53:00,,23:17:00,,6:06:00,,14:40:00,,22:18:00,,23:56:00,,11:35:00,,20:23:00,,3:40:00,,10:29:00,,,,,,,,,,,,,,,,,,,,,,,
,,,,,52,3:34:00,61,5:19:00,62,5:24:00,51,6:49:00,31,8:34:00,28,7:38:00,12,1:38:00,31,11:39:00,37,8:48:00,46,7:17:00,11,6:49:00,,,,,,,,,,,,,,,,,,,,,,,
,,,,,52,3:34:00,59,8:53:00,61,14:17:00,52,21:06:00,48,29:40:00,41,37:18:00,36,38:56:00,33,50:35:00,32,59:23:00,30,66:40:00,27,73:29:00,,,,,,,,,,,,,,,,,,,,,,,
,,,,,,,,,,,,,,,,,,,,,,,,,,,,,,,,,,,,,,,,,,,,,,,,,
28,3rd Tandem Unlimited,"West Hansen
Jeff Wueste

TC Barbara Edington
TC Lizet Alaniz",1901,9:00, ,11:45:00,,15:56:00,,19:47:00,,0:53:00,,8:13:00,,15:15:00,,16:47:00,,1:30:00,,9:11:00,,14:53:00,,10:35:00,,,,,,,,,,,,,,,,,,,,,,,
,,,,,11,2:45:00,14,4:11:00,13,3:51:00,13,5:06:00,15,7:20:00,21,7:02:00,11,1:32:00,11,8:43:00,17,7:41:00,19,5:42:00,69,19:42:00,,,,,,,,,,,,,,,,,,,,,,,
,,,,,11,2:45:00,11,6:56:00,11,10:47:00,11,15:53:00,13,23:13:00,13,30:15:00,13,31:47:00,12,40:30:00,11,48:11:00,10,53:53:00,28,73:35:00,,,,,,,,,,,,,,,,,,,,,,,
,,,,,,,,,,,,,,,,,,,,,,,,,,,,,,,,,,,,,,,,,,,,,,,,,
29,3rd Novice,"Craig Ahlhorn
Luis Briones

TC Sandra Ahlhorrn
TC Kevin Rumbaugh",482,9:00, ,12:27:00,,17:37:00,,22:12:00,,5:02:00,,14:13:00,,22:36:00,,0:20:00,,10:52:00,,18:57:00,,3:53:00,,10:36:00,,,,,,,,,,,,,,,,,,,,,,,
,,,,,43,3:27:00,54,5:10:00,35,4:35:00,53,6:50:00,48,9:11:00,40,8:23:00,22,1:44:00,22,10:32:00,27,8:05:00,63,8:56:00,9,6:43:00,,,,,,,,,,,,,,,,,,,,,,,
,,,,,43,3:27:00,47,8:37:00,39,13:12:00,46,20:02:00,44,29:13:00,42,37:36:00,37,39:20:00,32,49:52:00,30,57:57:00,33,66:53:00,29,73:36:00,,,,,,,,,,,,,,,,,,,,,,,
,,,,,,,,,,,,,,,,,,,,,,,,,,,,,,,,,,,,,,,,,,,,,,,,,
30,7th Unlimited,"Myla Weber
Jim Weber
Edoh Y Amiran
Bobby Smart
Luke Parker

TC Cayla Weber
TC Noel Shaver",34,9:00, ,11:42:00,,15:46:00,,19:31:00,,0:35:00,,7:33:00,,14:08:00,,15:48:00,,2:31:00,,10:25:00,,16:29:00,,10:52:00,,,,,,,,,,,,,,,,,,,,,,,
,,,,,7,2:42:00,10,4:04:00,8,3:45:00,12,5:04:00,10,6:58:00,13,6:35:00,16,1:40:00,23,10:43:00,24,7:54:00,30,6:04:00,66,18:23:00,,,,,,,,,,,,,,,,,,,,,,,
,,,,,7,2:42:00,10,6:46:00,10,10:31:00,10,15:35:00,10,22:33:00,10,29:08:00,10,30:48:00,13,41:31:00,14,49:25:00,15,55:29:00,30,73:52:00,,,,,,,,,,,,,,,,,,,,,,,
,,,,,,,,,,,,,,,,,,,,,,,,,,,,,,,,,,,,,,,,,,,,,,,,,
31,4th Tandem Unlimited,"Matt Taylor
Myles Sumerlin

TC John Chapman",7770,9:00, ,12:20:00,,17:30:00,,22:18:00,,4:33:00,,12:59:00,,21:01:00,,22:54:00,,10:48:00,,19:31:00,,5:03:00,,12:54:00,,,,,,,,,,,,,,,,,,,,,,,
,,,,,37,3:20:00,52,5:10:00,43,4:48:00,40,6:15:00,30,8:26:00,35,8:02:00,29,1:53:00,32,11:54:00,35,8:43:00,68,9:32:00,24,7:51:00,,,,,,,,,,,,,,,,,,,,,,,
,,,,,37,3:20:00,44,8:30:00,43,13:18:00,40,19:33:00,36,27:59:00,34,36:01:00,34,37:54:00,30,49:48:00,31,58:31:00,34,68:03:00,31,75:54:00,,,,,,,,,,,,,,,,,,,,,,,
,,,,,,,,,,,,,,,,,,,,,,,,,,,,,,,,,,,,,,,,,,,,,,,,,
32,8th Unlimited,"Debbie Richardson
Steve Daniel
John Murphy
James Green
Pam LeBlanc - out @ Cuero 72

TC Stephanie Martinez
TC Kim Jones",5,9:00, ,12:19:00,,16:48:00,,20:53:00,,2:23:00,,9:48:00,,16:47:00,,18:43:00,,5:40:00,,12:45:00,,18:55:00,,13:54:00,,,,,,,,,,,,,,,,,,,,,,,
,,,,,34,3:19:00,25,4:29:00,23,4:05:00,27,5:30:00,17,7:25:00,20,6:59:00,31,1:56:00,26,10:57:00,9,7:05:00,32,6:10:00,68,18:59:00,,,,,,,,,,,,,,,,,,,,,,,
,,,,,34,3:19:00,29,7:48:00,27,11:53:00,26,17:23:00,23,24:48:00,21,31:47:00,22,33:43:00,20,44:40:00,20,51:45:00,20,57:55:00,32,76:54:00,,,,,,,,,,,,,,,,,,,,,,,
,,,,,,,,,,,,,,,,,,,,,,,,,,,,,,,,,,,,,,,,,,,,,,,,,
33,9th Unlimited,"Shawn Melnar
Dylan Melnar
Mason Melnar
John Gutierrez

TC Sharon Melnar
TC Kaitlin Schererr",7,9:00, ,12:29:00,,17:17:00,,21:55:00,,3:48:00,,12:34:00,,20:25:00,,22:18:00,,12:08:00,,21:01:00,,3:44:00,,14:08:00,,,,,,,,,,,,,,,,,,,,,,,
,,,,,47,3:29:00,35,4:48:00,37,4:38:00,31,5:53:00,37,8:46:00,33,7:51:00,29,1:53:00,58,13:50:00,39,8:53:00,40,6:43:00,40,10:24:00,,,,,,,,,,,,,,,,,,,,,,,
,,,,,47,3:29:00,35,8:17:00,35,12:55:00,35,18:48:00,35,27:34:00,32,35:25:00,30,37:18:00,35,51:08:00,33,60:01:00,32,66:44:00,33,77:08:00,,,,,,,,,,,,,,,,,,,,,,,
,,,,,,,,,,,,,,,,,,,,,,,,,,,,,,,,,,,,,,,,,,,,,,,,,
34,1st Unlimited Women,"Kim Kaiser
Katie Bee

TC Edward Rodriguez
TC Peter Oden",888,9:00, ,12:29:00,,17:18:00,,22:04:00,,4:39:00,,14:05:00,,21:54:00,,0:35:00,,14:20:00,,23:11:00,,6:55:00,,14:38:00,,,,,,,,,,,,,,,,,,,,,,,
,,,,,47,3:29:00,36,4:49:00,42,4:46:00,45,6:35:00,52,9:26:00,31,7:49:00,71,2:41:00,54,13:45:00,38,8:51:00,54,7:44:00,23,7:43:00,,,,,,,,,,,,,,,,,,,,,,,
,,,,,47,3:29:00,36,8:18:00,37,13:04:00,42,19:39:00,43,29:05:00,37,36:54:00,40,39:35:00,39,53:20:00,35,62:11:00,37,69:55:00,34,77:38:00,,,,,,,,,,,,,,,,,,,,,,,
,,,,,,,,,,,,,,,,,,,,,,,,,,,,,,,,,,,,,,,,,,,,,,,,,
35,10th Unlimited,"Joe Hunt
Stacy Greer
J Phil Phillips

TC Patty Hunt
TC Michelle Greer",1775,9:00, ,12:26:00,,17:20:00,,22:16:00,,4:18:00,,13:26:00,,2:21:00,,4:09:00,,14:54:00,,23:35:00,,7:10:00,,15:31:00,,,,,,,,,,,,,,,,,,,,,,,
,,,,,41,3:26:00,41,4:54:00,49,4:56:00,34,6:02:00,45,9:08:00,81,12:55:00,25,1:48:00,24,10:45:00,34,8:41:00,53,7:35:00,27,8:21:00,,,,,,,,,,,,,,,,,,,,,,,
,,,,,41,3:26:00,40,8:20:00,41,13:16:00,38,19:18:00,41,28:26:00,49,41:21:00,45,43:09:00,41,53:54:00,38,62:35:00,38,70:10:00,35,78:31:00,,,,,,,,,,,,,,,,,,,,,,,
,,,,,,,,,,,,,,,,,,,,,,,,,,,,,,,,,,,,,,,,,,,,,,,,,
36,5th Solo Unlimited Man,"Paul Glisson

TC Emily Addlesperger
TC Ryan Lawler",1004,9:00, ,12:02:00,,16:52:00,,21:03:00,,2:45:00,,11:23:00,,2:00:00,,4:12:00,,17:03:00,,1:22:00,,8:10:00,,16:52:00,,,,,,,,,,,,,,,,,,,,,,,
,,,,,23,3:02:00,37,4:50:00,26,4:11:00,29,5:42:00,32,8:38:00,87,14:37:00,47,2:12:00,39,12:51:00,31,8:19:00,41,6:48:00,31,8:42:00,,,,,,,,,,,,,,,,,,,,,,,
,,,,,23,3:02:00,33,7:52:00,28,12:03:00,30,17:45:00,28,26:23:00,48,41:00:00,46,43:12:00,45,56:03:00,42,64:22:00,40,71:10:00,36,79:52:00,,,,,,,,,,,,,,,,,,,,,,,
,,,,,,,,,,,,,,,,,,,,,,,,,,,,,,,,,,,,,,,,,,,,,,,,,
37,11th Unlimited,"Gino Piamonte
Spiro Pappas
Christopher Artigues

TC Hayley Hadlock
TC Tyler Sevcik
",310,9:00, ,12:34:00,,17:40:00,,22:29:00,,4:41:00,,13:40:00,,22:15:00,,1:12:00,,14:23:00,,23:22:00,,6:22:00,,17:27:00,,,,,,,,,,,,,,,,,,,,,,,
,,,,,52,3:34:00,49,5:06:00,45,4:49:00,39,6:12:00,44,8:59:00,43,8:35:00,77,2:57:00,46,13:11:00,40,8:59:00,43,7:00:00,46,11:05:00,,,,,,,,,,,,,,,,,,,,,,,
,,,,,52,3:34:00,49,8:40:00,46,13:29:00,43,19:41:00,42,28:40:00,40,37:15:00,42,40:12:00,40,53:23:00,37,62:22:00,36,69:22:00,37,80:27:00,,,,,,,,,,,,,,,,,,,,,,,
,,,,,,,,,,,,,,,,,,,,,,,,,,,,,,,,,,,,,,,,,,,,,,,,,
38,4th Aluminum,"Micah Wheeler
Omar Rivera

TC Gomer Gross
TC Paul Wheeler",76,9:00, ,12:33:00,,17:45:00,,22:59:00,,5:44:00,,14:25:00,,22:47:00,,0:57:00,,14:01:00,,0:35:00,,7:56:00,,17:46:00,,,,,,,,,,,,,,,,,,,,,,,
,,,,,51,3:33:00,56,5:12:00,58,5:14:00,49,6:45:00,34,8:41:00,38,8:22:00,46,2:10:00,43,13:04:00,51,10:34:00,48,7:21:00,35,9:50:00,,,,,,,,,,,,,,,,,,,,,,,
,,,,,51,3:33:00,54,8:45:00,54,13:59:00,48,20:44:00,45,29:25:00,43,37:47:00,41,39:57:00,38,53:01:00,40,63:35:00,39,70:56:00,38,80:46:00,,,,,,,,,,,,,,,,,,,,,,,
,,,,,,,,,,,,,,,,,,,,,,,,,,,,,,,,,,,,,,,,,,,,,,,,,
39,4th USCA C-2,"Paul Pape
Mike Howard

TC Jennifer Keirnan
TC Amber Howard",1973,9:00, ,12:39:00,,17:43:00,,23:28:00,,6:10:00,,17:28:00,,4:25:00,,6:39:00,,17:31:00,,1:48:00,,9:33:00,,18:08:00,,,,,,,,,,,,,,,,,,,,,,,
,,,,,62,3:39:00,48,5:04:00,71,5:45:00,46,6:42:00,72,11:18:00,63,10:57:00,49,2:14:00,25,10:52:00,30,8:17:00,55,7:45:00,30,8:35:00,,,,,,,,,,,,,,,,,,,,,,,
,,,,,62,3:39:00,52,8:43:00,63,14:28:00,53,21:10:00,60,32:28:00,57,43:25:00,53,45:39:00,46,56:31:00,43,64:48:00,42,72:33:00,39,81:08:00,,,,,,,,,,,,,,,,,,,,,,,
,,,,,,,,,,,,,,,,,,,,,,,,,,,,,,,,,,,,,,,,,,,,,,,,,
40,4th Novice,"Andrew Hurst
Garrett Hurst

TC Eden Hurst
TC Ralph Hurst",832,9:00, ,12:22:00,,17:21:00,,22:13:00,,4:57:00,,14:47:00,,22:13:00,,0:25:00,,15:04:00,,3:24:00,,9:32:00,,18:37:00,,,,,,,,,,,,,,,,,,,,,,,
,,,,,38,3:22:00,44,4:59:00,46,4:52:00,48,6:44:00,57,9:50:00,26,7:26:00,48,2:12:00,63,14:39:00,67,12:20:00,31,6:08:00,34,9:05:00,,,,,,,,,,,,,,,,,,,,,,,
,,,,,38,3:22:00,41,8:21:00,40,13:13:00,45,19:57:00,50,29:47:00,39,37:13:00,38,39:25:00,43,54:04:00,45,66:24:00,41,72:32:00,40,81:37:00,,,,,,,,,,,,,,,,,,,,,,,
,,,,,,,,,,,,,,,,,,,,,,,,,,,,,,,,,,,,,,,,,,,,,,,,,
41,12th Unlimited,"Mike Smith
Trab Seyn
John Moore

TC Irene Moore
TC Jill Ann Karp Mulder",963,9:00, ,12:01:00,,16:41:00,,22:43:00,,7:02:00,,16:12:00,,1:51:00,,3:49,,14:56:00,,23:18:00,,5:41:00,,20:58:00,,,,,,,,,,,,,,,,,,,,,,,
,,,,,22,3:01:00,33,4:40:00,77,6:02:00,71,8:19:00,47,9:10:00,53,9:39:00,33,1:58:00,27,11:07:00,33,8:22:00,37,6:23:00,61,15:17:00,,,,,,,,,,,,,,,,,,,,,,,
,,,,,22,3:01:00,26,7:41:00,47,13:43:00,62,22:02:00,57,31:12:00,47,40:51:00,43,42:49:00,42,53:56:00,36,62:18:00,35,68:41:00,41,83:58:00,,,,,,,,,,,,,,,,,,,,,,,
,,,,,,,,,,,,,,,,,,,,,,,,,,,,,,,,,,,,,,,,,,,,,,,,,
42,13th Unlimited,"Timothy Odom
Clint Sutherland
Seth Hensarling

TC Kristi Odom
TC Katie Hensarling",789,9:00, ,12:35:00,,18:09:00,,23:29:00,,6:15:00,,15:58:00,,2:50:00,,5:07:00,,20:39:00,,7:42:00,,13:36:00,,21:09:00,,,,,,,,,,,,,,,,,,,,,,,
,,,,,55,3:35:00,75,5:34:00,59,5:20:00,50,6:46:00,55,9:43:00,61,10:52:00,50,2:17:00,70,15:32:00,54,11:03:00,24,5:54:00,21,7:33:00,,,,,,,,,,,,,,,,,,,,,,,
,,,,,55,3:35:00,63,9:09:00,64,14:29:00,55,21:15:00,53,30:58:00,51,41:50:00,49,44:07:00,51,59:39:00,51,70:42:00,46,76:36:00,42,84:09:00,,,,,,,,,,,,,,,,,,,,,,,
,,,,,,,,,,,,,,,,,,,,,,,,,,,,,,,,,,,,,,,,,,,,,,,,,
43,5th Mixed Tandem Unlimited,"Spencer Fuller
Janae Fuller

TC Tommy Duran
TC Myah Runyan",514,9:00, ,12:35:00,,17:35:00,,22:23:00,,6:27:00,,15:21:00,,4:21:00,,6:26:00,,16:58:00,,5:52:00,,15:30:00,,21:10:00,,,,,,,,,,,,,,,,,,,,,,,
,,,,,55,3:35:00,45,5:00:00,43,4:48:00,69,8:04:00,39,8:54:00,82,13:00:00,40,2:05:00,21,10:32:00,70,12:54:00,70,9:38:00,7,5:40:00,,,,,,,,,,,,,,,,,,,,,,,
,,,,,55,3:35:00,46,8:35:00,44,13:23:00,58,21:27:00,51,30:21:00,56,43:21:00,52,45:26:00,44,55:58:00,50,68:52:00,50,78:30:00,43,84:10:00,,,,,,,,,,,,,,,,,,,,,,,
,,,,,,,,,,,,,,,,,,,,,,,,,,,,,,,,,,,,,,,,,,,,,,,,,
44,6th Mixed Tandem Unlimited,"Phil Gumbert
Mary Jo Gumbert

TC Al Gumbert
TC Kevin Olds",233,9:00, ,12:09:00,,16:48:00,,21:06:00,,2:23:00,,10:24:00,,18:07:00,,19:50:00,,9:10:00,,5:21:00,,13:57:00,,22:17:00,,,,,,,,,,,,,,,,,,,,,,,
,,,,,27,3:09:00,32,4:39:00,32,4:18:00,18,5:17:00,26,8:01:00,30,7:43:00,20,1:43:00,47,13:20:00,78,20:11:00,60,8:36:00,26,8:20:00,,,,,,,,,,,,,,,,,,,,,,,
,,,,,27,3:09:00,29,7:48:00,30,12:06:00,26,17:23:00,27,25:24:00,25,33:07:00,25,34:50:00,28,48:10:00,47,68:21:00,49,76:57:00,44,85:17:00,,,,,,,,,,,,,,,,,,,,,,,
,,,,,,,,,,,,,,,,,,,,,,,,,,,,,,,,,,,,,,,,,,,,,,,,,
45,14th Unlimited,"Robert Zurovec
Wesley Zurovec
Marshall Zurovec

TC Jamie Perrin
TC Jennyne Markus",8588,9:00, ,12:56:00,,18:27:00,,23:21:00,,7:52:00,,18:17:00,,7:05:00,,9:02:00,,22:33:00,,9:56:00,,16:10:00,,23:22:00,,,,,,,,,,,,,,,,,,,,,,,
,,,,,83,3:56:00,70,5:31:00,48,4:54:00,74,8:31:00,63,10:25:00,79,12:48:00,32,1:57:00,49,13:31:00,57,11:23:00,36,6:14:00,14,7:12:00,,,,,,,,,,,,,,,,,,,,,,,
,,,,,83,3:56:00,73,9:27:00,62,14:21:00,64,22:52:00,65,33:17:00,62,46:05:00,60,48:02:00,58,61:33:00,53,72:56:00,51,79:10:00,45,86:22:00,,,,,,,,,,,,,,,,,,,,,,,
,,,,,,,,,,,,,,,,,,,,,,,,,,,,,,,,,,,,,,,,,,,,,,,,,
46,5th Aluminum,"Daniel Driver
Sam Driver

TC Adam Reimer
TC Shauna Ertolacci",1515,9:00, ,12:55:00,,18:18:00,,23:46:00,,8:24:00,,19:47:00,,4:27:00,,7:00:00,,20:49:00,,5:51:00,,12:22:00,,23:27:00,,,,,,,,,,,,,,,,,,,,,,,
,,,,,81,3:55:00,62,5:23:00,64,5:28:00,76,8:38:00,75,11:23:00,44,8:40:00,65,2:33:00,57,13:49:00,42,9:02:00,38,6:31:00,45,11:05:00,,,,,,,,,,,,,,,,,,,,,,,
,,,,,81,3:55:00,65,9:18:00,68,14:46:00,66,23:24:00,69,34:47:00,58,43:27:00,55,46:00:00,54,59:49:00,48,68:51:00,45,75:22:00,46,86:27:00,,,,,,,,,,,,,,,,,,,,,,,
,,,,,,,,,,,,,,,,,,,,,,,,,,,,,,,,,,,,,,,,,,,,,,,,,
47,5th Novice,"Keith Campros
Cameron Fanning

TC Bonnie Blackburn
TC Callie Fanning",1337,9:00, ,12:52:00,,18:22:00,,0:19:00,,9:37:00,,21:59:00,,8:40:00,,11:03:00,,2:07:00,,12:35:00,,18:06:00,,4:15:00,,,,,,,,,,,,,,,,,,,,,,,
,,,,,71,3:52:00,68,5:30:00,76,5:57:00,87,9:18:00,84,12:22:00,60,10:41:00,55,2:23:00,68,15:04:00,50,10:28:00,16,5:31:00,37,10:09:00,,,,,,,,,,,,,,,,,,,,,,,
,,,,,71,3:52:00,69,9:22:00,73,15:19:00,71,24:37:00,76,36:59:00,69,47:40:00,66,50:03:00,64,65:07:00,62,75:35:00,57,81:06:00,47,91:15:00,,,,,,,,,,,,,,,,,,,,,,,
,,,,,,,,,,,,,,,,,,,,,,,,,,,,,,,,,,,,,,,,,,,,,,,,,
48,5th Tandem Unlimited,"James Ward
Rhett Stuman

TC Janet Ward
TC Penny Stuman",33,9:00, ,12:36:00,,17:50:00,,23:00:00,,6:25:00,,17:45:00,,3:49:00,,7:03:00,,20:48:00,,9:47:00,,16:48:00,,5:44:00,,,,,,,,,,,,,,,,,,,,,,,
,,,,,58,3:36:00,57,5:14:00,54,5:10:00,60,7:25:00,73,11:20:00,57,10:04:00,81,3:14:00,55,13:45:00,71,12:59:00,44,7:01:00,56,12:56:00,,,,,,,,,,,,,,,,,,,,,,,
,,,,,58,3:36:00,58,8:50:00,55,14:00:00,56,21:25:00,61,32:45:00,55,42:49:00,56,46:03:00,53,59:48:00,52,72:47:00,53,79:48:00,48,92:44:00,,,,,,,,,,,,,,,,,,,,,,,
,,,,,,,,,,,,,,,,,,,,,,,,,,,,,,,,,,,,,,,,,,,,,,,,,
49,7th Mixed Tandem Unlimited,"Cliff De La Cerda
Daniela De La Cerda

TC Kyla Grey
TC Adam Casares",13,9:00, ,12:53:00,,18:20:00,,0:16:00,,8:40:00,,19:40:00,,7:24:00,,9:55:00,,1:19:00,,11:24:00,,17:37:00,,6:35:00,,,,,,,,,,,,,,,,,,,,,,,
,,,,,74,3:53:00,64,5:27:00,75,5:56:00,72,8:24:00,68,11:00:00,66,11:44:00,62,2:31:00,69,15:24:00,48,10:05:00,34,6:13:00,57,12:58:00,,,,,,,,,,,,,,,,,,,,,,,
,,,,,74,3:53:00,66,9:20:00,72,15:16:00,68,23:40:00,68,34:40:00,63,46:24:00,63,48:55:00,62,64:19:00,57,74:24:00,55,80:37:00,49,93:35:00,,,,,,,,,,,,,,,,,,,,,,,
,,,,,,,,,,,,;,,,,,,,,,,,,,,,,,,,,,,,,,,,,,,,,,,,,,
50,5th USCA C-2,"Clara Fuller
Thomas Fuller

TC Cheeyen Fuller
TC Bob Fuller",8290,9:00, ,13:04:00,,18:50:00,,0:28:00,,10:20:00,,21:59:00,,10:30:00,,13:03:00,,2:45:00,,12:35:00,,19:10:00,,6:49:00,,,,,,,,,,,,,,,,,,,,,,,
,,,,,95,4:04:00,81,5:46:00,68,5:38:00,92,9:52:00,79,11:39:00,76,12:31:00,66,2:33:00,53,13:42:00,45,9:50:00,39,6:35:00,49,11:39:00,,,,,,,,,,,,,,,,,,,,,,,
,,,,,95,4:04:00,89,9:50:00,75,15:28:00,74,25:20:00,76,36:59:00,72,49:30:00,70,52:03:00,66,65:45:00,63,75:35:00,58,82:10:00,50,93:49:00,,,,,,,,,,,,,,,,,,,,,,,
,,,,,,,,,,,,,,,,,,,,,,,,,,,,,,,,,,,,,,,,,,,,,,,,,
51,6th Aluminum,"Blair Severson
Regan Gilbert

TC Kasey Gilbert
TC Sergio Vega",1013,9:00, ,13:02:00,,18:45:00,,1:06:00,,9:47:00,,21:03:00,,9:26:00,,12:02:00,,2:44:00,,12:13:00,,19:18:00,,6:52:00,,,,,,,,,,,,,,,,,,,,,,,
,,,,,90,4:02:00,79,5:43:00,79,6:21:00,78,8:41:00,71,11:16:00,74,12:23:00,68,2:36:00,64,14:42:00,44,9:29:00,45,7:05:00,47,11:34:00,,,,,,,,,,,,,,,,,,,,,,,
,,,,,90,4:02:00,84,9:45:00,79,16:06:00,72,24:47:00,72,36:03:00,70,48:26:00,67,51:02:00,65,65:44:00,60,75:13:00,59,82:18:00,51,93:52:00,,,,,,,,,,,,,,,,,,,,,,,
,,,,,,,,,,,,,,,,,,,,,,,,,,,,,,,,,,,,,,,,,,,,,,,,,
52,7th Aluminum,"Justin McKinney
Anthony Krenz

TC Molly Krenz",303,9:00, ,12:53:00,,18:31:00,,0:20:00,,8:55:00,,19:05:00,,6:04:00,,8:50:00,,22:27:00,,10:24:00,,17:45:00,,6:59:00,,,,,,,,,,,,,,,,,,,,,,,
,,,,,74,3:53:00,77,5:38:00,73,5:49:00,75,8:35:00,60,10:10:00,65,10:59:00,74,2:46:00,51,13:37:00,59,11:57:00,49,7:21:00,58,13:14:00,,,,,,,,,,,,,,,,,,,,,,,
,,,,,74,3:53:00,77,9:31:00,74,15:20:00,69,23:55:00,66,34:05:00,61,45:04:00,59,47:50:00,56,61:27:00,54,73:24:00,56,80:45:00,52,93:59:00,,,,,,,,,,,,,,,,,,,,,,,
,,,,,,,,,,,,,,,,,,,,,,,,,,,,,,,,,,,,,,,,,,,,,,,,,
53,8th Aluminum,"Alex Daresh
Jose Ramirez

TC Jacob Hannusch",8004,9:00, ,12:48:00,,18:44:00,,0:31:00,,9:51:00,,19:18:00,,7:47:00,,9:51:00,,22:42:00,,11:27:00,,17:30:00,,7:56:00,,,,,,,,,,,,,,,,,,,,,,,
,,,,,66,3:48:00,94,5:56:00,72,5:47:00,88,9:20:00,53,9:27:00,75,12:29:00,38,2:04:00,39,12:51:00,69,12:45:00,28,6:03:00,60,14:26:00,,,,,,,,,,,,,,,,,,,,,,,
,,,,,66,3:48:00,81,9:44:00,76,15:31:00,73,24:51:00,67,34:18:00,65,46:47:00,62,48:51:00,59,61:42:00,58,74:27:00,54,80:30:00,53,94:56:00,,,,,,,,,,,,,,,,,,,,,,,
,,,,,,,,,,,,,,,,,,,,,,,,,,,,,,,,,,,,,,,,,,,,,,,,,
54,6th Novice,"Benjamin West
Stevens Herbst

TC Stephen Hight
TC Duane Herbst",1996,9:00, ,12:56:00,,18:29:00,,23:57:00,,9:34:00,,20:14:00,,8:10:00,,10:47:00,,1:12:00,,11:57:00,,19:31:00,,8:07:00,,,,,,,,,,,,,,,,,,,,,,,
,,,,,83,3:56:00,73,5:33:00,65,5:28:00,90,9:37:00,64,10:40:00,71,11:56:00,69,2:37:00,60,14:25:00,53,10:45:00,52,7:34:00,54,12:36:00,,,,,,,,,,,,,,,,,,,,,,,
,,,,,83,3:56:00,74,9:29:00,70,14:57:00,70,24:34:00,70,35:14:00,66,47:10:00,64,49:47:00,61,64:12:00,59,74:57:00,60,82:31:00,54,95:07:00,,,,,,,,,,,,,,,,,,,,,,,
,,,,,,,,,,,,,,,,,,,,,,,,,,,,,,,,,,,,,,,,,,,,,,,,,
55,2nd Unlimited Women,"Megan Lowry
Brandy Kalkbrenner

TC Chris Kalkbrenner
TC Kelly Campbell",8008,9:00, ,13:02:00,,18:45:00,,1:56:00,,11:32:00,,22:58:00,,10:45:00,,13:09:00,,1:37:00,,13:41:00,,21:30:00,,9:52:00,,,,,,,,,,,,,,,,,,,,,,,
,,,,,90,4:02:00,79,5:43:00,94,7:11:00,89,9:36:00,76,11:26:00,67,11:47:00,56,2:24:00,36,12:28:00,61,12:04:00,56,7:49:00,52,12:22:00,,,,,,,,,,,,,,,,,,,,,,,
,,,,,90,4:02:00,84,9:45:00,88,16:56:00,84,26:32:00,80,37:58:00,74,49:45:00,71,52:09:00,63,64:37:00,64,76:41:00,62,84:30:00,55,96:52:00,,,,,,,,,,,,,,,,,,,,,,,
,,,,,,,,,,,,,,,,,,,,,,,,,,,,,,,,,,,,,,,,,,,,,,,,,
56,7th Novice,"John Sangree
John Herrmann

TC Scott Guptill
TC Michael Bednara
",1804,9:00, ,13:49:00,,19:42:00,,2:56:00,,13:24:00,,23:47:00,,12:49:00,,15:20:00,,3:53:00,,17:01:00,,1:15:00,,10:00:00,,,,,,,,,,,,,,,,,,,,,,,
,,,,,121,4:49:00,89,5:53:00,95,7:14:00,97,10:28:00,62,10:23:00,83,13:02:00,64,2:31:00,38,12:33:00,73,13:08:00,58,8:14:00,32,8:45:00,,,,,,,,,,,,,,,,,,,,,,,
,,,,,121,4:49:00,109,10:42:00,98,17:56:00,93,28:24:00,83,38:47:00,78,51:49:00,75,54:20:00,67,66:53:00,66,80:01:00,67,88:15:00,56,97:00:00,,,,,,,,,,,,,,,,,,,,,,,
,,,,,,,,,,,,,,,,,,,,,,,,,,,,,,,,,,,,,,,,,,,,,,,,,
57,6th Tandem Unlimited,"Lee Lichlyter
Bruce Beall

TC RoxAnne Lichlyter
TC Jennifer Beall",6,9:00, ,12:34:00,,17:44:00,,22:55:00,,5:45:00,,15:34:00,,3:23:00,,6:09:00,,22:15:00,,11:19:00,,21:20:00,,10:11:00,,,,,,,,,,,,,,,,,,,,,,,
,,,,,52,3:34:00,53,5:10:00,55,5:11:00,52,6:50:00,56,9:49:00,69,11:49:00,74,2:46:00,74,16:06:00,72,13:04:00,72,10:01:00,55,12:51:00,,,,,,,,,,,,,,,,,,,,,,,
,,,,,52,3:34:00,53,8:44:00,53,13:55:00,49,20:45:00,52,30:34:00,53,42:23:00,51,45:09:00,55,61:15:00,56,74:19:00,61,84:20:00,57,97:11:00,,,,,,,,,,,,,,,,,,,,,,,
,,,,,,,,,,,,,,,,,,,,,,,,,,,,,,,,,,,,,,,,,,,,,,,,,
58,2nd Solo Unlimited Woman,"Martha Adame

TC Adam Adame
TC Jessica Ortiz",388,9:00, ,12:59:00,,18:23:00,,23:54:00,,7:58:00,,17:58:00,,7:34:00,,9:38:00,,22:42:00,,12:24:00,,22:00:00,,10:13:00,,,,,,,,,,,,,,,,,,,,,,,
,,,,,87,3:59:00,63,5:24:00,66,5:31:00,70,8:04:00,58,10:00:00,84,13:36:00,38,2:04:00,43,13:04:00,75,13:42:00,69,9:36:00,51,12:13:00,,,,,,,,,,,,,,,,,,,,,,,
,,,,,87,3:59:00,71,9:23:00,69,14:54:00,65,22:58:00,64,32:58:00,64,46:34:00,61,48:38:00,59,61:42:00,61,75:24:00,63,85:00:00,58,97:13:00,,,,,,,,,,,,,,,,,,,,,,,
,,,,,,,,,,,,,,,,,,,,,,,,,,,,,,,,,,,,,,,,,,,,,,,,,
59,15th Unlimited,"Mike Buck - out @ Palmetto
Kent Fish
Dennis Hall

TC Kim Buck
TC Robin Buck",6962,9:00, ,12:51:00,,19:07:00,,6:16:00,,13:13:00,,0:07:00,,12:51:00,,15:30:00,,8:04:00,,17:05:00,,0:00:00,,10:19:00,,,,,,,,,,,,,,,,,,,,,,,
,,,,,68,3:51:00,109,6:16:00,111,11:09:00,56,6:57:00,67,10:54:00,78,12:44:00,70,2:39:00,75,16:34:00,41,9:01:00,42,6:55:00,39,10:19:00,,,,,,,,,,,,,,,,,,,,,,,
,,,,,68,3:51:00,95,10:07:00,110,21:16:00,92,28:13:00,84,39:07:00,79,51:51:00,76,54:30:00,79,71:04:00,67,80:05:00,66,87:00:00,59,97:19:00,,,,,,,,,,,,,,,,,,,,,,,
,,,,,,,,,,,,,,,,,,,,,,,,,,,,,,,,,,,,,,,,,,,,,,,,,
60,8th Novice,"Marco Lozano
Alex Szczepaniak

TC Norma Lozano
TC Roy Lozano",22,9:00, ,13:05:00,,19:09:00,,1:28:00,,12:18:00,,1:44:00,,12:23:00,,15:08:00,,7:54:00,,17:44:00,,2:50:00,,10:23:00,,,,,,,,,,,,,,,,,,,,,,,
,,,,,97,4:05:00,100,6:04:00,78,6:19:00,98,10:50:00,86,13:26:00,59,10:39:00,73,2:45:00,76,16:46:00,45,9:50:00,65,9:06:00,20,7:33:00,,,,,,,,,,,,,,,,,,,,,,,
,,,,,97,4:05:00,96,10:09:00,83,16:28:00,89,27:18:00,85,40:44:00,77,51:23:00,74,54:08:00,75,70:54:00,71,80:44:00,69,89:50:00,60,97:23:00,,,,,,,,,,,,,,,,,,,,,,,
,,,,,,,,,,,,,,,,,,,,,,,,,,,,,,,,,,,,,,,,,,,,,,,,,
61,7th Tandem Unlimited,"Benjamin Duckett
Jay Fox

TC Constance Harris
TC Emily Duckett",728,9:00, ,12:35:00,,18:02:00,,23:16:00,,6:10:00,,16:12:00,,2:35:00,,4:55:00,,17:50:00,,5:51:00,,13:45:00,,10:38:00,,,,,,,,,,,,,,,,,,,,,,,
,,*2 hour penalty - barge canal,,,55,3:35:00,65,5:27:00,57,5:14:00,55,6:54:00,59,10:02:00,58,10:23:00,53,2:20:00,42,12:55:00,60,12:01:00,57,7:54:00,70,20:53:00,,,,,,,,,,,,,,,,,,,,,,,
,,,,,55,3:35:00,61,9:02:00,60,14:16:00,53,21:10:00,58,31:12:00,50,41:35:00,48,43:55:00,49,56:50:00,48,68:51:00,47,76:45:00,61,97:38:00,,,,,,,,,,,,,,,,,,,,,,,
,,,,,,,,,,,,,,,,,,,,,,,,,,,,,,,,,,,,,,,,,,,,,,,,,
62,6th Solo Unlimited Man,"Nate Jacobson

TC Charity Jacobson
TC Lisa Jacobson",512,9:00, ,12:51:00,,18:20:00,,23:42:00,,6:25:00,,17:47:00,,5:35:00,,7:55:00,,22:27:00,,14:33:00,,23:43:00,,10:44:00,,,,,,,,,,,,,,,,,,,,,,,
,,,,,68,3:51:00,67,5:29:00,61,5:22:00,47,6:43:00,74,11:22:00,68,11:48:00,53,2:20:00,61,14:32:00,76,16:06:00,66,9:10:00,44,11:01:00,,,,,,,,,,,,,,,,,,,,,,,
,,,,,68,3:51:00,66,9:20:00,67,14:42:00,56,21:25:00,63,32:47:00,60,44:35:00,58,46:55:00,56,61:27:00,65,77:33:00,65,86:43:00,62,97:44:00,,,,,,,,,,,,,,,,,,,,,,,
,,,,,,,,,,,,,,,,,,,,,,,,,,,,,,,,,,,,,,,,,,,,,,,,,
63,9th Novice,"Peter Pham
Tony Kusbel

TC Joe Pham",2344,9:00, ,12:53:00,,18:25:00,,0:07:00,,8:37:00,,20:34:00,,8:31:00,,11:00:00,,6:38:00,,17:15:00,,1:49:00,,10:46:00,,,,,,,,,,,,,,,,,,,,,,,
,,,,,74,3:53:00,72,5:32:00,69,5:42:00,73,8:30:00,81,11:57:00,72,11:57:00,61,2:29:00,79,19:38:00,52,10:37:00,59,8:34:00,33,8:57:00,,,,,,,,,,,,,,,,,,,,,,,
,,,,,74,3:53:00,72,9:25:00,71,15:07:00,67,23:37:00,71,35:34:00,68,47:31:00,65,50:00:00,71,69:38:00,69,80:15:00,68,88:49:00,63,97:46:00,,,,,,,,,,,,,,,,,,,,,,,
,,,,,,,,,,,,,,,,,,,,,,,,,,,,,,,,,,,,,,,,,,,,,,,,,
64,3rd Solo Unlimited Woman,"Cynthia Amodio

TC Charlie Stewart
TC David Amodio",6774,9:00, ,12:54:00,,17:46:00,,22:46:00,,6:46:00,,16:01:00,,1:10:00,,4:28:00,,17:33:00,,10:25:00,,16:20:00,,10:48:00,,,,,,,,,,,,,,,,,,,,,,,
,,,,,78,3:54:00,40,4:52:00,50,5:00:00,66,8:00:00,50,9:15:00,50,9:09:00,82,3:18:00,45,13:05:00,77,16:52:00,25,5:55:00,67,18:28:00,,,,,,,,,,,,,,,,,,,,,,,
,,,,,78,3:54:00,55,8:46:00,49,13:46:00,61,21:46:00,54,31:01:00,45,40:10:00,47,43:28:00,48,56:33:00,55,73:25:00,52,79:20:00,64,97:48:00,,,,,,,,,,,,,,,,,,,,,,,
,,,,,,,,,,,,,,,,,,,,,,,,,,,,,,,,,,,,,,,,,,,,,,,,,
65,9th Aluminum,"Ross Conner
Jack Conner

TC Troy Austin
TC Josh Dacus",817,9:00, ,13:13:00,,19:44:00,,2:07:00,,11:07:00,,22:59:00,,11:12:00,,13:39:00,,7:21:00,,17:12:00,,23:25:00,,11:02:00,,,,,,,,,,,,,,,,,,,,,,,
,,*2 hour penalty - barge canal,,,99,4:13:00,116,6:31:00,81,6:23:00,82,9:00:00,80,11:52:00,73,12:13:00,58,2:27:00,78,17:42:00,47,9:51:00,35,6:13:00,48,11:37:00,,,,,,,,,,,,,,,,,,,,,,,
,,,,,99,4:13:00,110,10:44:00,89,17:07:00,81,26:07:00,81,37:59:00,75,50:12:00,72,52:39:00,73,70:21:00,68,80:12:00,64,86:25:00,65,98:02:00,,,,,,,,,,,,,,,,,,,,,,,
,,,,,,,,,,,,,,,,,,,,,,,,,,,,,,,,,,,,,,,,,,,,,,,,,
66,10th Aluminum,"Daniel Lee
Tim Jones

TC Ivory Jones
TC Jack Lee",700,9:00, ,12:52:00,,18:41:00,,0:35:00,,10:39:00,,21:20:00,,11:52:00,,14:00:00,,5:01:00,,17:36:00,,3:45:00,,11:47:00,,,,,,,,,,,,,,,,,,,,,,,
,,,,,71,3:52:00,83,5:49:00,74,5:54:00,94,10:04:00,65,10:41:00,86,14:32:00,43,2:08:00,67,15:01:00,68,12:35:00,73,10:09:00,25,8:02:00,,,,,,,,,,,,,,,,,,,,,,,
,,,,,71,3:52:00,80,9:41:00,77,15:35:00,76,25:39:00,73,36:20:00,76,50:52:00,73,53:00:00,68,68:01:00,70,80:36:00,70,90:45:00,66,98:47:00,,,,,,,,,,,,,,,,,,,,,,,
,,,,,,,,,,,,,,,,,,,,,,,,,,,,,,,,,,,,,,,,,,,,,,,,,
67,10th Novice,"Collin Koonce
Ian Magee

TC Laurinda Magee
TC Harold Magee",6288,9:00, ,13:26:00,,19:20:00,,4:53:00,,14:35:00,,3:50:00,,13:48:00,,16:23:00,,7:55:00,,20:13:00,,5:10:00,,12:26:00,,,,,,,,,,,,,,,,,,,,,,,
,,,,,110,4:26:00,90,5:54:00,106,9:33:00,91,9:42:00,85,13:15:00,55,9:58:00,67,2:35:00,70,15:32:00,66,12:18:00,64,8:57:00,16,7:16:00,,,,,,,,,,,,,,,,,,,,,,,
,,,,,110,4:26:00,99,10:20:00,107,19:53:00,99,29:35:00,87,42:50:00,85,52:48:00,79,55:23:00,76,70:55:00,76,83:13:00,73,92:10:00,67,99:26:00,,,,,,,,,,,,,,,,,,,,,,,
,,,,,,,,,,,,,,,,,,,,,,,,,,,,,,,,,,,,,,,,,,,,,,,,,
68,11th Novice,"Robert Kliment
Mike Schrader

TC Bryan Bledsoe
TC Todd Mullen",3003,9:00, ,13:37:00,,19:40:00,,6:34:00,,1:57:00,,4:51:00,,13:14:00,,15:55:00,,7:38:00,,18:43:00,,5:30:00,,12:31:00,,,,,,,,,,,,,,,,,,,,,,,
,,,,,117,4:37:00,99,6:03:00,110,10:54:00,101,19:23:00,94,26:54:00,39,8:23:00,71,2:41:00,72,15:43:00,56,11:05:00,74,10:47:00,12,7:01:00,,,,,,,,,,,,,,,,,,,,,,,
,,,,,117,4:37:00,107,10:40:00,111,21:34:00,101,40:57:00,91,43:51:00,80,52:14:00,77,54:55:00,74,70:38:00,73,81:43:00,75,92:30:00,68,99:31:00,,,,,,,,,,,,,,,,,,,,,,,
,,,,,,,,,,,,,,,,,,,,,,,,,,,,,,,,,,,,,,,,,,,,,,,,,
69,7th Solo Unlimited Man,"Donovann Fite

TC Woody Welch
TC Natalie George",69,9:00, ,13:25:00,,19:20:00,,5:33:00,,12:55:00,,4:42:00,,13:44:00,,16:12:00,,7:59:00,,20:13:00,,5:00:00,,12:33:00,,,,,,,,,,,,,,,,,,,,,,,
,,,,,109,4:25:00,91,5:55:00,109,10:13:00,59,7:22:00,92,15:47:00,48,9:02:00,59,2:28:00,73,15:47:00,64,12:14:00,61,8:47:00,21,7:33:00,,,,,,,,,,,,,,,,,,,,,,,
,,,,,109,4:25:00,99,10:20:00,109,20:33:00,90,27:55:00,89,43:42:00,84,52:44:00,78,55:12:00,77,70:59:00,76,83:13:00,72,92:00:00,69,99:33:00,,,,,,,,,,,,,,,,,,,,,,,
,,,,,,,,,,,,,,,,,,,,,,,,,,,,,,,,,,,,,,,,,,,,,,,,,
70,12th Novice,"Cody Hardin
Chris Withers

TC Cody Fowler
",4,9:00, ,13:36:00,,19:39:00,,5:29:00,,14:08:00,,5:25:00,,14:24:00,,17:10:00,,8:03:00,,20:20:00,,5:10:00,,12:39:00,,,,,,,,,,,,,,,,,,,,,,,
,,,,,116,4:36:00,98,6:03:00,108,9:50:00,77,8:39:00,90,15:17:00,47,8:59:00,74,2:46:00,65,14:53:00,65,12:17:00,62,8:50:00,19,7:29:00,,,,,,,,,,,,,,,,,,,,,,,
,,,,,116,4:36:00,106,10:39:00,108,20:29:00,96,29:08:00,92,44:25:00,86,53:24:00,83,56:10:00,78,71:03:00,78,83:20:00,73,92:10:00,70,99:39:00,,,,,,,,,,,,,,,,,,,,,,,
,,,,,,,,,,,,,,,,,,,,,,,,,,,,,,,,,,,,,,,,,,,,,,,,,
71,4th Solo Unlimited Woman,"Erin Magee

TC Clara Snyder
TC Rob Nichols",497,9:00, ,12:54:00,,17:55:00,,22:47:00,,4:50:00,,13:12:00,,22:00:00,,0:28:00,,13:55:00,,0:59:00,,13:50:00,,12:59:00,,,,,,,,,,,,,,,,,,,,,,,
,,*3 hr 28 min penalty - barge canal,,,78,3:54:00,46,5:01:00,47,4:52:00,35,6:03:00,29,8:22:00,45,8:48:00,60,2:28:00,48,13:27:00,55,11:04:00,75,12:51:00,71,23:09:00,,,,,,,,,,,,,,,,,,,,,,,
,,,,,78,3:54:00,60,8:55:00,50,13:47:00,44,19:50:00,39,28:12:00,38,37:00:00,39,39:28:00,37,52:55:00,41,63:59:00,48,76:50:00,71,99:59:00,,,,,,,,,,,,,,,,,,,,,,,
,,,,,,,,,,,,,,,,,,,,,,,,,,,,,,,,,,,,,,,,,,,,,,,,,
DNF,Solo Unlimited Man,"Colton Moore

TC Felecity Mayden
TC Dylan Mumma",45,9:00, ,12:55:00,,18:50:00,,23:01:00,,5:52:00,,16:11:00,,1:35:00,,3:55:00,,17:31:00,,2:43:00,,11:54:00,,,,,,,,,,,,,,,,,,,,,,,,,
,,,,,81,3:55:00,92,5:55:00,26,4:11:00,54,6:51:00,61,10:19:00,52,9:24:00,52,2:20:00,50,13:36:00,43,9:12:00,67,9:11:00,,,,,,,,,,,,,,,,,,,,,,,,,
,,,,,81,3:55:00,89,9:50:00,56,14:01:00,51,20:52:00,56,31:11:00,46,40:35:00,44,42:55:00,46,56:31:00,44,65:43:00,44,74:54:00,,,,,,,,,,,,,,,,,,,,,,,,,
,,,,,,,,,,,,,,,,,,,,,,,,,,,,,,,,,,,,,,,,,,,,,,,,,
DNF,Aluminum,"Hoyt Moss
Jay Jackson

TC Charlie Chapman
TC Wade Parsons",1620,9:00, ,12:28:00,,17:19:00,,22:04:00,,4:28:00,,13:09:00,,21:43:00,,22:50:00,,9:08:00,,17:27:00,,23:13:00,,,,,,,,,,,,,,,,,,,,,,,,,
,,,,,46,3:28:00,38,4:51:00,41,4:45:00,42,6:24:00,35,8:41:00,42,8:34:00,4,1:07:00,19,10:18:00,31,8:19:00,20,5:46:00,,,,,,,,,,,,,,,,,,,,,,,,,
,,,,,46,3:28:00,39,8:19:00,37,13:04:00,39,19:28:00,38,28:09:00,36,36:43:00,32,37:50:00,27,48:08:00,27,56:27:00,26,62:13:00,,,,,,,,,,,,,,,,,,,,,,,,,
,,,,,,,,,,,,,,,,,,,,,,,,,,,,,,,,,,,,,,,,,,,,,,,,,
DNF,Novice,"Ryan Stewart
Marsh Alkire

TC Tabette Stewart
TC Ashton Alkire",1927,9:00, ,12:31:00,,17:42:00,,22:54:00,,6:37:00,,16:05:00,,3:02:00,,5:28:00,,17:58:00,,4:05:00,,11:25:00,,,,,,,,,,,,,,,,,,,,,,,,,
,,,,,49,3:31:00,55,5:11:00,56,5:12:00,64,7:43:00,54,9:28:00,63,10:57:00,57,2:26:00,37,12:30:00,49,10:07:00,47,7:20:00,,,,,,,,,,,,,,,,,,,,,,,,,
,,,,,49,3:31:00,51,8:42:00,52,13:54:00,60,21:37:00,55,31:05:00,52,42:02:00,50,44:28:00,50,56:58:00,46,67:05:00,43,74:25:00,,,,,,,,,,,,,,,,,,,,,,,,,
,,,,,,,,,,,,,,,,,,,,,,,,,,,,,,,,,,,,,,,,,,,,,,,,,
DNF,Unlimited,"Daryl Ezell
Avery Ezell
Leonard Garner - out @ Hochheim

TC Lee Ezell
TC Joe Fore",2727,9:00, ,13:49:00,,20:00:00,,3:11:00,,11:02:00,,22:32:00,,10:24:00,,12:55:00,,6:28:00,,18:38:00,,4:32:00,,,,,,,,,,,,,,,,,,,,,,,,,
,,,,,121,4:49:00,106,6:11:00,93,7:11:00,65,7:51:00,77,11:30:00,70,11:52:00,62,2:31:00,77,17:33:00,63,12:10:00,71,9:54:00,,,,,,,,,,,,,,,,,,,,,,,,,
,,,,,121,4:49:00,117,11:00:00,100,18:11:00,80,26:02:00,78,37:32:00,71,49:24:00,69,51:55:00,70,69:28:00,72,81:38:00,71,91:32:00,,,,,,,,,,,,,,,,,,,,,,,,,
,,,,,,,,,,,,,,,,,,,,,,,,,,,,,,,,,,,,,,,,,,,,,,,,,
DNF,USCA C-1 Man,"Richard Zambrana

TC Tina Sacket",17,9:00, ,12:24:00,,17:23:00,,22:23:00,,4:06:00,,13:01:00,,21:03:00,,23:12:00,,11:36:00,,23:45:00,,,,,,,,,,,,,,,,,,,,,,,,,,,
,,,,,40,3:24:00,43,4:59:00,50,5:00:00,30,5:43:00,42,8:55:00,34,8:02:00,44,2:09:00,35,12:24:00,62,12:09:00,,,,,,,,,,,,,,,,,,,,,,,,,,,
,,,,,40,3:24:00,43,8:23:00,44,13:23:00,37,19:06:00,37,28:01:00,35,36:03:00,35,38:12:00,34,50:36:00,39,62:45:00,,,,,,,,,,,,,,,,,,,,,,,,,,,
,,,,,,,,,,,,,,,,,,,,,,,,,,,,,,,,,,,,,,,,,,,,,,,,,
DNF,Novice,"Kaarin Gerber
Kristin Gonzalez

TC Craig Dilley
TC Josh London",666,9:00, ,13:13:00,,19:32:00,,2:32:00,,14:15:00,,4:44:00,,14:37:00,,16:39:00,,7:15:00,,19:09:00,,,,,,,,,,,,,,,,,,,,,,,,,,,
,,,,,99,4:13:00,111,6:19:00,88,7:00:00,100,11:43:00,88,14:29:00,54,9:53:00,36,2:02:00,62,14:36:00,58,11:54:00,,,,,,,,,,,,,,,,,,,,,,,,,,,
,,,,,99,4:13:00,104,10:32:00,94,17:32:00,97,29:15:00,90,43:44:00,87,53:37:00,82,55:39:00,72,70:15:00,74,82:09:00,,,,,,,,,,,,,,,,,,,,,,,,,,,
,,,,,,,,,,,,,,,,,,,,,,,,,,,,,,,,,,,,,,,,,,,,,,,,,
DNF,Novice,"Seth Fry
Bryan Moczygemba

TC David Lee
TC Keith Olenick",1099,9:00, ,14:00:00,,19:53:00,,4:14:00,,12:16:00,,2:32:00,,13:26:00,,16:29:00,,6:07:00,,19:37:00,,,,,,,,,,,,,,,,,,,,,,,,,,,
,,,,,125,5:00:00,88,5:53:00,100,8:21:00,68,8:02:00,87,14:16:00,62,10:54:00,78,3:03:00,52,13:38:00,74,13:30:00,,,,,,,,,,,,,,,,,,,,,,,,,,,
,,,,,125,5:00:00,112,10:53:00,103,19:14:00,88,27:16:00,86,41:32:00,83,52:26:00,81,55:29:00,69,69:07:00,75,82:37:00,,,,,,,,,,,,,,,,,,,,,,,,,,,
,,,,,,,,,,,,,,,,,,,,,,,,,,,,,,,,,,,,,,,,,,,,,,,,,
DNF,Solo Unlimited Man,"Justin Brzozowske

TC Carol Brzozowske",1966,9:00, ,12:39:00,,17:47:00,,23:09:00,,6:34:00,,17:45:00,,3:45:00,,6:58:00,,20:45:00,,,,,,,,,,,,,,,,,,,,,,,,,,,,,
,,,,,62,3:39:00,51,5:08:00,60,5:22:00,61,7:25:00,70,11:11:00,56,10:00:00,80,3:13:00,56,13:47:00,,,,,,,,,,,,,,,,,,,,,,,,,,,,,
,,,,,62,3:39:00,56,8:47:00,58,14:09:00,59,21:34:00,62,32:45:00,54,42:45:00,54,45:58:00,52,59:45:00,,,,,,,,,,,,,,,,,,,,,,,,,,,,,
,,,,,,,,,,,,,,,,,,,,,,,,,,,,,,,,,,,,,,,,,,,,,,,,,
DNF,Unlimited,"Clint Simmons
Kenney Howitt
Chris Buxton

TC Rachel Simmons
TC Jennifer Howitt",727,9:00, ,12:19:00,,18:29:00,,1:35:00,,11:29:00,,23:02:00,,8:20:00,,12:31:00,,,,,,,,,,,,,,,,,,,,,,,,,,,,,,,
,,,,,34,3:19:00,105,6:10:00,90,7:06:00,93,9:54:00,78,11:33:00,51,9:18:00,83,4:11:00,,,,,,,,,,,,,,,,,,,,,,,,,,,,,,,
,,,,,34,3:19:00,74,9:29:00,84,16:35:00,82,26:29:00,82,38:02:00,67,47:20:00,68,51:31:00,,,,,,,,,,,,,,,,,,,,,,,,,,,,,,,
,,,,,,,,,,,,,,,,,,,,,,,,,,,,,,,,,,,,,,,,,,,,,,,,,
DNF,USCA C-1 Man,"Tyler Payne

TC Alan Payne
TC Jody Allen
",871,9:00, ,13:04:00,,18:45:00,,1:53:00,,10:50:00,,22:53:00,,13:21:00,,0:00:00,,,,,,,,,,,,,,,,,,,,,,,,,,,,,,,
,,,,,95,4:04:00,78,5:41:00,92,7:08:00,81,8:57:00,82,12:03:00,85,14:28:00,84,10:39:00,,,,,,,,,,,,,,,,,,,,,,,,,,,,,,,
,,,,,95,4:04:00,84,9:45:00,87,16:53:00,77,25:50:00,79,37:53:00,82,52:21:00,84,63:00:00,,,,,,,,,,,,,,,,,,,,,,,,,,,,,,,
,,,,,,,,,,,,,,,,,,,,,,,,,,,,,,,,,,,,,,,,,,,,,,,,,
DNF,Novice,"Liia Dotcenko-Lewey
Graham Daly

TC Julie Lewey
TC Jeff Carter",1105,9:00, ,12:41:00,,18:13:00,,2:53:00,,12:59:00,,4:27:00,,13:18:00,,16:26:00,,,,,,,,,,,,,,,,,,,,,,,,,,,,,,,
,,,,,65,3:41:00,71,5:32:00,102,8:40:00,95,10:06:00,91,15:28:00,46,8:51:00,79,3:08:00,,,,,,,,,,,,,,,,,,,,,,,,,,,,,,,
,,,,,65,3:41:00,64,9:13:00,97,17:53:00,91,27:59:00,88,43:27:00,81,52:18:00,80,55:26:00,,,,,,,,,,,,,,,,,,,,,,,,,,,,,,,
,,,,,,,,,,,,,,,,,,,,,,,,,,,,,,,,,,,,,,,,,,,,,,,,,
DNF,Tandem Unlimited,"Dylan McHardy
Ryan Milby

TC Laura Milby",1111,9:00, ,11:50:00,,16:15:00,,20:12:00,,1:19:00,,8:42:00,,15:16:00,,16:55:00,,,,,,,,,,,,,,,,,,,,,,,,,,,,,,,
,,,,,12,2:50:00,22,4:25:00,17,3:57:00,15,5:07:00,16,7:23:00,11,6:34:00,14,1:39:00,,,,,,,,,,,,,,,,,,,,,,,,,,,,,,,
,,,,,12,2:50:00,18,7:15:00,17,11:12:00,16,16:19:00,14,23:42:00,14,30:16:00,15,31:55:00,,,,,,,,,,,,,,,,,,,,,,,,,,,,,,,
,,,,,,,,,,,,,,,,,,,,,,,,,,,,,,,,,,,,,,,,,,,,,,,,,
DNF,Novice,"Jared O'Brien
Chris Davis

TC Jami O'Brien
TC Ana Davis",1984,9:00, ,12:50:00,,18:04:00,,23:41:00,,7:14:00,,16:30:00,,5:03:00,,7:22:00,,,,,,,,,,,,,,,,,,,,,,,,,,,,,,,
,,,,,67,3:50:00,58,5:14:00,67,5:37:00,63,7:33:00,51,9:16:00,77,12:33:00,51,2:19:00,,,,,,,,,,,,,,,,,,,,,,,,,,,,,,,
,,,,,67,3:50:00,62,9:04:00,66,14:41:00,63,22:14:00,59,31:30:00,59,44:03:00,57,46:22:00,,,,,,,,,,,,,,,,,,,,,,,,,,,,,,,
,,,,,,,,,,,,,,,,,,,,,,,,,,,,,,,,,,,,,,,,,,,,,,,,,
DNF,Solo Unlimited Man,"Jay Berger

TC Patty Berger
TC Victor Berger",712,9:00, ,12:15:00,,16:49:00,,21:13:00,,2:51:00,,12:00:00,,20:07:00,,,,,,,,,,,,,,,,,,,,,,,,,,,,,,,,,
,,,,,31,3:15:00,29,4:34:00,34,4:24:00,28,5:38:00,46,9:09:00,37,8:07:00,,,,,,,,,,,,,,,,,,,,,,,,,,,,,,,,,
,,,,,31,3:15:00,31,7:49:00,32,12:13:00,31,17:51:00,31,27:00:00,30,35:07:00,,,,,,,,,,,,,,,,,,,,,,,,,,,,,,,,,
,,,,,,,,,,,,,,,,,,,,,,,,,,,,,,,,,,,,,,,,,,,,,,,,,
DNF,Solo Unlimited Man,"Michael Carson

TC Lori Musico
TC Dustin Ryktarsyk
",1213,9:00, ,13:17:00,,19:15:00,,2:31:00,,10:31:00,,21:37:00,,10:30:00,,,,,,,,,,,,,,,,,,,,,,,,,,,,,,,,,
,,,,,103,4:17:00,95,5:58:00,96,7:16:00,66,8:00:00,69,11:06:00,80,12:53:00,,,,,,,,,,,,,,,,,,,,,,,,,,,,,,,,,
,,,,,103,4:17:00,98,10:15:00,92,17:31:00,75,25:31:00,74,36:37:00,72,49:30:00,,,,,,,,,,,,,,,,,,,,,,,,,,,,,,,,,
,,,,,,,,,,,,,,,,,,,,,,,,,,,,,,,,,,,,,,,,,,,,,,,,,
DNF,Aluminum,"Sean Leahy
Egan Gyldenege

TC Bruce Abbitt
TC Olivia Palomares",1450,9:00, ,12:32:00,,17:47:00,,23:12:00,,5:45:00,,14:40:00,,23:45:00,,,,,,,,,,,,,,,,,,,,,,,,,,,,,,,,,
,,,,,50,3:32:00,59,5:15:00,63,5:25:00,44,6:33:00,40,8:55:00,49,9:05:00,,,,,,,,,,,,,,,,,,,,,,,,,,,,,,,,,
,,,,,50,3:32:00,56,8:47:00,59,14:12:00,49,20:45:00,48,29:40:00,44,38:45:00,,,,,,,,,,,,,,,,,,,,,,,,,,,,,,,,,
,,,,,,,,,,,,,,,,,,,,,,,,,,,,,,,,,,,,,,,,,,,,,,,,,
DNF,Novice,"Gena McKinley
Ellen Gass

TC Lisa Barden
TC Reid Fisher",40,9:00, ,13:09:00,,19:00:00,,3:25:00,,10:55:00,,21:37:00,,,,,,,,,,,,,,,,,,,,,,,,,,,,,,,,,,,
,,,,,98,4:09:00,86,5:51:00,101,8:25:00,62,7:30:00,66,10:42:00,,,,,,,,,,,,,,,,,,,,,,,,,,,,,,,,,,,
,,,,,98,4:09:00,94,10:00:00,101,18:25:00,78,25:55:00,74,36:37:00,,,,,,,,,,,,,,,,,,,,,,,,,,,,,,,,,,,
,,,,,,,,,,,,,,,,,,,,,,,,,,,,,,,,,,,,,,,,,,,,,,,,,
DNF,Solo Unlimited Man,"Michael Tecci

TC Jessie Hazelwood",387,9:00, ,11:54:00,,16:08:00,,20:03:00,,1:32:00,,9:26:00,,,,,,,,,,,,,,,,,,,,,,,,,,,,,,,,,,,
,,,,,15,2:54:00,15,4:14:00,14,3:55:00,26,5:29:00,25,7:54:00,,,,,,,,,,,,,,,,,,,,,,,,,,,,,,,,,,,
,,,,,15,2:54:00,15,7:08:00,14,11:03:00,17,16:32:00,18,24:26:00,,,,,,,,,,,,,,,,,,,,,,,,,,,,,,,,,,,
,,,,,,,,,,,,,,,,,,,,,,,,,,,,,,,,,,,,,,,,,,,,,,,,,
DNF,Solo Unlimited Man,"Daniel Baumbach

TC Clay Garner
TC Melanie Garner",71,9:00, ,11:56:00,,16:17:00,,20:23:00,,3:27:00,,12:22:00,,,,,,,,,,,,,,,,,,,,,,,,,,,,,,,,,,,
,,,,,18,2:56:00,20,4:21:00,24,4:06:00,57,7:04:00,41,8:55:00,,,,,,,,,,,,,,,,,,,,,,,,,,,,,,,,,,,
,,,,,18,2:56:00,19,7:17:00,19,11:23:00,33,18:27:00,34,27:22:00,,,,,,,,,,,,,,,,,,,,,,,,,,,,,,,,,,,
,,,,,,,,,,,,,,,,,,,,,,,,,,,,,,,,,,,,,,,,,,,,,,,,,
DNF,Solo Unlimited Man,"Chuck Scheidt

TC Stacey Scheidt
TC Pam Lagrone",1000,9:00, ,11:55:00,,16:09:00,,20:24:00,,2:29:00,,14:35:00,,,,,,,,,,,,,,,,,,,,,,,,,,,,,,,,,,,
,,,,,17,2:55:00,16,4:14:00,31,4:15:00,37,6:05:00,83,12:06:00,,,,,,,,,,,,,,,,,,,,,,,,,,,,,,,,,,,
,,,,,17,2:55:00,16,7:09:00,20,11:24:00,28,17:29:00,47,29:35:00,,,,,,,,,,,,,,,,,,,,,,,,,,,,,,,,,,,
,,,,,,,,,,,,,,,,,,,,,,,,,,,,,,,,,,,,,,,,,,,,,,,,,
DNF,Solo Unlimited Woman,"Kileigh Reed

TC Ashley Spradin
TC Jacob Barnes",8666,9:00, ,13:20:00,,19:30:00,,7:34:00,,16:28:00,,7:16:00,,,,,,,,,,,,,,,,,,,,,,,,,,,,,,,,,,,
,,,,,108,4:20:00,104,6:10:00,114,12:04:00,80,8:54:00,89,14:48:00,,,,,,,,,,,,,,,,,,,,,,,,,,,,,,,,,,,
,,,,,108,4:20:00,103,10:30:00,114,22:34:00,100,31:28:00,94,46:16:00,,,,,,,,,,,,,,,,,,,,,,,,,,,,,,,,,,,
,,,,,,,,,,,,,,,,,,,,,,,,,,,,,,,,,,,,,,,,,,,,,,,,,
DNF,Unlimited,"Drew Heffner
Morgan McGee
Kyle Turner - out @ Palmetto
Jason Schulte - out @ Gonzales

TC Jordan Webster
TC Bob Mrdjenovich",1776,9:00, ,13:28:00,,19:51:00,,2:41:00,,14:23:00,,6:10:00,,,,,,,,,,,,,,,,,,,,,,,,,,,,,,,,,,,
,,,,,112,4:28:00,114,6:23:00,85,6:50:00,99,11:42:00,92,15:47:00,,,,,,,,,,,,,,,,,,,,,,,,,,,,,,,,,,,
,,,,,112,4:28:00,111,10:51:00,96,17:41:00,98,29:23:00,93,45:10:00,,,,,,,,,,,,,,,,,,,,,,,,,,,,,,,,,,,
,,,,,,,,,,,,,,,,,,,,,,,,,,,,,,,,,,,,,,,,,,,,,,,,,
DNF,Unlimited,"Cody Taylor
Scott Frazier
Paul Rabuse

TC Chad Barnhill
TC Michelle Frazier",2022,9:00, ,12:26:00,,17:41:00,,22:47:00,,5:13:00,,14:25:00,,,,,,,,,,,,,,,,,,,,,,,,,,,,,,,,,,,
,,,,,41,3:26:00,59,5:15:00,52,5:06:00,43,6:26:00,49,9:12:00,,,,,,,,,,,,,,,,,,,,,,,,,,,,,,,,,,,
,,,,,41,3:26:00,50,8:41:00,50,13:47:00,47,20:13:00,45,29:25:00,,,,,,,,,,,,,,,,,,,,,,,,,,,,,,,,,,,
,,,,,,,,,,,,,,,,,,,,,,,,,,,,,,,,,,,,,,,,,,,,,,,,,
DNF,Solo Unlimited Man,"Jon Schoepflin

TC Shannon Schoepflin
TC Linden Welsch",1,9:00, ,12:53:00,,19:09:00,,2:15:00,,11:01:00,,,,,,,,,,,,,,,,,,,,,,,,,,,,,,,,,,,,,
,,,,,74,3:53:00,108,6:16:00,91,7:06:00,79,8:46:00,,,,,,,,,,,,,,,,,,,,,,,,,,,,,,,,,,,,,
,,,,,74,3:53:00,96,10:09:00,91,17:15:00,79,26:01:00,,,,,,,,,,,,,,,,,,,,,,,,,,,,,,,,,,,,,
,,,,,,,,,,,,,,,,,,,,,,,,,,,,,,,,,,,,,,,,,,,,,,,,,
DNF,Solo Unlimited Man,"Jeff Larsen

TC Keith Stone
TC Ron Green",101,9:00, ,12:40:00,,18:29:00,,1:12:00,,11:31:00,,,,,,,,,,,,,,,,,,,,,,,,,,,,,,,,,,,,,
,,,,,64,3:40:00,83,5:49:00,84,6:43:00,96,10:19:00,,,,,,,,,,,,,,,,,,,,,,,,,,,,,,,,,,,,,
,,,,,64,3:40:00,74,9:29:00,80,16:12:00,83,26:31:00,,,,,,,,,,,,,,,,,,,,,,,,,,,,,,,,,,,,,
,,,,,,,,,,,,,,,,,,,,,,,,,,,,,,,,,,,,,,,,,,,,,,,,,
DNF,Solo Unlimited Man,"Adam Higdon

TC Josh Sarkardehi",420,9:00, ,13:00:00,,18:50:00,,2:31:00,,11:42:00,,,,,,,,,,,,,,,,,,,,,,,,,,,,,,,,,,,,,
,,,,,88,4:00:00,85,5:50:00,98,7:41:00,84,9:11:00,,,,,,,,,,,,,,,,,,,,,,,,,,,,,,,,,,,,,
,,,,,88,4:00:00,89,9:50:00,92,17:31:00,86,26:42:00,,,,,,,,,,,,,,,,,,,,,,,,,,,,,,,,,,,,,
,,,,,,,,,,,,,,,,,,,,,,,,,,,,,,,,,,,,,,,,,,,,,,,,,
DNF,Novice,"Dakota Maddux
Brendon Hale

TC William Maddux",2121,9:00, ,13:18:00,,19:40:00,,4:37:00,,13:52:00,,,,,,,,,,,,,,,,,,,,,,,,,,,,,,,,,,,,,
,,,,,105,4:18:00,113,6:22:00,104,8:57:00,85,9:15:00,,,,,,,,,,,,,,,,,,,,,,,,,,,,,,,,,,,,,
,,,,,105,4:18:00,107,10:40:00,105,19:37:00,95,28:52:00,,,,,,,,,,,,,,,,,,,,,,,,,,,,,,,,,,,,,
,,,,,,,,,,,,,,,,,,,,,,,,,,,,,,,,,,,,,,,,,,,,,,,,,
DNF,Unlimited,"Alberto Nava
Jose Clarke 
George Clarke

TC Dolly Hellinger",5000,9:00, ,13:43:00,,19:58:00,,4:41:00,,13:45:00,,,,,,,,,,,,,,,,,,,,,,,,,,,,,,,,,,,,,
,,,,,118,4:43:00,107,6:15:00,103,8:43:00,83,9:04:00,,,,,,,,,,,,,,,,,,,,,,,,,,,,,,,,,,,,,
,,,,,118,4:43:00,115,10:58:00,106,19:41:00,94,28:45:00,,,,,,,,,,,,,,,,,,,,,,,,,,,,,,,,,,,,,
,,,,,,,,,,,,,,,,,,,,,,,,,,,,,,,,,,,,,,,,,,,,,,,,,
DNF,Aluminum,"Matthew Hughes
Tony Islas

TC Chris Smith
TC Chad Kudela",6304,9:00, ,13:19:00,,19:37:00,,2:34:00,,11:50:00,,,,,,,,,,,,,,,,,,,,,,,,,,,,,,,,,,,,,
,,,,,107,4:19:00,110,6:18:00,87,6:57:00,86,9:16:00,,,,,,,,,,,,,,,,,,,,,,,,,,,,,,,,,,,,,
,,,,,107,4:19:00,105,10:37:00,95,17:34:00,87,26:50:00,,,,,,,,,,,,,,,,,,,,,,,,,,,,,,,,,,,,,
,,,,,,,,,,,,,,,,,,,,,,,,,,,,,,,,,,,,,,,,,,,,,,,,,
DNF,Solo Unlimited Man,"BJ Dobbs

TC Crystal Dobbs
TC Anna Brock",6988,9:00, ,12:54:00,,18:45:00,,4:20:00,,11:40:00,,,,,,,,,,,,,,,,,,,,,,,,,,,,,,,,,,,,,
,,,,,78,3:54:00,87,5:51:00,107,9:35:00,58,7:20:00,,,,,,,,,,,,,,,,,,,,,,,,,,,,,,,,,,,,,
,,,,,78,3:54:00,84,9:45:00,104,19:20:00,85,26:40:00,,,,,,,,,,,,,,,,,,,,,,,,,,,,,,,,,,,,,
,,,,,,,,,,,,,,,,,,,,,,,,,,,,,,,,,,,,,,,,,,,,,,,,,
DNF,Solo Unlimited Man,"Aaron Bukszpan

TC Amy Bukszpan",77,9:00, ,12:51:00,,18:50:00,,23:32:00,,,,,,,,,,,,,,,,,,,,,,,,,,,,,,,,,,,,,,,
,,,,,68,3:51:00,96,5:59:00,39,4:42:00,,,,,,,,,,,,,,,,,,,,,,,,,,,,,,,,,,,,,,,
,,,,,68,3:51:00,89,9:50:00,65,14:32:00,,,,,,,,,,,,,,,,,,,,,,,,,,,,,,,,,,,,,,,
,,,,,,,,,,,,,,,,,,,,,,,,,,,,,,,,,,,,,,,,,,,,,,,,,
DNF,Solo Unlimited Man,"Pat Stroka

TC Roy Kleinsasser
TC Caroline Blackwell Daigle",78,9:00, ,13:02:00,,18:37:00,,4:09:00,,,,,,,,,,,,,,,,,,,,,,,,,,,,,,,,,,,,,,,
,,,,,90,4:02:00,76,5:35:00,105,9:32:00,,,,,,,,,,,,,,,,,,,,,,,,,,,,,,,,,,,,,,,
,,,,,90,4:02:00,79,9:37:00,102,19:09:00,,,,,,,,,,,,,,,,,,,,,,,,,,,,,,,,,,,,,,,
,,,,,,,,,,,,,,,,,,,,,,,,,,,,,,,,,,,,,,,,,,,,,,,,,
DNF,Tandem Unlimited,"Chad Monney
Wyatt Monney

TC Kandace Monney",421,9:00, ,13:32:00,,19:56:00,,7:29:00,,,,,,,,,,,,,,,,,,,,,,,,,,,,,,,,,,,,,,,
,,,,,114,4:32:00,115,6:24:00,113,11:33:00,,,,,,,,,,,,,,,,,,,,,,,,,,,,,,,,,,,,,,,
,,,,,114,4:32:00,113,10:56:00,112,22:29:00,,,,,,,,,,,,,,,,,,,,,,,,,,,,,,,,,,,,,,,
,,,,,,,,,,,,,,,,,,,,,,,,,,,,,,,,,,,,,,,,,,,,,,,,,
DNF,Solo Unlimited Woman,"Cyndi Wilsdorf

TC Stephanie Wolfe
TC Mariann Dahl",811,9:00, ,12:23:00,,17:18:00,,23:01:00,,,,,,,,,,,,,,,,,,,,,,,,,,,,,,,,,,,,,,,
,,,,,39,3:23:00,42,4:55:00,70,5:43:00,,,,,,,,,,,,,,,,,,,,,,,,,,,,,,,,,,,,,,,
,,,,,39,3:23:00,36,8:18:00,56,14:01:00,,,,,,,,,,,,,,,,,,,,,,,,,,,,,,,,,,,,,,,
,,,,,,,,,,,,,,,,,,,,,,,,,,,,,,,,,,,,,,,,,,,,,,,,,
DNF,Mixed Tandem Unlimited,"Johnny Garcia
Annika Garcia

TC Nicole Garcia",924,9:00, ,13:18:00,,19:59:00,,7:29:00,,,,,,,,,,,,,,,,,,,,,,,,,,,,,,,,,,,,,,,
,,,,,105,4:18:00,117,6:41:00,112,11:30:00,,,,,,,,,,,,,,,,,,,,,,,,,,,,,,,,,,,,,,,
,,,,,105,4:18:00,116,10:59:00,112,22:29:00,,,,,,,,,,,,,,,,,,,,,,,,,,,,,,,,,,,,,,,
,,,,,,,,,,,,,,,,,,,,,,,,,,,,,,,,,,,,,,,,,,,,,,,,,
DNF,Standard,"Michael Pritulsky
Doug McCoy

TC Ian Holloway
TC Josh Dennis",2013,9:00, ,12:58:00,,18:58:00,,1:35:00,,,,,,,,,,,,,,,,,,,,,,,,,,,,,,,,,,,,,,,
,,,,,85,3:58:00,97,6:00:00,83,6:37:00,,,,,,,,,,,,,,,,,,,,,,,,,,,,,,,,,,,,,,,
,,,,,85,3:58:00,93,9:58:00,84,16:35:00,,,,,,,,,,,,,,,,,,,,,,,,,,,,,,,,,,,,,,,
,,,,,,,,,,,,,,,,,,,,,,,,,,,,,,,,,,,,,,,,,,,,,,,,,
DNF,Standard,"Tim Curry
Jay Daniel out @ Luling

TC Mickye Adams
TC Kristin Daniel",2014,9:00, ,12:16:00,,18:21:00,,0:43:00,,,,,,,,,,,,,,,,,,,,,,,,,,,,,,,,,,,,,,,
,,,,,32,3:16:00,102,6:05:00,80,6:22:00,,,,,,,,,,,,,,,,,,,,,,,,,,,,,,,,,,,,,,,
,,,,,32,3:16:00,68,9:21:00,78,15:43:00,,,,,,,,,,,,,,,,,,,,,,,,,,,,,,,,,,,,,,,
,,,,,,,,,,,,,,,,,,,,,,,,,,,,,,,,,,,,,,,,,,,,,,,,,
DNF,Tandem Unlimited,"John Henry  Fischer
Ryan Evers

TC David Fischer
TC Kate Fischer",3156,9:00, ,13:27:00,,19:22:00,,3:06:00,,,,,,,,,,,,,,,,,,,,,,,,,,,,,,,,,,,,,,,
,,,,,111,4:27:00,92,5:55:00,99,7:44:00,,,,,,,,,,,,,,,,,,,,,,,,,,,,,,,,,,,,,,,
,,,,,111,4:27:00,102,10:22:00,99,18:06:00,,,,,,,,,,,,,,,,,,,,,,,,,,,,,,,,,,,,,,,
,,,,,,,,,,,,,,,,,,,,,,,,,,,,,,,,,,,,,,,,,,,,,,,,,
DNF,Standard,"David McGonagill
Sean Rommel

TC Hampton Fontenot
TC Carson Rommel",3394,9:00, ,12:27:00,,17:33:00,,22:43:00,,,,,,,,,,,,,,,,,,,,,,,,,,,,,,,,,,,,,,,
,,,,,43,3:27:00,50,5:06:00,53,5:10:00,,,,,,,,,,,,,,,,,,,,,,,,,,,,,,,,,,,,,,,
,,,,,43,3:27:00,45,8:33:00,47,13:43:00,,,,,,,,,,,,,,,,,,,,,,,,,,,,,,,,,,,,,,,
,,,,,,,,,,,,,,,,,,,,,,,,,,,,,,,,,,,,,,,,,,,,,,,,,
DNF,Unlimited,"Mark Taylor
Scott Heinze
Diane Phalen

TC Patrick Eagan",5364,9:00, ,12:52:00,,18:22:00,,1:16:00,,,,,,,,,,,,,,,,,,,,,,,,,,,,,,,,,,,,,,,
,,,,,71,3:52:00,68,5:30:00,86,6:54:00,,,,,,,,,,,,,,,,,,,,,,,,,,,,,,,,,,,,,,,
,,,,,71,3:52:00,69,9:22:00,81,16:16:00,,,,,,,,,,,,,,,,,,,,,,,,,,,,,,,,,,,,,,,
,,,,,,,,,,,,,,,,,,,,,,,,,,,,,,,,,,,,,,,,,,,,,,,,,
DNF,USCA C-2,"Rhyan Staten
Michael Felchak

TC Kelley Felchak
TC Ashley Wynn",5884,9:00, ,13:01:00,,18:35:00,,2:13:00,,,,,,,,,,,,,,,,,,,,,,,,,,,,,,,,,,,,,,,
,,,,,89,4:01:00,74,5:34:00,97,7:38:00,,,,,,,,,,,,,,,,,,,,,,,,,,,,,,,,,,,,,,,
,,,,,89,4:01:00,78,9:35:00,90,17:13:00,,,,,,,,,,,,,,,,,,,,,,,,,,,,,,,,,,,,,,,
,,,,,,,,,,,,,,,,,,,,,,,,,,,,,,,,,,,,,,,,,,,,,,,,,
DNF,Tandem Unlimited,"Ryan Tedrow
Marcus Monroe

TC Amanda Tedrow
TC Tressa Monroe",8181,9:00, ,12:58:00,,18:44:00,,1:18:00,,,,,,,,,,,,,,,,,,,,,,,,,,,,,,,,,,,,,,,
,,,,,85,3:58:00,81,5:46:00,82,6:34:00,,,,,,,,,,,,,,,,,,,,,,,,,,,,,,,,,,,,,,,
,,,,,85,3:58:00,81,9:44:00,82,16:18:00,,,,,,,,,,,,,,,,,,,,,,,,,,,,,,,,,,,,,,,
,,,,,,,,,,,,,,,,,,,,,,,,,,,,,,,,,,,,,,,,,,,,,,,,,
DNF,USCA C-2,"David Deal
Richard Wessels

TC Donna Davenport Johnson
TC Howard Johnson",8183,9:00, ,13:17:00,,18:45:00,,1:50:00,,,,,,,,,,,,,,,,,,,,,,,,,,,,,,,,,,,,,,,
,,,,,103,4:17:00,66,5:28:00,89,7:05:00,,,,,,,,,,,,,,,,,,,,,,,,,,,,,,,,,,,,,,,
,,,,,103,4:17:00,84,9:45:00,86,16:50:00,,,,,,,,,,,,,,,,,,,,,,,,,,,,,,,,,,,,,,,
,,,,,,,,,,,,,,,,,,,,,,,,,,,,,,,,,,,,,,,,,,,,,,,,,
DNF,USCA C-1 Man,"Kalyn Baur

TC Michael Lugo",183,9:00, ,13:35:00,,19:57:00,,,,,,,,,,,,,,,,,,,,,,,,,,,,,,,,,,,,,,,,,
,,,,,115,4:35:00,112,6:22:00,,,,,,,,,,,,,,,,,,,,,,,,,,,,,,,,,,,,,,,,,
,,,,,115,4:35:00,114,10:57:00,,,,,,,,,,,,,,,,,,,,,,,,,,,,,,,,,,,,,,,,,
,,,,,,,,,,,,,,,,,,,,,,,,,,,,,,,,,,,,,,,,,,,,,,,,,
DNF,Solo Unlimited Man,"Matt Bonura

TC Christi Bonura
TC Sean Eary",224,9:00, ,12:36:00,,18:44:00,,,,,,,,,,,,,,,,,,,,,,,,,,,,,,,,,,,,,,,,,
,,,,,58,3:36:00,103,6:08:00,,,,,,,,,,,,,,,,,,,,,,,,,,,,,,,,,,,,,,,,,
,,,,,58,3:36:00,81,9:44:00,,,,,,,,,,,,,,,,,,,,,,,,,,,,,,,,,,,,,,,,,
,,,,,,,,,,,,,,,,,,,,,,,,,,,,,,,,,,,,,,,,,,,,,,,,,
DNF,Solo Unlimited Man,"Brian Frey

TC Chelsea Rumbo
TC Erich Frey",956,9:00, ,13:16:00,,20:12:00,,,,,,,,,,,,,,,,,,,,,,,,,,,,,,,,,,,,,,,,,
,,,,,101,4:16:00,118,6:56:00,,,,,,,,,,,,,,,,,,,,,,,,,,,,,,,,,,,,,,,,,
,,,,,101,4:16:00,118,11:12:00,,,,,,,,,,,,,,,,,,,,,,,,,,,,,,,,,,,,,,,,,
,,,,,,,,,,,,,,,,,,,,,,,,,,,,,,,,,,,,,,,,,,,,,,,,,
DNF,Tandem Unlimited,"Shilo Monney
Elijah Monney

TC Lynn Monney
TC Maureen Monney",7604,9:00, ,13:16:00,,19:20:00,,,,,,,,,,,,,,,,,,,,,,,,,,,,,,,,,,,,,,,,,
,,,,,101,4:16:00,100,6:04:00,,,,,,,,,,,,,,,,,,,,,,,,,,,,,,,,,,,,,,,,,
,,,,,101,4:16:00,99,10:20:00,,,,,,,,,,,,,,,,,,,,,,,,,,,,,,,,,,,,,,,,,
,,,,,,,,,,,,,,,,,,,,,,,,,,,,,,,,,,,,,,,,,,,,,,,,,
DNF,Novice,"Eric Fish
Preston Campbell

TC Mike LaGrange",11,9:00, ,14:10:00,,,,,,,,,,,,,,,,,,,,,,,,,,,,,,,,,,,,,,,,,,,
,,,,,133,5:10:00,,,,,,,,,,,,,,,,,,,,,,,,,,,,,,,,,,,,,,,,,,,
,,,,,133,5:10:00,,,,,,,,,,,,,,,,,,,,,,,,,,,,,,,,,,,,,,,,,,,
,,,,,,,,,,,,,,,,,,,,,,,,,,,,,,,,,,,,,,,,,,,,,,,,,
DNF,Novice,"Dick Kuntzman
Ricky Arambula

TC Amy Kuntzman
TC Heidi Arambula",7734,9:00, ,14:03:00,,,,,,,,,,,,,,,,,,,,,,,,,,,,,,,,,,,,,,,,,,,
,,,,,127,5:03:00,,,,,,,,,,,,,,,,,,,,,,,,,,,,,,,,,,,,,,,,,,,
,,,,,127,5:03:00,,,,,,,,,,,,,,,,,,,,,,,,,,,,,,,,,,,,,,,,,,,
,,,,,,,,,,,,,,,,,,,,,,,,,,,,,,,,,,,,,,,,,,,,,,,,,
DNF,Unlimited Women,"Amanda Chicago
Christine Drennon

TC Cindy Kahl
TC Tami McWhorter",115,9:00, ,14:04:00,,,,,,,,,,,,,,,,,,,,,,,,,,,,,,,,,,,,,,,,,,,
,,,,,128,5:04:00,,,,,,,,,,,,,,,,,,,,,,,,,,,,,,,,,,,,,,,,,,,
,,,,,128,5:04:00,,,,,,,,,,,,,,,,,,,,,,,,,,,,,,,,,,,,,,,,,,,
,,,,,,,,,,,,,,,,,,,,,,,,,,,,,,,,,,,,,,,,,,,,,,,,,
DNF,Solo Unlimited Man,"Stuart Gillies

TC Alison Gilles",427,9:00, ,13:46:00,,,,,,,,,,,,,,,,,,,,,,,,,,,,,,,,,,,,,,,,,,,
,,,,,120,4:46:00,,,,,,,,,,,,,,,,,,,,,,,,,,,,,,,,,,,,,,,,,,,
,,,,,120,4:46:00,,,,,,,,,,,,,,,,,,,,,,,,,,,,,,,,,,,,,,,,,,,
,,,,,,,,,,,,,,,,,,,,,,,,,,,,,,,,,,,,,,,,,,,,,,,,,
DNF,Mixed Tandem Unlimited,"Alexander Diaz
Joli Miracle

TC William Miracle",911,9:00, ,13:45:00,,,,,,,,,,,,,,,,,,,,,,,,,,,,,,,,,,,,,,,,,,,
,,,,,119,4:45:00,,,,,,,,,,,,,,,,,,,,,,,,,,,,,,,,,,,,,,,,,,,
,,,,,119,4:45:00,,,,,,,,,,,,,,,,,,,,,,,,,,,,,,,,,,,,,,,,,,,
,,,,,,,,,,,,,,,,,,,,,,,,,,,,,,,,,,,,,,,,,,,,,,,,,
DNF,Tandem Unlimited,"Matthew Tidmore
Doug Crum

TC Janell Crum
TC Aaron Crum",979,9:00, ,14:20:00,,,,,,,,,,,,,,,,,,,,,,,,,,,,,,,,,,,,,,,,,,,
,,,,,134,5:20:00,,,,,,,,,,,,,,,,,,,,,,,,,,,,,,,,,,,,,,,,,,,
,,,,,134,5:20:00,,,,,,,,,,,,,,,,,,,,,,,,,,,,,,,,,,,,,,,,,,,
,,,,,,,,,,,,,,,,,,,,,,,,,,,,,,,,,,,,,,,,,,,,,,,,,
DNF,Solo Unlimited Woman,"Kelsey Lee

TC Jared Moore",1030,9:00, ,14:04:00,,,,,,,,,,,,,,,,,,,,,,,,,,,,,,,,,,,,,,,,,,,
,,,,,128,5:04:00,,,,,,,,,,,,,,,,,,,,,,,,,,,,,,,,,,,,,,,,,,,
,,,,,128,5:04:00,,,,,,,,,,,,,,,,,,,,,,,,,,,,,,,,,,,,,,,,,,,
,,,,,,,,,,,,,,,,,,,,,,,,,,,,,,,,,,,,,,,,,,,,,,,,,
DNF,Solo Unlimited Woman,"Michelle Waterman

TC Joel Crutcher
TC Debbie Sackett",1137,9:00, ,13:03:00,,,,,,,,,,,,,,,,,,,,,,,,,,,,,,,,,,,,,,,,,,,
,,,,,93,4:03:00,,,,,,,,,,,,,,,,,,,,,,,,,,,,,,,,,,,,,,,,,,,
,,,,,93,4:03:00,,,,,,,,,,,,,,,,,,,,,,,,,,,,,,,,,,,,,,,,,,,
,,,,,,,,,,,,,,,,,,,,,,,,,,,,,,,,,,,,,,,,,,,,,,,,,
DNF,Tandem Unlimited,"Kip Jacobson
Joseph Jacobson

TC Jordan Slaughter
TC Jenny Davis",1836,9:00, ,13:03:00,,,,,,,,,,,,,,,,,,,,,,,,,,,,,,,,,,,,,,,,,,,
,,,,,93,4:03:00,,,,,,,,,,,,,,,,,,,,,,,,,,,,,,,,,,,,,,,,,,,
,,,,,93,4:03:00,,,,,,,,,,,,,,,,,,,,,,,,,,,,,,,,,,,,,,,,,,,
,,,,,,,,,,,,,,,,,,,,,,,,,,,,,,,,,,,,,,,,,,,,,,,,,
DNF,Solo Unlimited Man,"Meridith Cullen

TC Jimmy Woytasczyk
TC Danielle Cullen",1929,9:00, ,14:04:00,,,,,,,,,,,,,,,,,,,,,,,,,,,,,,,,,,,,,,,,,,,
,,,,,128,5:04:00,,,,,,,,,,,,,,,,,,,,,,,,,,,,,,,,,,,,,,,,,,,
,,,,,128,5:04:00,,,,,,,,,,,,,,,,,,,,,,,,,,,,,,,,,,,,,,,,,,,
,,,,,,,,,,,,,,,,,,,,,,,,,,,,,,,,,,,,,,,,,,,,,,,,,
DNF,Unlimited,"Emma Andruss
John Andruss
Joey Andruss

TC Tim Andruss
TC Denise Andruss",2019,9:00, ,13:29:00,,,,,,,,,,,,,,,,,,,,,,,,,,,,,,,,,,,,,,,,,,,
,,,,,113,4:29:00,,,,,,,,,,,,,,,,,,,,,,,,,,,,,,,,,,,,,,,,,,,
,,,,,113,4:29:00,,,,,,,,,,,,,,,,,,,,,,,,,,,,,,,,,,,,,,,,,,,
,,,,,,,,,,,,,,,,,,,,,,,,,,,,,,,,,,,,,,,,,,,,,,,,,
DNF,Novice,"Chase Meadors
Chavel Silva

TC Victor Ramirez
TC You Jang",2351,9:00, ,14:05:00,,,,,,,,,,,,,,,,,,,,,,,,,,,,,,,,,,,,,,,,,,,
,,,,,132,5:05:00,,,,,,,,,,,,,,,,,,,,,,,,,,,,,,,,,,,,,,,,,,,
,,,,,132,5:05:00,,,,,,,,,,,,,,,,,,,,,,,,,,,,,,,,,,,,,,,,,,,
,,,,,,,,,,,,,,,,,,,,,,,,,,,,,,,,,,,,,,,,,,,,,,,,,
DNF,Tandem Unlimited,"CJ Czelusta
Nick Fowler

TC CJ Czelusta",4339,9:00, ,13:54:00,,,,,,,,,,,,,,,,,,,,,,,,,,,,,,,,,,,,,,,,,,,
,,,,,124,4:54:00,,,,,,,,,,,,,,,,,,,,,,,,,,,,,,,,,,,,,,,,,,,
,,,,,124,4:54:00,,,,,,,,,,,,,,,,,,,,,,,,,,,,,,,,,,,,,,,,,,,
,,,,,,,,,,,,,,,,,,,,,,,,,,,,,,,,,,,,,,,,,,,,,,,,,
DNF,Novice,"Dale Sigler
Kip Fedora

TC Hayden Davis
TC Jessica Sigler",4442,9:00, ,14:01:00,,,,,,,,,,,,,,,,,,,,,,,,,,,,,,,,,,,,,,,,,,,
,,,,,126,5:01:00,,,,,,,,,,,,,,,,,,,,,,,,,,,,,,,,,,,,,,,,,,,
,,,,,126,5:01:00,,,,,,,,,,,,,,,,,,,,,,,,,,,,,,,,,,,,,,,,,,,
,,,,,,,,,,,,,,,,,,,,,,,,,,,,,,,,,,,,,,,,,,,,,,,,,
DNF,Novice,"Patrick Stephenson
Brady Stephenson

TC Shane Stephenson
TC Chris Knudsen",5668,9:00, ,14:35:00,,,,,,,,,,,,,,,,,,,,,,,,,,,,,,,,,,,,,,,,,,,
,,,,,135,5:35:00,,,,,,,,,,,,,,,,,,,,,,,,,,,,,,,,,,,,,,,,,,,
,,,,,135,5:35:00,,,,,,,,,,,,,,,,,,,,,,,,,,,,,,,,,,,,,,,,,,,
,,,,,,,,,,,,,,,,,,,,,,,,,,,,,,,,,,,,,,,,,,,,,,,,,
DNF,Aluminum,"Mark Howell
Douglas  Howell

TC Lauren Howell
TC Stetson Dierlam",6499,9:00, ,14:04:00,,,,,,,,,,,,,,,,,,,,,,,,,,,,,,,,,,,,,,,,,,,
,,,,,128,5:04:00,,,,,,,,,,,,,,,,,,,,,,,,,,,,,,,,,,,,,,,,,,,
,,,,,128,5:04:00,,,,,,,,,,,,,,,,,,,,,,,,,,,,,,,,,,,,,,,,,,,
,,,,,,,,,,,,,,,,,,,,,,,,,,,,,,,,,,,,,,,,,,,,,,,,,
DNF,Tandem Unlimited,"Christopher Staples
Eric Flores

TC Elizabeth Flores
TC Mary Staples",8287,9:00, ,13:53:00,,,,,,,,,,,,,,,,,,,,,,,,,,,,,,,,,,,,,,,,,,,
,,,,,123,4:53:00,,,,,,,,,,,,,,,,,,,,,,,,,,,,,,,,,,,,,,,,,,,
,,,,,123,4:53:00,,,,,,,,,,,,,,,,,,,,,,,,,,,,,,,,,,,,,,,,,,,
,,,,,,,,,,,,,,,,,,,,,,,,,,,,,,,,,,,,,,,,,,,,,,,,,
DNF,Solo Unlimited Man,"Ashby McMullan

TC Joanie McMullan
TC Lexie Ridings",555,9:00,,,,,,,,,,,,,,,,,,,,,,,,,,,,,,,,,,,,,,,,,,,,,
,,,,,,,,,,,,,,,,,,,,,,,,,,,,,,,,,,,,,,,,,,,,,,,,,
,,,,,,,,,,,,,,,,,,,,,,,,,,,,,,,,,,,,,,,,,,,,,,,,,
,,,,,,,,,,,,,,,,,,,,,,,,,,,,,,,,,,,,,,,,,,,,,,,,,
DNF,Unlimited,"David Kurtenbach
Geno Marsili
Cali Buchanan
Marcy Buchanan

TC Sam Kurtenbach
TC Lisa Marsili",1977,9:00,,,,,,,,,,,,,,,,,,,,,,,,,,,,,,,,,,,,,,,,,,,,,
,,,,,,,,,,,,,,,,,,,,,,,,,,,,,,,,,,,,,,,,,,,,,,,,,
,,,,,,,,,,,,,,,,,,,,,,,,,,,,,,,,,,,,,,,,,,,,,,,,,
,,,,,,,,,,,,,,,,,,,,,,,,,,,,,,,,,,,,,,,,,,,,,,,,,
DNF,Unlimited,"Todd Bryan
Fred Campbell
Will Hyde

TC Carla Bryan",4242,9:00,,,,,,,,,,,,,,,,,,,,,,,,,,,,,,,,,,,,,,,,,,,,,
,,,,,,,,,,,,,,,,,,,,,,,,,,,,,,,,,,,,,,,,,,,,,,,,,
,,,,,,,,,,,,,,,,,,,,,,,,,,,,,,,,,,,,,,,,,,,,,,,,,
,,,,,,,,,,,,,,,,,,,,,,,,,,,,,,,,,,,,,,,,,,,,,,,,,
,,,,,,,,,,,,,,,,,,,,,,,,,,,,,,,,,,,,,,,,,,,,,,,,,
,,,,,,,,,,,,,,,,,,,,,,,,,,,,,,,,,,,,,,,,,,,,,,,,,
,,,,,,,,,,,,,,,,,,,,,,,,,,,,,,,,,,,,,,,,,,,,,,,,,
,,,,,,,,,,,,,,,,,,,,,,,,,,,,,,,,,,,,,,,,,,,,,,,,,
,,,,,,,,,,,,,,,,,,,,,,,,,,,,,,,,,,,,,,,,,,,,,,,,,
,,,,,,,,,,,,,,,,,,,,,,,,,,,,,,,,,,,,,,,,,,,,,,,,,
,,,,,,,,,,,,,,,,,,,,,,,,,,,,,,,,,,,,,,,,,,,,,,,,,
,,,,,,,,,,,,,,,,,,,,,,,,,,,,,,,,,,,,,,,,,,,,,,,,,
,,,,,,,,,,,,,,,,,,,,,,,,,,,,,,,,,,,,,,,,,,,,,,,,,
,,,,,,,,,,,,,,,,,,,,,,,,,,,,,,,,,,,,,,,,,,,,,,,,,
,,,,,,,,,,,,,,,,,,,,,,,,,,,,,,,,,,,,,,,,,,,,,,,,,
,,,,,,,,,,,,,,,,,,,,,,,,,,,,,,,,,,,,,,,,,,,,,,,,,
,,,,,,,,,,,,,,,,,,,,,,,,,,,,,,,,,,,,,,,,,,,,,,,,,
,,,,,,,,,,,,,,,,,,,,,,,,,,,,,,,,,,,,,,,,,,,,,,,,,
,,,,,,,,,,,,,,,,,,,,,,,,,,,,,,,,,,,,,,,,,,,,,,,,,
,,,,,,,,,,,,,,,,,,,,,,,,,,,,,,,,,,,,,,,,,,,,,,,,,
,,,,,,,,,,,,,,,,,,,,,,,,,,,,,,,,,,,,,,,,,,,,,,,,,
,,,,,,,,,,,,,,,,,,,,,,,,,,,,,,,,,,,,,,,,,,,,,,,,,
,,,,,,,,,,,,,,,,,,,,,,,,,,,,,,,,,,,,,,,,,,,,,,,,,
,,,,,,,,,,,,,,,,,,,,,,,,,,,,,,,,,,,,,,,,,,,,,,,,,
,,,,,,,,,,,,,,,,,,,,,,,,,,,,,,,,,,,,,,,,,,,,,,,,,
,,,,,,,,,,,,,,,,,,,,,,,,,,,,,,,,,,,,,,,,,,,,,,,,,
,,,,,,,,,,,,,,,,,,,,,,,,,,,,,,,,,,,,,,,,,,,,,,,,,
,,,,,,,,,,,,,,,,,,,,,,,,,,,,,,,,,,,,,,,,,,,,,,,,,
,,,,,,,,,,,,,,,,,,,,,,,,,,,,,,,,,,,,,,,,,,,,,,,,,
,,,,,,,,,,,,,,,,,,,,,,,,,,,,,,,,,,,,,,,,,,,,,,,,,
,,,,,,,,,,,,,,,,,,,,,,,,,,,,,,,,,,,,,,,,,,,,,,,,,
,,,,,,,,,,,,,,,,,,,,,,,,,,,,,,,,,,,,,,,,,,,,,,,,,
,,,,,,,,,,,,,,,,,,,,,,,,,,,,,,,,,,,,,,,,,,,,,,,,,
,,,,,,,,,,,,,,,,,,,,,,,,,,,,,,,,,,,,,,,,,,,,,,,,,
,,,,,,,,,,,,,,,,,,,,,,,,,,,,,,,,,,,,,,,,,,,,,,,,,
,,,,,,,,,,,,,,,,,,,,,,,,,,,,,,,,,,,,,,,,,,,,,,,,,
,,,,,,,,,,,,,,,,,,,,,,,,,,,,,,,,,,,,,,,,,,,,,,,,,
,,,,,,,,,,,,,,,,,,,,,,,,,,,,,,,,,,,,,,,,,,,,,,,,,
,,,,,,,,,,,,,,,,,,,,,,,,,,,,,,,,,,,,,,,,,,,,,,,,,
,,,,,,,,,,,,,,,,,,,,,,,,,,,,,,,,,,,,,,,,,,,,,,,,,
,,,,,,,,,,,,,,,,,,,,,,,,,,,,,,,,,,,,,,,,,,,,,,,,,
,,,,,,,,,,,,,,,,,,,,,,,,,,,,,,,,,,,,,,,,,,,,,,,,,
,,,,,,,,,,,,,,,,,,,,,,,,,,,,,,,,,,,,,,,,,,,,,,,,,
,,,,,,,,,,,,,,,,,,,,,,,,,,,,,,,,,,,,,,,,,,,,,,,,,
,,,,,,,,,,,,,,,,,,,,,,,,,,,,,,,,,,,,,,,,,,,,,,,,,
,,,,,,,,,,,,,,,,,,,,,,,,,,,,,,,,,,,,,,,,,,,,,,,,,
,,,,,,,,,,,,,,,,,,,,,,,,,,,,,,,,,,,,,,,,,,,,,,,,,
,,,,,,,,,,,,,,,,,,,,,,,,,,,,,,,,,,,,,,,,,,,,,,,,,
,,,,,,,,,,,,,,,,,,,,,,,,,,,,,,,,,,,,,,,,,,,,,,,,,
,,,,,,,,,,,,,,,,,,,,,,,,,,,,,,,,,,,,,,,,,,,,,,,,,
,,,,,,,,,,,,,,,,,,,,,,,,,,,,,,,,,,,,,,,,,,,,,,,,,
,,,,,,,,,,,,,,,,,,,,,,,,,,,,,,,,,,,,,,,,,,,,,,,,,
,,,,,,,,,,,,,,,,,,,,,,,,,,,,,,,,,,,,,,,,,,,,,,,,,
,,,,,,,,,,,,,,,,,,,,,,,,,,,,,,,,,,,,,,,,,,,,,,,,,
,,,,,,,,,,,,,,,,,,,,,,,,,,,,,,,,,,,,,,,,,,,,,,,,,
,,,,,,,,,,,,,,,,,,,,,,,,,,,,,,,,,,,,,,,,,,,,,,,,,
,,,,,,,,,,,,,,,,,,,,,,,,,,,,,,,,,,,,,,,,,,,,,,,,,
,,,,,,,,,,,,,,,,,,,,,,,,,,,,,,,,,,,,,,,,,,,,,,,,,
,,,,,,,,,,,,,,,,,,,,,,,,,,,,,,,,,,,,,,,,,,,,,,,,,
,,,,,,,,,,,,,,,,,,,,,,,,,,,,,,,,,,,,,,,,,,,,,,,,,
,,,,,,,,,,,,,,,,,,,,,,,,,,,,,,,,,,,,,,,,,,,,,,,,,
,,,,,,,,,,,,,,,,,,,,,,,,,,,,,,,,,,,,,,,,,,,,,,,,,
,,,,,,,,,,,,,,,,,,,,,,,,,,,,,,,,,,,,,,,,,,,,,,,,,
,,,,,,,,,,,,,,,,,,,,,,,,,,,,,,,,,,,,,,,,,,,,,,,,,
,,,,,,,,,,,,,,,,,,,,,,,,,,,,,,,,,,,,,,,,,,,,,,,,,
,,,,,,,,,,,,,,,,,,,,,,,,,,,,,,,,,,,,,,,,,,,,,,,,,
,,,,,,,,,,,,,,,,,,,,,,,,,,,,,,,,,,,,,,,,,,,,,,,,,
,,,,,,,,,,,,,,,,,,,,,,,,,,,,,,,,,,,,,,,,,,,,,,,,,
,,,,,,,,,,,,,,,,,,,,,,,,,,,,,,,,,,,,,,,,,,,,,,,,,
,,,,,,,,,,,,,,,,,,,,,,,,,,,,,,,,,,,,,,,,,,,,,,,,,
,,,,,,,,,,,,,,,,,,,,,,,,,,,,,,,,,,,,,,,,,,,,,,,,,
,,,,,,,,,,,,,,,,,,,,,,,,,,,,,,,,,,,,,,,,,,,,,,,,,
,,,,,,,,,,,,,,,,,,,,,,,,,,,,,,,,,,,,,,,,,,,,,,,,,
,,,,,,,,,,,,,,,,,,,,,,,,,,,,,,,,,,,,,,,,,,,,,,,,,
,,,,,,,,,,,,,,,,,,,,,,,,,,,,,,,,,,,,,,,,,,,,,,,,,
,,,,,,,,,,,,,,,,,,,,,,,,,,,,,,,,,,,,,,,,,,,,,,,,,
,,,,,,,,,,,,,,,,,,,,,,,,,,,,,,,,,,,,,,,,,,,,,,,,,
,,,,,,,,,,,,,,,,,,,,,,,,,,,,,,,,,,,,,,,,,,,,,,,,,
,,,,,,,,,,,,,,,,,,,,,,,,,,,,,,,,,,,,,,,,,,,,,,,,,
,,,,,,,,,,,,,,,,,,,,,,,,,,,,,,,,,,,,,,,,,,,,,,,,,
,,,,,,,,,,,,,,,,,,,,,,,,,,,,,,,,,,,,,,,,,,,,,,,,,
,,,,,,,,,,,,,,,,,,,,,,,,,,,,,,,,,,,,,,,,,,,,,,,,,
,,,,,,,,,,,,,,,,,,,,,,,,,,,,,,,,,,,,,,,,,,,,,,,,,
,,,,,,,,,,,,,,,,,,,,,,,,,,,,,,,,,,,,,,,,,,,,,,,,,
,,,,,,,,,,,,,,,,,,,,,,,,,,,,,,,,,,,,,,,,,,,,,,,,,
,,,,,,,,,,,,,,,,,,,,,,,,,,,,,,,,,,,,,,,,,,,,,,,,,
,,,,,,,,,,,,,,,,,,,,,,,,,,,,,,,,,,,,,,,,,,,,,,,,,
,,,,,,,,,,,,,,,,,,,,,,,,,,,,,,,,,,,,,,,,,,,,,,,,,
,,,,,,,,,,,,,,,,,,,,,,,,,,,,,,,,,,,,,,,,,,,,,,,,,
,,,,,,,,,,,,,,,,,,,,,,,,,,,,,,,,,,,,,,,,,,,,,,,,,
,,,,,,,,,,,,,,,,,,,,,,,,,,,,,,,,,,,,,,,,,,,,,,,,,
,,,,,,,,,,,,,,,,,,,,,,,,,,,,,,,,,,,,,,,,,,,,,,,,,
,,,,,,,,,,,,,,,,,,,,,,,,,,,,,,,,,,,,,,,,,,,,,,,,,
,,,,,,,,,,,,,,,,,,,,,,,,,,,,,,,,,,,,,,,,,,,,,,,,,
,,,,,,,,,,,,,,,,,,,,,,,,,,,,,,,,,,,,,,,,,,,,,,,,,
,,,,,,,,,,,,,,,,,,,,,,,,,,,,,,,,,,,,,,,,,,,,,,,,,
,,,,,,,,,,,,,,,,,,,,,,,,,,,,,,,,,,,,,,,,,,,,,,,,,
,,,,,,,,,,,,,,,,,,,,,,,,,,,,,,,,,,,,,,,,,,,,,,,,,
,,,,,,,,,,,,,,,,,,,,,,,,,,,,,,,,,,,,,,,,,,,,,,,,,
,,,,,,,,,,,,,,,,,,,,,,,,,,,,,,,,,,,,,,,,,,,,,,,,,
,,,,,,,,,,,,,,,,,,,,,,,,,,,,,,,,,,,,,,,,,,,,,,,,,
,,,,,,,,,,,,,,,,,,,,,,,,,,,,,,,,,,,,,,,,,,,,,,,,,
,,,,,,,,,,,,,,,,,,,,,,,,,,,,,,,,,,,,,,,,,,,,,,,,,
,,,,,,,,,,,,,,,,,,,,,,,,,,,,,,,,,,,,,,,,,,,,,,,,,
,,,,,,,,,,,,,,,,,,,,,,,,,,,,,,,,,,,,,,,,,,,,,,,,,
,,,,,,,,,,,,,,,,,,,,,,,,,,,,,,,,,,,,,,,,,,,,,,,,,
,,,,,,,,,,,,,,,,,,,,,,,,,,,,,,,,,,,,,,,,,,,,,,,,,
,,,,,,,,,,,,,,,,,,,,,,,,,,,,,,,,,,,,,,,,,,,,,,,,,
,,,,,,,,,,,,,,,,,,,,,,,,,,,,,,,,,,,,,,,,,,,,,,,,,
,,,,,,,,,,,,,,,,,,,,,,,,,,,,,,,,,,,,,,,,,,,,,,,,,
,,,,,,,,,,,,,,,,,,,,,,,,,,,,,,,,,,,,,,,,,,,,,,,,,
,,,,,,,,,,,,,,,,,,,,,,,,,,,,,,,,,,,,,,,,,,,,,,,,,
,,,,,,,,,,,,,,,,,,,,,,,,,,,,,,,,,,,,,,,,,,,,,,,,,
,,,,,,,,,,,,,,,,,,,,,,,,,,,,,,,,,,,,,,,,,,,,,,,,,
,,,,,,,,,,,,,,,,,,,,,,,,,,,,,,,,,,,,,,,,,,,,,,,,,
,,,,,,,,,,,,,,,,,,,,,,,,,,,,,,,,,,,,,,,,,,,,,,,,,
,,,,,,,,,,,,,,,,,,,,,,,,,,,,,,,,,,,,,,,,,,,,,,,,,
,,,,,,,,,,,,,,,,,,,,,,,,,,,,,,,,,,,,,,,,,,,,,,,,,
,,,,,,,,,,,,,,,,,,,,,,,,,,,,,,,,,,,,,,,,,,,,,,,,,
,,,,,,,,,,,,,,,,,,,,,,,,,,,,,,,,,,,,,,,,,,,,,,,,,
,,,,,,,,,,,,,,,,,,,,,,,,,,,,,,,,,,,,,,,,,,,,,,,,,
,,,,,,,,,,,,,,,,,,,,,,,,,,,,,,,,,,,,,,,,,,,,,,,,,
,,,,,,,,,,,,,,,,,,,,,,,,,,,,,,,,,,,,,,,,,,,,,,,,,
,,,,,,,,,,,,,,,,,,,,,,,,,,,,,,,,,,,,,,,,,,,,,,,,,
,,,,,,,,,,,,,,,,,,,,,,,,,,,,,,,,,,,,,,,,,,,,,,,,,
,,,,,,,,,,,,,,,,,,,,,,,,,,,,,,,,,,,,,,,,,,,,,,,,,
,,,,,,,,,,,,,,,,,,,,,,,,,,,,,,,,,,,,,,,,,,,,,,,,,
,,,,,,,,,,,,,,,,,,,,,,,,,,,,,,,,,,,,,,,,,,,,,,,,,
,,,,,,,,,,,,,,,,,,,,,,,,,,,,,,,,,,,,,,,,,,,,,,,,,
,,,,,,,,,,,,,,,,,,,,,,,,,,,,,,,,,,,,,,,,,,,,,,,,,
,,,,,,,,,,,,,,,,,,,,,,,,,,,,,,,,,,,,,,,,,,,,,,,,,
,,,,,,,,,,,,,,,,,,,,,,,,,,,,,,,,,,,,,,,,,,,,,,,,,
,,,,,,,,,,,,,,,,,,,,,,,,,,,,,,,,,,,,,,,,,,,,,,,,,
,,,,,,,,,,,,,,,,,,,,,,,,,,,,,,,,,,,,,,,,,,,,,,,,,
,,,,,,,,,,,,,,,,,,,,,,,,,,,,,,,,,,,,,,,,,,,,,,,,,
,,,,,,,,,,,,,,,,,,,,,,,,,,,,,,,,,,,,,,,,,,,,,,,,,
,,,,,,,,,,,,,,,,,,,,,,,,,,,,,,,,,,,,,,,,,,,,,,,,,
,,,,,,,,,,,,,,,,,,,,,,,,,,,,,,,,,,,,,,,,,,,,,,,,,
,,,,,,,,,,,,,,,,,,,,,,,,,,,,,,,,,,,,,,,,,,,,,,,,,
,,,,,,,,,,,,,,,,,,,,,,,,,,,,,,,,,,,,,,,,,,,,,,,,,
,,,,,,,,,,,,,,,,,,,,,,,,,,,,,,,,,,,,,,,,,,,,,,,,,
,,,,,,,,,,,,,,,,,,,,,,,,,,,,,,,,,,,,,,,,,,,,,,,,,
,,,,,,,,,,,,,,,,,,,,,,,,,,,,,,,,,,,,,,,,,,,,,,,,,
,,,,,,,,,,,,,,,,,,,,,,,,,,,,,,,,,,,,,,,,,,,,,,,,,
,,,,,,,,,,,,,,,,,,,,,,,,,,,,,,,,,,,,,,,,,,,,,,,,,
,,,,,,,,,,,,,,,,,,,,,,,,,,,,,,,,,,,,,,,,,,,,,,,,,
,,,,,,,,,,,,,,,,,,,,,,,,,,,,,,,,,,,,,,,,,,,,,,,,,
,,,,,,,,,,,,,,,,,,,,,,,,,,,,,,,,,,,,,,,,,,,,,,,,,
,,,,,,,,,,,,,,,,,,,,,,,,,,,,,,,,,,,,,,,,,,,,,,,,,
,,,,,,,,,,,,,,,,,,,,,,,,,,,,,,,,,,,,,,,,,,,,,,,,,
,,,,,,,,,,,,,,,,,,,,,,,,,,,,,,,,,,,,,,,,,,,,,,,,,
,,,,,,,,,,,,,,,,,,,,,,,,,,,,,,,,,,,,,,,,,,,,,,,,,
,,,,,,,,,,,,,,,,,,,,,,,,,,,,,,,,,,,,,,,,,,,,,,,,,
,,,,,,,,,,,,,,,,,,,,,,,,,,,,,,,,,,,,,,,,,,,,,,,,,
,,,,,,,,,,,,,,,,,,,,,,,,,,,,,,,,,,,,,,,,,,,,,,,,,
,,,,,,,,,,,,,,,,,,,,,,,,,,,,,,,,,,,,,,,,,,,,,,,,,
,,,,,,,,,,,,,,,,,,,,,,,,,,,,,,,,,,,,,,,,,,,,,,,,,
,,,,,,,,,,,,,,,,,,,,,,,,,,,,,,,,,,,,,,,,,,,,,,,,,
,,,,,,,,,,,,,,,,,,,,,,,,,,,,,,,,,,,,,,,,,,,,,,,,,
,,,,,,,,,,,,,,,,,,,,,,,,,,,,,,,,,,,,,,,,,,,,,,,,,
,,,,,,,,,,,,,,,,,,,,,,,,,,,,,,,,,,,,,,,,,,,,,,,,,
,,,,,,,,,,,,,,,,,,,,,,,,,,,,,,,,,,,,,,,,,,,,,,,,,
,,,,,,,,,,,,,,,,,,,,,,,,,,,,,,,,,,,,,,,,,,,,,,,,,
,,,,,,,,,,,,,,,,,,,,,,,,,,,,,,,,,,,,,,,,,,,,,,,,,
,,,,,,,,,,,,,,,,,,,,,,,,,,,,,,,,,,,,,,,,,,,,,,,,,
,,,,,,,,,,,,,,,,,,,,,,,,,,,,,,,,,,,,,,,,,,,,,,,,,
,,,,,,,,,,,,,,,,,,,,,,,,,,,,,,,,,,,,,,,,,,,,,,,,,
,,,,,,,,,,,,,,,,,,,,,,,,,,,,,,,,,,,,,,,,,,,,,,,,,
,,,,,,,,,,,,,,,,,,,,,,,,,,,,,,,,,,,,,,,,,,,,,,,,,
,,,,,,,,,,,,,,,,,,,,,,,,,,,,,,,,,,,,,,,,,,,,,,,,,
,,,,,,,,,,,,,,,,,,,,,,,,,,,,,,,,,,,,,,,,,,,,,,,,,
,,,,,,,,,,,,,,,,,,,,,,,,,,,,,,,,,,,,,,,,,,,,,,,,,
,,,,,,,,,,,,,,,,,,,,,,,,,,,,,,,,,,,,,,,,,,,,,,,,,
,,,,,,,,,,,,,,,,,,,,,,,,,,,,,,,,,,,,,,,,,,,,,,,,,
,,,,,,,,,,,,,,,,,,,,,,,,,,,,,,,,,,,,,,,,,,,,,,,,,
,,,,,,,,,,,,,,,,,,,,,,,,,,,,,,,,,,,,,,,,,,,,,,,,,
,,,,,,,,,,,,,,,,,,,,,,,,,,,,,,,,,,,,,,,,,,,,,,,,,
,,,,,,,,,,,,,,,,,,,,,,,,,,,,,,,,,,,,,,,,,,,,,,,,,
,,,,,,,,,,,,,,,,,,,,,,,,,,,,,,,,,,,,,,,,,,,,,,,,,
,,,,,,,,,,,,,,,,,,,,,,,,,,,,,,,,,,,,,,,,,,,,,,,,,
,,,,,,,,,,,,,,,,,,,,,,,,,,,,,,,,,,,,,,,,,,,,,,,,,
,,,,,,,,,,,,,,,,,,,,,,,,,,,,,,,,,,,,,,,,,,,,,,,,,
,,,,,,,,,,,,,,,,,,,,,,,,,,,,,,,,,,,,,,,,,,,,,,,,,
,,,,,,,,,,,,,,,,,,,,,,,,,,,,,,,,,,,,,,,,,,,,,,,,,
,,,,,,,,,,,,,,,,,,,,,,,,,,,,,,,,,,,,,,,,,,,,,,,,,
,,,,,,,,,,,,,,,,,,,,,,,,,,,,,,,,,,,,,,,,,,,,,,,,,
,,,,,,,,,,,,,,,,,,,,,,,,,,,,,,,,,,,,,,,,,,,,,,,,,
,,,,,,,,,,,,,,,,,,,,,,,,,,,,,,,,,,,,,,,,,,,,,,,,,
,,,,,,,,,,,,,,,,,,,,,,,,,,,,,,,,,,,,,,,,,,,,,,,,,
,,,,,,,,,,,,,,,,,,,,,,,,,,,,,,,,,,,,,,,,,,,,,,,,,
,,,,,,,,,,,,,,,,,,,,,,,,,,,,,,,,,,,,,,,,,,,,,,,,,
,,,,,,,,,,,,,,,,,,,,,,,,,,,,,,,,,,,,,,,,,,,,,,,,,
,,,,,,,,,,,,,,,,,,,,,,,,,,,,,,,,,,,,,,,,,,,,,,,,,
,,,,,,,,,,,,,,,,,,,,,,,,,,,,,,,,,,,,,,,,,,,,,,,,,
,,,,,,,,,,,,,,,,,,,,,,,,,,,,,,,,,,,,,,,,,,,,,,,,,
,,,,,,,,,,,,,,,,,,,,,,,,,,,,,,,,,,,,,,,,,,,,,,,,,
,,,,,,,,,,,,,,,,,,,,,,,,,,,,,,,,,,,,,,,,,,,,,,,,,
,,,,,,,,,,,,,,,,,,,,,,,,,,,,,,,,,,,,,,,,,,,,,,,,,
,,,,,,,,,,,,,,,,,,,,,,,,,,,,,,,,,,,,,,,,,,,,,,,,,
,,,,,,,,,,,,,,,,,,,,,,,,,,,,,,,,,,,,,,,,,,,,,,,,,
,,,,,,,,,,,,,,,,,,,,,,,,,,,,,,,,,,,,,,,,,,,,,,,,,
,,,,,,,,,,,,,,,,,,,,,,,,,,,,,,,,,,,,,,,,,,,,,,,,,
,,,,,,,,,,,,,,,,,,,,,,,,,,,,,,,,,,,,,,,,,,,,,,,,,
,,,,,,,,,,,,,,,,,,,,,,,,,,,,,,,,,,,,,,,,,,,,,,,,,
,,,,,,,,,,,,,,,,,,,,,,,,,,,,,,,,,,,,,,,,,,,,,,,,,
,,,,,,,,,,,,,,,,,,,,,,,,,,,,,,,,,,,,,,,,,,,,,,,,,
,,,,,,,,,,,,,,,,,,,,,,,,,,,,,,,,,,,,,,,,,,,,,,,,,
,,,,,,,,,,,,,,,,,,,,,,,,,,,,,,,,,,,,,,,,,,,,,,,,,
,,,,,,,,,,,,,,,,,,,,,,,,,,,,,,,,,,,,,,,,,,,,,,,,,
,,,,,,,,,,,,,,,,,,,,,,,,,,,,,,,,,,,,,,,,,,,,,,,,,
,,,,,,,,,,,,,,,,,,,,,,,,,,,,,,,,,,,,,,,,,,,,,,,,,
,,,,,,,,,,,,,,,,,,,,,,,,,,,,,,,,,,,,,,,,,,,,,,,,,
,,,,,,,,,,,,,,,,,,,,,,,,,,,,,,,,,,,,,,,,,,,,,,,,,
,,,,,,,,,,,,,,,,,,,,,,,,,,,,,,,,,,,,,,,,,,,,,,,,,
,,,,,,,,,,,,,,,,,,,,,,,,,,,,,,,,,,,,,,,,,,,,,,,,,
,,,,,,,,,,,,,,,,,,,,,,,,,,,,,,,,,,,,,,,,,,,,,,,,,
,,,,,,,,,,,,,,,,,,,,,,,,,,,,,,,,,,,,,,,,,,,,,,,,,
,,,,,,,,,,,,,,,,,,,,,,,,,,,,,,,,,,,,,,,,,,,,,,,,,
,,,,,,,,,,,,,,,,,,,,,,,,,,,,,,,,,,,,,,,,,,,,,,,,,
,,,,,,,,,,,,,,,,,,,,,,,,,,,,,,,,,,,,,,,,,,,,,,,,,
,,,,,,,,,,,,,,,,,,,,,,,,,,,,,,,,,,,,,,,,,,,,,,,,,
,,,,,,,,,,,,,,,,,,,,,,,,,,,,,,,,,,,,,,,,,,,,,,,,,
,,,,,,,,,,,,,,,,,,,,,,,,,,,,,,,,,,,,,,,,,,,,,,,,,
,,,,,,,,,,,,,,,,,,,,,,,,,,,,,,,,,,,,,,,,,,,,,,,,,
,,,,,,,,,,,,,,,,,,,,,,,,,,,,,,,,,,,,,,,,,,,,,,,,,
,,,,,,,,,,,,,,,,,,,,,,,,,,,,,,,,,,,,,,,,,,,,,,,,,
,,,,,,,,,,,,,,,,,,,,,,,,,,,,,,,,,,,,,,,,,,,,,,,,,
,,,,,,,,,,,,,,,,,,,,,,,,,,,,,,,,,,,,,,,,,,,,,,,,,
,,,,,,,,,,,,,,,,,,,,,,,,,,,,,,,,,,,,,,,,,,,,,,,,,
,,,,,,,,,,,,,,,,,,,,,,,,,,,,,,,,,,,,,,,,,,,,,,,,,
,,,,,,,,,,,,,,,,,,,,,,,,,,,,,,,,,,,,,,,,,,,,,,,,,
,,,,,,,,,,,,,,,,,,,,,,,,,,,,,,,,,,,,,,,,,,,,,,,,,
,,,,,,,,,,,,,,,,,,,,,,,,,,,,,,,,,,,,,,,,,,,,,,,,,
,,,,,,,,,,,,,,,,,,,,,,,,,,,,,,,,,,,,,,,,,,,,,,,,,
,,,,,,,,,,,,,,,,,,,,,,,,,,,,,,,,,,,,,,,,,,,,,,,,,
,,,,,,,,,,,,,,,,,,,,,,,,,,,,,,,,,,,,,,,,,,,,,,,,,
,,,,,,,,,,,,,,,,,,,,,,,,,,,,,,,,,,,,,,,,,,,,,,,,,
,,,,,,,,,,,,,,,,,,,,,,,,,,,,,,,,,,,,,,,,,,,,,,,,,
,,,,,,,,,,,,,,,,,,,,,,,,,,,,,,,,,,,,,,,,,,,,,,,,,
,,,,,,,,,,,,,,,,,,,,,,,,,,,,,,,,,,,,,,,,,,,,,,,,,
,,,,,,,,,,,,,,,,,,,,,,,,,,,,,,,,,,,,,,,,,,,,,,,,,
,,,,,,,,,,,,,,,,,,,,,,,,,,,,,,,,,,,,,,,,,,,,,,,,,
,,,,,,,,,,,,,,,,,,,,,,,,,,,,,,,,,,,,,,,,,,,,,,,,,
,,,,,,,,,,,,,,,,,,,,,,,,,,,,,,,,,,,,,,,,,,,,,,,,,
,,,,,,,,,,,,,,,,,,,,,,,,,,,,,,,,,,,,,,,,,,,,,,,,,
,,,,,,,,,,,,,,,,,,,,,,,,,,,,,,,,,,,,,,,,,,,,,,,,,
,,,,,,,,,,,,,,,,,,,,,,,,,,,,,,,,,,,,,,,,,,,,,,,,,
,,,,,,,,,,,,,,,,,,,,,,,,,,,,,,,,,,,,,,,,,,,,,,,,,
,,,,,,,,,,,,,,,,,,,,,,,,,,,,,,,,,,,,,,,,,,,,,,,,,
,,,,,,,,,,,,,,,,,,,,,,,,,,,,,,,,,,,,,,,,,,,,,,,,,
,,,,,,,,,,,,,,,,,,,,,,,,,,,,,,,,,,,,,,,,,,,,,,,,,
,,,,,,,,,,,,,,,,,,,,,,,,,,,,,,,,,,,,,,,,,,,,,,,,,
,,,,,,,,,,,,,,,,,,,,,,,,,,,,,,,,,,,,,,,,,,,,,,,,,
,,,,,,,,,,,,,,,,,,,,,,,,,,,,,,,,,,,,,,,,,,,,,,,,,
